candidate_id,param_id,scenario_name,settings_file,map_id,movement_model,n_hosts,end_time_s,end_time_hours,group_structure,transmit_range_m,buffer_size,router,rng_seed,scenario_index
C57614,P57614,SV1_C57614,scenario_space_v1/settings/SV1_C57614.settings,KumpulaCampus,ShortestPathMapBasedMovement,30,7200,2.0,single_homogeneous,50,50M,EpidemicRouter,58614,57614
C61898,P61898,SV1_C61898,scenario_space_v1/settings/SV1_C61898.settings,KumpulaCampus,ShortestPathMapBasedMovement,120,7200,2.0,cluster_nomadic,5,50M,EpidemicRouter,62898,61898
C91218,P91218,SV1_C91218,scenario_space_v1/settings/SV1_C91218.settings,NuuksioSparseTrails,MapRouteMovement,150,7200,2.0,single_homogeneous,100,50M,EpidemicRouter,92218,91218
C72119,P72119,SV1_C72119,scenario_space_v1/settings/SV1_C72119.settings,ManhattanMidtownGrid,MapRouteMovement,30,7200,2.0,cluster_nomadic,200,100M,EpidemicRouter,73119,72119
C45105,P45105,SV1_C45105,scenario_space_v1/settings/SV1_C45105.settings,KallioCommunityCompact,MapRouteMovement,60,7200,2.0,cluster_nomadic,20,20M,EpidemicRouter,46105,45105
C17446,P17446,SV1_C17446,scenario_space_v1/settings/SV1_C17446.settings,HelsinkiDisrupted,ShortestPathMapBasedMovement,80,7200,2.0,pedestrian_transit,200,50M,EpidemicRouter,18446,17446
C45057,P45057,SV1_C45057,scenario_space_v1/settings/SV1_C45057.settings,KallioCommunityCompact,MapRouteMovement,60,7200,2.0,pedestrian_vehicle,20,20M,EpidemicRouter,46057,45057
C55229,P55229,SV1_C55229,scenario_space_v1/settings/SV1_C55229.settings,KallioCommunityCompact,ShortestPathMapBasedMovement,150,7200,2.0,pedestrian_transit,10,20M,EpidemicRouter,56229,55229
C67902,P67902,SV1_C67902,scenario_space_v1/settings/SV1_C67902.settings,ManhattanMidtownGrid,BusMovement,80,7200,2.0,cluster_nomadic,10,50M,EpidemicRouter,68902,67902
C08477,P08477,SV1_C08477,scenario_space_v1/settings/SV1_C08477.settings,HelsinkiDisrupted,MapRouteMovement,50,7200,2.0,pedestrian_shortestpath_heterogeneous,10,20M,EpidemicRouter,9477,8477
C97804,P97804,SV1_C97804,scenario_space_v1/settings/SV1_C97804.settings,NuuksioSparseTrails,ShortestPathMapBasedMovement,120,7200,2.0,single_homogeneous,10,5M,EpidemicRouter,98804,97804
C77425,P77425,SV1_C77425,scenario_space_v1/settings/SV1_C77425.settings,ManhattanMidtownGrid,MapRouteMovement,200,7200,2.0,pedestrian_transit,5,20M,EpidemicRouter,78425,77425
C87055,P87055,SV1_C87055,scenario_space_v1/settings/SV1_C87055.settings,NuuksioSparseTrails,MapRouteMovement,40,7200,2.0,pedestrian_vehicle,10,100M,EpidemicRouter,88055,87055
C06692,P06692,SV1_C06692,scenario_space_v1/settings/SV1_C06692.settings,HelsinkiDisrupted,ClusterMovement,300,7200,2.0,pedestrian_shortestpath_heterogeneous,200,5M,EpidemicRouter,7692,6692
C68486,P68486,SV1_C68486,scenario_space_v1/settings/SV1_C68486.settings,ManhattanMidtownGrid,BusMovement,100,7200,2.0,pedestrian_shortestpath_heterogeneous,50,50M,EpidemicRouter,69486,68486
C49862,P49862,SV1_C49862,scenario_space_v1/settings/SV1_C49862.settings,KallioCommunityCompact,MapRouteMovement,300,7200,2.0,pedestrian_vehicle,50,50M,EpidemicRouter,50862,49862
C54094,P54094,SV1_C54094,scenario_space_v1/settings/SV1_C54094.settings,KallioCommunityCompact,ShortestPathMapBasedMovement,100,7200,2.0,pedestrian_shortestpath_heterogeneous,200,50M,EpidemicRouter,55094,54094
C11491,P11491,SV1_C11491,scenario_space_v1/settings/SV1_C11491.settings,HelsinkiDisrupted,MapRouteMovement,120,7200,2.0,pedestrian_shortestpath_heterogeneous,100,100M,EpidemicRouter,12491,11491
C25892,P25892,SV1_C25892,scenario_space_v1/settings/SV1_C25892.settings,HelsinkiDowntown,BusMovement,120,7200,2.0,pedestrian_shortestpath_heterogeneous,200,5M,EpidemicRouter,26892,25892
C80487,P80487,SV1_C80487,scenario_space_v1/settings/SV1_C80487.settings,ManhattanMidtownGrid,ShortestPathMapBasedMovement,50,7200,2.0,pedestrian_shortestpath_heterogeneous,50,100M,EpidemicRouter,81487,80487
C45003,P45003,SV1_C45003,scenario_space_v1/settings/SV1_C45003.settings,KallioCommunityCompact,MapRouteMovement,60,7200,2.0,single_homogeneous,5,100M,EpidemicRouter,46003,45003
C15038,P15038,SV1_C15038,scenario_space_v1/settings/SV1_C15038.settings,HelsinkiDisrupted,ShortestPathMapBasedMovement,40,7200,2.0,pedestrian_transit,50,50M,EpidemicRouter,16038,15038
C07247,P07247,SV1_C07247,scenario_space_v1/settings/SV1_C07247.settings,HelsinkiDisrupted,MapRouteMovement,30,7200,2.0,pedestrian_transit,200,100M,EpidemicRouter,8247,7247
C38421,P38421,SV1_C38421,scenario_space_v1/settings/SV1_C38421.settings,HelsinkiDowntown,WorkingDayMovement,70,7200,2.0,single_homogeneous,200,20M,EpidemicRouter,39421,38421
C51715,P51715,SV1_C51715,scenario_space_v1/settings/SV1_C51715.settings,KallioCommunityCompact,ShortestPathMapBasedMovement,50,7200,2.0,cluster_nomadic,100,100M,EpidemicRouter,52715,51715
C10867,P10867,SV1_C10867,scenario_space_v1/settings/SV1_C10867.settings,HelsinkiDisrupted,MapRouteMovement,100,7200,2.0,pedestrian_vehicle,100,100M,EpidemicRouter,11867,10867
C68516,P68516,SV1_C68516,scenario_space_v1/settings/SV1_C68516.settings,ManhattanMidtownGrid,BusMovement,100,7200,2.0,cluster_nomadic,200,5M,EpidemicRouter,69516,68516
C32476,P32476,SV1_C32476,scenario_space_v1/settings/SV1_C32476.settings,HelsinkiDowntown,ShortestPathMapBasedMovement,100,7200,2.0,pedestrian_shortestpath_heterogeneous,10,5M,EpidemicRouter,33476,32476
C07222,P07222,SV1_C07222,scenario_space_v1/settings/SV1_C07222.settings,HelsinkiDisrupted,MapRouteMovement,30,7200,2.0,single_homogeneous,200,50M,EpidemicRouter,8222,7222
C00639,P00639,SV1_C00639,scenario_space_v1/settings/SV1_C00639.settings,HelsinkiDisrupted,ClusterMovement,40,7200,2.0,pedestrian_transit,50,100M,EpidemicRouter,1639,639
C26486,P26486,SV1_C26486,scenario_space_v1/settings/SV1_C26486.settings,HelsinkiDowntown,BusMovement,150,7200,2.0,pedestrian_shortestpath_heterogeneous,50,50M,EpidemicRouter,27486,26486
C35422,P35422,SV1_C35422,scenario_space_v1/settings/SV1_C35422.settings,HelsinkiDowntown,ShortestPathMapBasedMovement,300,7200,2.0,single_homogeneous,200,50M,EpidemicRouter,36422,35422
C06030,P06030,SV1_C06030,scenario_space_v1/settings/SV1_C06030.settings,HelsinkiDisrupted,ClusterMovement,250,7200,2.0,pedestrian_transit,10,50M,EpidemicRouter,7030,6030
C50476,P50476,SV1_C50476,scenario_space_v1/settings/SV1_C50476.settings,KallioCommunityCompact,ShortestPathMapBasedMovement,30,7200,2.0,pedestrian_shortestpath_heterogeneous,10,5M,EpidemicRouter,51476,50476
C48074,P48074,SV1_C48074,scenario_space_v1/settings/SV1_C48074.settings,KallioCommunityCompact,MapRouteMovement,150,7200,2.0,pedestrian_shortestpath_heterogeneous,5,50M,EpidemicRouter,49074,48074
C00609,P00609,SV1_C00609,scenario_space_v1/settings/SV1_C00609.settings,HelsinkiDisrupted,ClusterMovement,40,7200,2.0,single_homogeneous,20,20M,EpidemicRouter,1609,609
C28305,P28305,SV1_C28305,scenario_space_v1/settings/SV1_C28305.settings,HelsinkiDowntown,BusMovement,300,7200,2.0,cluster_nomadic,20,20M,EpidemicRouter,29305,28305
C19835,P19835,SV1_C19835,scenario_space_v1/settings/SV1_C19835.settings,HelsinkiDisrupted,ShortestPathMapBasedMovement,200,7200,2.0,pedestrian_transit,20,100M,EpidemicRouter,20835,19835
C31887,P31887,SV1_C31887,scenario_space_v1/settings/SV1_C31887.settings,HelsinkiDowntown,ShortestPathMapBasedMovement,80,7200,2.0,pedestrian_shortestpath_heterogeneous,50,100M,EpidemicRouter,32887,31887
C89505,P89505,SV1_C89505,scenario_space_v1/settings/SV1_C89505.settings,NuuksioSparseTrails,MapRouteMovement,80,7200,2.0,cluster_nomadic,20,20M,EpidemicRouter,90505,89505
C61882,P61882,SV1_C61882,scenario_space_v1/settings/SV1_C61882.settings,KumpulaCampus,ShortestPathMapBasedMovement,120,7200,2.0,pedestrian_shortestpath_heterogeneous,20,50M,EpidemicRouter,62882,61882
C92465,P92465,SV1_C92465,scenario_space_v1/settings/SV1_C92465.settings,NuuksioSparseTrails,MapRouteMovement,250,7200,2.0,pedestrian_vehicle,100,20M,EpidemicRouter,93465,92465
C98488,P98488,SV1_C98488,scenario_space_v1/settings/SV1_C98488.settings,NuuksioSparseTrails,ShortestPathMapBasedMovement,150,7200,2.0,pedestrian_shortestpath_heterogeneous,100,5M,EpidemicRouter,99488,98488
C18690,P18690,SV1_C18690,scenario_space_v1/settings/SV1_C18690.settings,HelsinkiDisrupted,ShortestPathMapBasedMovement,120,7200,2.0,pedestrian_shortestpath_heterogeneous,100,50M,EpidemicRouter,19690,18690
C25816,P25816,SV1_C25816,scenario_space_v1/settings/SV1_C25816.settings,HelsinkiDowntown,BusMovement,120,7200,2.0,single_homogeneous,100,5M,EpidemicRouter,26816,25816
C53435,P53435,SV1_C53435,scenario_space_v1/settings/SV1_C53435.settings,KallioCommunityCompact,ShortestPathMapBasedMovement,80,7200,2.0,pedestrian_transit,20,100M,EpidemicRouter,54435,53435
C97827,P97827,SV1_C97827,scenario_space_v1/settings/SV1_C97827.settings,NuuksioSparseTrails,ShortestPathMapBasedMovement,120,7200,2.0,pedestrian_transit,5,100M,EpidemicRouter,98827,97827
C06619,P06619,SV1_C06619,scenario_space_v1/settings/SV1_C06619.settings,HelsinkiDisrupted,ClusterMovement,300,7200,2.0,single_homogeneous,100,100M,EpidemicRouter,7619,6619
C12027,P12027,SV1_C12027,scenario_space_v1/settings/SV1_C12027.settings,HelsinkiDisrupted,MapRouteMovement,150,7200,2.0,pedestrian_transit,5,100M,EpidemicRouter,13027,12027
C99714,P99714,SV1_C99714,scenario_space_v1/settings/SV1_C99714.settings,NuuksioSparseTrails,ShortestPathMapBasedMovement,250,7200,2.0,cluster_nomadic,100,50M,EpidemicRouter,100714,99714
C68401,P68401,SV1_C68401,scenario_space_v1/settings/SV1_C68401.settings,ManhattanMidtownGrid,BusMovement,100,7200,2.0,single_homogeneous,5,20M,EpidemicRouter,69401,68401
C70821,P70821,SV1_C70821,scenario_space_v1/settings/SV1_C70821.settings,ManhattanMidtownGrid,BusMovement,250,7200,2.0,single_homogeneous,200,20M,EpidemicRouter,71821,70821
C94823,P94823,SV1_C94823,scenario_space_v1/settings/SV1_C94823.settings,NuuksioSparseTrails,ShortestPathMapBasedMovement,50,7200,2.0,single_homogeneous,200,100M,EpidemicRouter,95823,94823
C85873,P85873,SV1_C85873,scenario_space_v1/settings/SV1_C85873.settings,ManhattanMidtownGrid,ShortestPathMapBasedMovement,300,7200,2.0,pedestrian_shortestpath_heterogeneous,5,20M,EpidemicRouter,86873,85873
C10868,P10868,SV1_C10868,scenario_space_v1/settings/SV1_C10868.settings,HelsinkiDisrupted,MapRouteMovement,100,7200,2.0,pedestrian_vehicle,200,5M,EpidemicRouter,11868,10868
C30116,P30116,SV1_C30116,scenario_space_v1/settings/SV1_C30116.settings,HelsinkiDowntown,ShortestPathMapBasedMovement,50,7200,2.0,cluster_nomadic,200,5M,EpidemicRouter,31116,30116
C13808,P13808,SV1_C13808,scenario_space_v1/settings/SV1_C13808.settings,HelsinkiDisrupted,MapRouteMovement,300,7200,2.0,single_homogeneous,20,5M,EpidemicRouter,14808,13808
C02436,P02436,SV1_C02436,scenario_space_v1/settings/SV1_C02436.settings,HelsinkiDisrupted,ClusterMovement,70,7200,2.0,pedestrian_transit,50,5M,EpidemicRouter,3436,2436
C48044,P48044,SV1_C48044,scenario_space_v1/settings/SV1_C48044.settings,KallioCommunityCompact,MapRouteMovement,150,7200,2.0,pedestrian_transit,200,5M,EpidemicRouter,49044,48044
C99633,P99633,SV1_C99633,scenario_space_v1/settings/SV1_C99633.settings,NuuksioSparseTrails,ShortestPathMapBasedMovement,250,7200,2.0,pedestrian_transit,20,20M,EpidemicRouter,100633,99633
C24632,P24632,SV1_C24632,scenario_space_v1/settings/SV1_C24632.settings,HelsinkiDowntown,BusMovement,80,7200,2.0,pedestrian_transit,20,5M,EpidemicRouter,25632,24632
C91878,P91878,SV1_C91878,scenario_space_v1/settings/SV1_C91878.settings,NuuksioSparseTrails,MapRouteMovement,200,7200,2.0,pedestrian_shortestpath_heterogeneous,10,50M,EpidemicRouter,92878,91878
C64291,P64291,SV1_C64291,scenario_space_v1/settings/SV1_C64291.settings,KumpulaCampus,ShortestPathMapBasedMovement,300,7200,2.0,pedestrian_shortestpath_heterogeneous,100,100M,EpidemicRouter,65291,64291
C70295,P70295,SV1_C70295,scenario_space_v1/settings/SV1_C70295.settings,ManhattanMidtownGrid,BusMovement,200,7200,2.0,pedestrian_shortestpath_heterogeneous,200,100M,EpidemicRouter,71295,70295
C57005,P57005,SV1_C57005,scenario_space_v1/settings/SV1_C57005.settings,KallioCommunityCompact,ShortestPathMapBasedMovement,300,7200,2.0,single_homogeneous,10,20M,EpidemicRouter,58005,57005
C78647,P78647,SV1_C78647,scenario_space_v1/settings/SV1_C78647.settings,ManhattanMidtownGrid,MapRouteMovement,300,7200,2.0,pedestrian_transit,200,100M,EpidemicRouter,79647,78647
C35488,P35488,SV1_C35488,scenario_space_v1/settings/SV1_C35488.settings,HelsinkiDowntown,ShortestPathMapBasedMovement,300,7200,2.0,pedestrian_shortestpath_heterogeneous,100,5M,EpidemicRouter,36488,35488
C25314,P25314,SV1_C25314,scenario_space_v1/settings/SV1_C25314.settings,HelsinkiDowntown,BusMovement,100,7200,2.0,cluster_nomadic,100,50M,EpidemicRouter,26314,25314
C13293,P13293,SV1_C13293,scenario_space_v1/settings/SV1_C13293.settings,HelsinkiDisrupted,MapRouteMovement,250,7200,2.0,pedestrian_shortestpath_heterogeneous,200,20M,EpidemicRouter,14293,13293
C24015,P24015,SV1_C24015,scenario_space_v1/settings/SV1_C24015.settings,HelsinkiDowntown,BusMovement,70,7200,2.0,single_homogeneous,50,100M,EpidemicRouter,25015,24015
C94311,P94311,SV1_C94311,scenario_space_v1/settings/SV1_C94311.settings,NuuksioSparseTrails,ShortestPathMapBasedMovement,40,7200,2.0,cluster_nomadic,50,100M,EpidemicRouter,95311,94311
C41411,P41411,SV1_C41411,scenario_space_v1/settings/SV1_C41411.settings,HelsinkiDowntown,WorkingDayMovement,200,7200,2.0,single_homogeneous,20,100M,EpidemicRouter,42411,41411
C10303,P10303,SV1_C10303,scenario_space_v1/settings/SV1_C10303.settings,HelsinkiDisrupted,MapRouteMovement,80,7200,2.0,cluster_nomadic,10,100M,EpidemicRouter,11303,10303
C87694,P87694,SV1_C87694,scenario_space_v1/settings/SV1_C87694.settings,NuuksioSparseTrails,MapRouteMovement,50,7200,2.0,pedestrian_shortestpath_heterogeneous,200,50M,EpidemicRouter,88694,87694
C49319,P49319,SV1_C49319,scenario_space_v1/settings/SV1_C49319.settings,KallioCommunityCompact,MapRouteMovement,250,7200,2.0,cluster_nomadic,200,100M,EpidemicRouter,50319,49319
C58288,P58288,SV1_C58288,scenario_space_v1/settings/SV1_C58288.settings,KumpulaCampus,ShortestPathMapBasedMovement,40,7200,2.0,pedestrian_shortestpath_heterogeneous,100,5M,EpidemicRouter,59288,58288
C05446,P05446,SV1_C05446,scenario_space_v1/settings/SV1_C05446.settings,HelsinkiDisrupted,ClusterMovement,200,7200,2.0,pedestrian_transit,200,50M,EpidemicRouter,6446,5446
C80473,P80473,SV1_C80473,scenario_space_v1/settings/SV1_C80473.settings,ManhattanMidtownGrid,ShortestPathMapBasedMovement,50,7200,2.0,pedestrian_shortestpath_heterogeneous,5,20M,EpidemicRouter,81473,80473
C99046,P99046,SV1_C99046,scenario_space_v1/settings/SV1_C99046.settings,NuuksioSparseTrails,ShortestPathMapBasedMovement,200,7200,2.0,pedestrian_transit,200,50M,EpidemicRouter,100046,99046
C70815,P70815,SV1_C70815,scenario_space_v1/settings/SV1_C70815.settings,ManhattanMidtownGrid,BusMovement,250,7200,2.0,single_homogeneous,50,100M,EpidemicRouter,71815,70815
C28240,P28240,SV1_C28240,scenario_space_v1/settings/SV1_C28240.settings,HelsinkiDowntown,BusMovement,300,7200,2.0,pedestrian_transit,100,5M,EpidemicRouter,29240,28240
C07204,P07204,SV1_C07204,scenario_space_v1/settings/SV1_C07204.settings,HelsinkiDisrupted,MapRouteMovement,30,7200,2.0,single_homogeneous,10,5M,EpidemicRouter,8204,7204
C57108,P57108,SV1_C57108,scenario_space_v1/settings/SV1_C57108.settings,KallioCommunityCompact,ShortestPathMapBasedMovement,300,7200,2.0,cluster_nomadic,50,5M,EpidemicRouter,58108,57108
C34919,P34919,SV1_C34919,scenario_space_v1/settings/SV1_C34919.settings,HelsinkiDowntown,ShortestPathMapBasedMovement,250,7200,2.0,cluster_nomadic,200,100M,EpidemicRouter,35919,34919
C55847,P55847,SV1_C55847,scenario_space_v1/settings/SV1_C55847.settings,KallioCommunityCompact,ShortestPathMapBasedMovement,200,7200,2.0,pedestrian_transit,200,100M,EpidemicRouter,56847,55847
C55287,P55287,SV1_C55287,scenario_space_v1/settings/SV1_C55287.settings,KallioCommunityCompact,ShortestPathMapBasedMovement,150,7200,2.0,pedestrian_shortestpath_heterogeneous,50,100M,EpidemicRouter,56287,55287
C70883,P70883,SV1_C70883,scenario_space_v1/settings/SV1_C70883.settings,ManhattanMidtownGrid,BusMovement,250,7200,2.0,pedestrian_shortestpath_heterogeneous,20,100M,EpidemicRouter,71883,70883
C67823,P67823,SV1_C67823,scenario_space_v1/settings/SV1_C67823.settings,ManhattanMidtownGrid,BusMovement,80,7200,2.0,single_homogeneous,200,100M,EpidemicRouter,68823,67823
C01884,P01884,SV1_C01884,scenario_space_v1/settings/SV1_C01884.settings,HelsinkiDisrupted,ClusterMovement,60,7200,2.0,pedestrian_shortestpath_heterogeneous,50,5M,EpidemicRouter,2884,1884
C13272,P13272,SV1_C13272,scenario_space_v1/settings/SV1_C13272.settings,HelsinkiDisrupted,MapRouteMovement,250,7200,2.0,pedestrian_shortestpath_heterogeneous,5,5M,EpidemicRouter,14272,13272
C93637,P93637,SV1_C93637,scenario_space_v1/settings/SV1_C93637.settings,NuuksioSparseTrails,ShortestPathMapBasedMovement,30,7200,2.0,pedestrian_transit,50,20M,EpidemicRouter,94637,93637
C49823,P49823,SV1_C49823,scenario_space_v1/settings/SV1_C49823.settings,KallioCommunityCompact,MapRouteMovement,300,7200,2.0,single_homogeneous,200,100M,EpidemicRouter,50823,49823
C70889,P70889,SV1_C70889,scenario_space_v1/settings/SV1_C70889.settings,ManhattanMidtownGrid,BusMovement,250,7200,2.0,pedestrian_shortestpath_heterogeneous,100,20M,EpidemicRouter,71889,70889
C72038,P72038,SV1_C72038,scenario_space_v1/settings/SV1_C72038.settings,ManhattanMidtownGrid,MapRouteMovement,30,7200,2.0,pedestrian_transit,50,50M,EpidemicRouter,73038,72038
C06075,P06075,SV1_C06075,scenario_space_v1/settings/SV1_C06075.settings,HelsinkiDisrupted,ClusterMovement,250,7200,2.0,pedestrian_shortestpath_heterogeneous,5,100M,EpidemicRouter,7075,6075
C99691,P99691,SV1_C99691,scenario_space_v1/settings/SV1_C99691.settings,NuuksioSparseTrails,ShortestPathMapBasedMovement,250,7200,2.0,pedestrian_shortestpath_heterogeneous,100,100M,EpidemicRouter,100691,99691
C22895,P22895,SV1_C22895,scenario_space_v1/settings/SV1_C22895.settings,HelsinkiDowntown,BusMovement,50,7200,2.0,pedestrian_shortestpath_heterogeneous,200,100M,EpidemicRouter,23895,22895
