feature_set,threshold,policy,shuffle_seed,manifest_scenarios,duplicates_removed,unique_vectors,selected,retention_manifest_pct,retention_unique_pct,max_abs_r,pairs_above_threshold,elapsed_s,out_dir
full46,0.7,strict,0,100800,23040,77760,156,0.15476190476190477,0.2006172839506173,0.6998775445600183,0,10.54885196685791,/home/raul/Documents/the-one/scenarios/scenario_space_v1/pruning/full46_r070/seed_000
full46,0.7,strict,1,100800,23040,77760,151,0.1498015873015873,0.19418724279835392,0.6997599768641627,0,10.10027551651001,/home/raul/Documents/the-one/scenarios/scenario_space_v1/pruning/full46_r070/seed_001
full46,0.7,strict,2,100800,23040,77760,151,0.1498015873015873,0.19418724279835392,0.6999279140840635,0,10.2392418384552,/home/raul/Documents/the-one/scenarios/scenario_space_v1/pruning/full46_r070/seed_002
full46,0.7,strict,3,100800,23040,77760,148,0.14682539682539683,0.19032921810699588,0.6999073432065883,0,10.420738220214844,/home/raul/Documents/the-one/scenarios/scenario_space_v1/pruning/full46_r070/seed_003
full46,0.7,strict,4,100800,23040,77760,155,0.15376984126984128,0.1993312757201646,0.6999621332610386,0,10.230021715164185,/home/raul/Documents/the-one/scenarios/scenario_space_v1/pruning/full46_r070/seed_004
full46,0.7,strict,5,100800,23040,77760,149,0.14781746031746032,0.19161522633744857,0.6997780379042929,0,10.25265908241272,/home/raul/Documents/the-one/scenarios/scenario_space_v1/pruning/full46_r070/seed_005
full46,0.7,strict,6,100800,23040,77760,147,0.14583333333333334,0.18904320987654322,0.6997240876726741,0,10.405495405197144,/home/raul/Documents/the-one/scenarios/scenario_space_v1/pruning/full46_r070/seed_006
full46,0.7,strict,7,100800,23040,77760,148,0.14682539682539683,0.19032921810699588,0.699741405246034,0,10.403996706008911,/home/raul/Documents/the-one/scenarios/scenario_space_v1/pruning/full46_r070/seed_007
full46,0.7,strict,8,100800,23040,77760,149,0.14781746031746032,0.19161522633744857,0.6993909405417803,0,9.823529243469238,/home/raul/Documents/the-one/scenarios/scenario_space_v1/pruning/full46_r070/seed_008
full46,0.7,strict,9,100800,23040,77760,157,0.15575396825396826,0.20190329218106995,0.6996669344963077,0,10.16288161277771,/home/raul/Documents/the-one/scenarios/scenario_space_v1/pruning/full46_r070/seed_009
full46,0.7,strict,10,100800,23040,77760,151,0.1498015873015873,0.19418724279835392,0.6999451209828192,0,9.961999893188477,/home/raul/Documents/the-one/scenarios/scenario_space_v1/pruning/full46_r070/seed_010
full46,0.7,strict,11,100800,23040,77760,152,0.15079365079365079,0.19547325102880658,0.6996581098824581,0,9.909757614135742,/home/raul/Documents/the-one/scenarios/scenario_space_v1/pruning/full46_r070/seed_011
full46,0.7,strict,12,100800,23040,77760,151,0.1498015873015873,0.19418724279835392,0.6997195555310227,0,9.905996799468994,/home/raul/Documents/the-one/scenarios/scenario_space_v1/pruning/full46_r070/seed_012
full46,0.7,strict,13,100800,23040,77760,156,0.15476190476190477,0.2006172839506173,0.6999664725126247,0,9.880614995956421,/home/raul/Documents/the-one/scenarios/scenario_space_v1/pruning/full46_r070/seed_013
full46,0.7,strict,14,100800,23040,77760,151,0.1498015873015873,0.19418724279835392,0.6999024531668153,0,9.827891826629639,/home/raul/Documents/the-one/scenarios/scenario_space_v1/pruning/full46_r070/seed_014
full46,0.7,strict,15,100800,23040,77760,152,0.15079365079365079,0.19547325102880658,0.69981520475494,0,9.965152740478516,/home/raul/Documents/the-one/scenarios/scenario_space_v1/pruning/full46_r070/seed_015
full46,0.7,strict,16,100800,23040,77760,150,0.1488095238095238,0.19290123456790123,0.699871173316979,0,10.00777292251587,/home/raul/Documents/the-one/scenarios/scenario_space_v1/pruning/full46_r070/seed_016
full46,0.7,strict,17,100800,23040,77760,151,0.1498015873015873,0.19418724279835392,0.6998224380090896,0,9.894482374191284,/home/raul/Documents/the-one/scenarios/scenario_space_v1/pruning/full46_r070/seed_017
full46,0.7,strict,18,100800,23040,77760,150,0.1488095238095238,0.19290123456790123,0.6999931504404229,0,9.95676565170288,/home/raul/Documents/the-one/scenarios/scenario_space_v1/pruning/full46_r070/seed_018
full46,0.7,strict,19,100800,23040,77760,150,0.1488095238095238,0.19290123456790123,0.6999281406174547,0,10.07768988609314,/home/raul/Documents/the-one/scenarios/scenario_space_v1/pruning/full46_r070/seed_019
full46,0.7,strict,20,100800,23040,77760,146,0.14484126984126985,0.18775720164609053,0.6998865359161996,0,9.798560857772827,/home/raul/Documents/the-one/scenarios/scenario_space_v1/pruning/full46_r070/seed_020
full46,0.7,strict,21,100800,23040,77760,148,0.14682539682539683,0.19032921810699588,0.6997513311012195,0,10.201778888702393,/home/raul/Documents/the-one/scenarios/scenario_space_v1/pruning/full46_r070/seed_021
full46,0.7,strict,22,100800,23040,77760,145,0.14384920634920634,0.18647119341563786,0.699977298832634,0,9.976590156555176,/home/raul/Documents/the-one/scenarios/scenario_space_v1/pruning/full46_r070/seed_022
full46,0.7,strict,23,100800,23040,77760,146,0.14484126984126985,0.18775720164609053,0.6999156608671431,0,10.17198657989502,/home/raul/Documents/the-one/scenarios/scenario_space_v1/pruning/full46_r070/seed_023
full46,0.7,strict,24,100800,23040,77760,151,0.1498015873015873,0.19418724279835392,0.6997778050849236,0,9.975464105606079,/home/raul/Documents/the-one/scenarios/scenario_space_v1/pruning/full46_r070/seed_024
full46,0.7,strict,25,100800,23040,77760,149,0.14781746031746032,0.19161522633744857,0.6997834510383849,0,10.168476819992065,/home/raul/Documents/the-one/scenarios/scenario_space_v1/pruning/full46_r070/seed_025
full46,0.7,strict,26,100800,23040,77760,149,0.14781746031746032,0.19161522633744857,0.6998655197032296,0,10.031701564788818,/home/raul/Documents/the-one/scenarios/scenario_space_v1/pruning/full46_r070/seed_026
full46,0.7,strict,27,100800,23040,77760,149,0.14781746031746032,0.19161522633744857,0.6998418787969973,0,10.226300954818726,/home/raul/Documents/the-one/scenarios/scenario_space_v1/pruning/full46_r070/seed_027
full46,0.7,strict,28,100800,23040,77760,147,0.14583333333333334,0.18904320987654322,0.699630539339978,0,10.352075815200806,/home/raul/Documents/the-one/scenarios/scenario_space_v1/pruning/full46_r070/seed_028
full46,0.7,strict,29,100800,23040,77760,144,0.14285714285714285,0.18518518518518517,0.699898411194241,0,10.144310235977173,/home/raul/Documents/the-one/scenarios/scenario_space_v1/pruning/full46_r070/seed_029
full46,0.7,strict,30,100800,23040,77760,151,0.1498015873015873,0.19418724279835392,0.6998309749879328,0,10.60279631614685,/home/raul/Documents/the-one/scenarios/scenario_space_v1/pruning/full46_r070/seed_030
full46,0.7,strict,31,100800,23040,77760,148,0.14682539682539683,0.19032921810699588,0.699719904673103,0,10.63840365409851,/home/raul/Documents/the-one/scenarios/scenario_space_v1/pruning/full46_r070/seed_031
full46,0.7,strict,32,100800,23040,77760,152,0.15079365079365079,0.19547325102880658,0.6998630020322072,0,10.235548973083496,/home/raul/Documents/the-one/scenarios/scenario_space_v1/pruning/full46_r070/seed_032
full46,0.7,strict,33,100800,23040,77760,156,0.15476190476190477,0.2006172839506173,0.6999110857232793,0,10.44778037071228,/home/raul/Documents/the-one/scenarios/scenario_space_v1/pruning/full46_r070/seed_033
full46,0.7,strict,34,100800,23040,77760,142,0.14087301587301587,0.18261316872427982,0.699967749579712,0,10.008165121078491,/home/raul/Documents/the-one/scenarios/scenario_space_v1/pruning/full46_r070/seed_034
full46,0.7,strict,35,100800,23040,77760,155,0.15376984126984128,0.1993312757201646,0.6999979772227549,0,10.382171392440796,/home/raul/Documents/the-one/scenarios/scenario_space_v1/pruning/full46_r070/seed_035
full46,0.7,strict,36,100800,23040,77760,150,0.1488095238095238,0.19290123456790123,0.6999915644560224,0,10.07953953742981,/home/raul/Documents/the-one/scenarios/scenario_space_v1/pruning/full46_r070/seed_036
full46,0.7,strict,37,100800,23040,77760,150,0.1488095238095238,0.19290123456790123,0.6999719277646606,0,10.517724752426147,/home/raul/Documents/the-one/scenarios/scenario_space_v1/pruning/full46_r070/seed_037
full46,0.7,strict,38,100800,23040,77760,157,0.15575396825396826,0.20190329218106995,0.6999559725349117,0,10.620143413543701,/home/raul/Documents/the-one/scenarios/scenario_space_v1/pruning/full46_r070/seed_038
full46,0.7,strict,39,100800,23040,77760,153,0.15178571428571427,0.19675925925925927,0.6999637050591732,0,10.096171140670776,/home/raul/Documents/the-one/scenarios/scenario_space_v1/pruning/full46_r070/seed_039
full46,0.7,strict,40,100800,23040,77760,153,0.15178571428571427,0.19675925925925927,0.6999250461283991,0,10.200806379318237,/home/raul/Documents/the-one/scenarios/scenario_space_v1/pruning/full46_r070/seed_040
full46,0.7,strict,41,100800,23040,77760,147,0.14583333333333334,0.18904320987654322,0.6996611425913992,0,10.334812641143799,/home/raul/Documents/the-one/scenarios/scenario_space_v1/pruning/full46_r070/seed_041
full46,0.7,strict,42,100800,23040,77760,148,0.14682539682539683,0.19032921810699588,0.6999002121310844,0,9.992356061935425,/home/raul/Documents/the-one/scenarios/scenario_space_v1/pruning/full46_r070/seed_042
full46,0.7,strict,43,100800,23040,77760,153,0.15178571428571427,0.19675925925925927,0.6995471020481587,0,9.82007098197937,/home/raul/Documents/the-one/scenarios/scenario_space_v1/pruning/full46_r070/seed_043
full46,0.7,strict,44,100800,23040,77760,150,0.1488095238095238,0.19290123456790123,0.6998418386398557,0,9.872072458267212,/home/raul/Documents/the-one/scenarios/scenario_space_v1/pruning/full46_r070/seed_044
full46,0.7,strict,45,100800,23040,77760,153,0.15178571428571427,0.19675925925925927,0.6998306569980863,0,10.495063543319702,/home/raul/Documents/the-one/scenarios/scenario_space_v1/pruning/full46_r070/seed_045
full46,0.7,strict,46,100800,23040,77760,144,0.14285714285714285,0.18518518518518517,0.6996203013486941,0,10.329894065856934,/home/raul/Documents/the-one/scenarios/scenario_space_v1/pruning/full46_r070/seed_046
full46,0.7,strict,47,100800,23040,77760,148,0.14682539682539683,0.19032921810699588,0.6998452922662818,0,11.201106548309326,/home/raul/Documents/the-one/scenarios/scenario_space_v1/pruning/full46_r070/seed_047
full46,0.7,strict,48,100800,23040,77760,155,0.15376984126984128,0.1993312757201646,0.6997807329715571,0,10.711565017700195,/home/raul/Documents/the-one/scenarios/scenario_space_v1/pruning/full46_r070/seed_048
full46,0.7,strict,49,100800,23040,77760,155,0.15376984126984128,0.1993312757201646,0.6999375519274574,0,11.127247333526611,/home/raul/Documents/the-one/scenarios/scenario_space_v1/pruning/full46_r070/seed_049
full46,0.7,strict,50,100800,23040,77760,154,0.1527777777777778,0.19804526748971193,0.6997253661246639,0,10.56017804145813,/home/raul/Documents/the-one/scenarios/scenario_space_v1/pruning/full46_r070/seed_050
full46,0.7,strict,51,100800,23040,77760,151,0.1498015873015873,0.19418724279835392,0.6996981649990766,0,10.716148614883423,/home/raul/Documents/the-one/scenarios/scenario_space_v1/pruning/full46_r070/seed_051
full46,0.7,strict,52,100800,23040,77760,154,0.1527777777777778,0.19804526748971193,0.6999588887384598,0,10.585994243621826,/home/raul/Documents/the-one/scenarios/scenario_space_v1/pruning/full46_r070/seed_052
full46,0.7,strict,53,100800,23040,77760,151,0.1498015873015873,0.19418724279835392,0.6999948605320888,0,10.880610466003418,/home/raul/Documents/the-one/scenarios/scenario_space_v1/pruning/full46_r070/seed_053
full46,0.7,strict,54,100800,23040,77760,153,0.15178571428571427,0.19675925925925927,0.6999394944909996,0,10.846469402313232,/home/raul/Documents/the-one/scenarios/scenario_space_v1/pruning/full46_r070/seed_054
full46,0.7,strict,55,100800,23040,77760,151,0.1498015873015873,0.19418724279835392,0.6996155119986637,0,10.494371891021729,/home/raul/Documents/the-one/scenarios/scenario_space_v1/pruning/full46_r070/seed_055
full46,0.7,strict,56,100800,23040,77760,150,0.1488095238095238,0.19290123456790123,0.6997939903868242,0,9.999392747879028,/home/raul/Documents/the-one/scenarios/scenario_space_v1/pruning/full46_r070/seed_056
full46,0.7,strict,57,100800,23040,77760,148,0.14682539682539683,0.19032921810699588,0.6999868092922191,0,9.8261559009552,/home/raul/Documents/the-one/scenarios/scenario_space_v1/pruning/full46_r070/seed_057
full46,0.7,strict,58,100800,23040,77760,146,0.14484126984126985,0.18775720164609053,0.6997373862713803,0,9.92166018486023,/home/raul/Documents/the-one/scenarios/scenario_space_v1/pruning/full46_r070/seed_058
full46,0.7,strict,59,100800,23040,77760,158,0.15674603174603174,0.20318930041152264,0.69987815296716,0,10.580411911010742,/home/raul/Documents/the-one/scenarios/scenario_space_v1/pruning/full46_r070/seed_059
full46,0.7,strict,60,100800,23040,77760,151,0.1498015873015873,0.19418724279835392,0.6997897785112314,0,10.077864408493042,/home/raul/Documents/the-one/scenarios/scenario_space_v1/pruning/full46_r070/seed_060
full46,0.7,strict,61,100800,23040,77760,156,0.15476190476190477,0.2006172839506173,0.699951501546326,0,10.139599800109863,/home/raul/Documents/the-one/scenarios/scenario_space_v1/pruning/full46_r070/seed_061
full46,0.7,strict,62,100800,23040,77760,147,0.14583333333333334,0.18904320987654322,0.6995732982338284,0,10.290313720703125,/home/raul/Documents/the-one/scenarios/scenario_space_v1/pruning/full46_r070/seed_062
full46,0.7,strict,63,100800,23040,77760,147,0.14583333333333334,0.18904320987654322,0.6999757824043533,0,9.922701358795166,/home/raul/Documents/the-one/scenarios/scenario_space_v1/pruning/full46_r070/seed_063
full46,0.7,strict,64,100800,23040,77760,147,0.14583333333333334,0.18904320987654322,0.6999544049926747,0,10.08342981338501,/home/raul/Documents/the-one/scenarios/scenario_space_v1/pruning/full46_r070/seed_064
full46,0.7,strict,65,100800,23040,77760,143,0.14186507936507936,0.1838991769547325,0.6997607609589747,0,9.87288761138916,/home/raul/Documents/the-one/scenarios/scenario_space_v1/pruning/full46_r070/seed_065
full46,0.7,strict,66,100800,23040,77760,148,0.14682539682539683,0.19032921810699588,0.6999129812528372,0,10.381174564361572,/home/raul/Documents/the-one/scenarios/scenario_space_v1/pruning/full46_r070/seed_066
full46,0.7,strict,67,100800,23040,77760,148,0.14682539682539683,0.19032921810699588,0.6997590445159299,0,10.831873655319214,/home/raul/Documents/the-one/scenarios/scenario_space_v1/pruning/full46_r070/seed_067
full46,0.7,strict,68,100800,23040,77760,154,0.1527777777777778,0.19804526748971193,0.699637194481682,0,10.515918731689453,/home/raul/Documents/the-one/scenarios/scenario_space_v1/pruning/full46_r070/seed_068
full46,0.7,strict,69,100800,23040,77760,149,0.14781746031746032,0.19161522633744857,0.6999841673742263,0,10.77612829208374,/home/raul/Documents/the-one/scenarios/scenario_space_v1/pruning/full46_r070/seed_069
full46,0.7,strict,70,100800,23040,77760,153,0.15178571428571427,0.19675925925925927,0.6999088740246437,0,10.85211730003357,/home/raul/Documents/the-one/scenarios/scenario_space_v1/pruning/full46_r070/seed_070
full46,0.7,strict,71,100800,23040,77760,155,0.15376984126984128,0.1993312757201646,0.6999111420625772,0,10.245796918869019,/home/raul/Documents/the-one/scenarios/scenario_space_v1/pruning/full46_r070/seed_071
full46,0.7,strict,72,100800,23040,77760,149,0.14781746031746032,0.19161522633744857,0.6997034322610003,0,10.525464296340942,/home/raul/Documents/the-one/scenarios/scenario_space_v1/pruning/full46_r070/seed_072
full46,0.7,strict,73,100800,23040,77760,151,0.1498015873015873,0.19418724279835392,0.6997931814080459,0,10.711673736572266,/home/raul/Documents/the-one/scenarios/scenario_space_v1/pruning/full46_r070/seed_073
full46,0.7,strict,74,100800,23040,77760,155,0.15376984126984128,0.1993312757201646,0.6998427210747772,0,10.572543382644653,/home/raul/Documents/the-one/scenarios/scenario_space_v1/pruning/full46_r070/seed_074
full46,0.7,strict,75,100800,23040,77760,146,0.14484126984126985,0.18775720164609053,0.6998656072563554,0,10.574561357498169,/home/raul/Documents/the-one/scenarios/scenario_space_v1/pruning/full46_r070/seed_075
full46,0.7,strict,76,100800,23040,77760,150,0.1488095238095238,0.19290123456790123,0.6999567482593888,0,10.508476495742798,/home/raul/Documents/the-one/scenarios/scenario_space_v1/pruning/full46_r070/seed_076
full46,0.7,strict,77,100800,23040,77760,147,0.14583333333333334,0.18904320987654322,0.6997533954657421,0,10.387692928314209,/home/raul/Documents/the-one/scenarios/scenario_space_v1/pruning/full46_r070/seed_077
full46,0.7,strict,78,100800,23040,77760,145,0.14384920634920634,0.18647119341563786,0.6998847144212569,0,10.033266544342041,/home/raul/Documents/the-one/scenarios/scenario_space_v1/pruning/full46_r070/seed_078
full46,0.7,strict,79,100800,23040,77760,145,0.14384920634920634,0.18647119341563786,0.6999724839416622,0,10.576016426086426,/home/raul/Documents/the-one/scenarios/scenario_space_v1/pruning/full46_r070/seed_079
full46,0.7,strict,80,100800,23040,77760,148,0.14682539682539683,0.19032921810699588,0.6997541639154348,0,10.359466314315796,/home/raul/Documents/the-one/scenarios/scenario_space_v1/pruning/full46_r070/seed_080
full46,0.7,strict,81,100800,23040,77760,151,0.1498015873015873,0.19418724279835392,0.6999353245130958,0,10.152965307235718,/home/raul/Documents/the-one/scenarios/scenario_space_v1/pruning/full46_r070/seed_081
full46,0.7,strict,82,100800,23040,77760,145,0.14384920634920634,0.18647119341563786,0.699853033544923,0,11.589876890182495,/home/raul/Documents/the-one/scenarios/scenario_space_v1/pruning/full46_r070/seed_082
full46,0.7,strict,83,100800,23040,77760,156,0.15476190476190477,0.2006172839506173,0.6999575830462074,0,11.10684061050415,/home/raul/Documents/the-one/scenarios/scenario_space_v1/pruning/full46_r070/seed_083
full46,0.7,strict,84,100800,23040,77760,147,0.14583333333333334,0.18904320987654322,0.6999509747439517,0,11.091699600219727,/home/raul/Documents/the-one/scenarios/scenario_space_v1/pruning/full46_r070/seed_084
full46,0.7,strict,85,100800,23040,77760,151,0.1498015873015873,0.19418724279835392,0.6998211761504171,0,10.25630521774292,/home/raul/Documents/the-one/scenarios/scenario_space_v1/pruning/full46_r070/seed_085
full46,0.7,strict,86,100800,23040,77760,151,0.1498015873015873,0.19418724279835392,0.6998353827078867,0,10.960024356842041,/home/raul/Documents/the-one/scenarios/scenario_space_v1/pruning/full46_r070/seed_086
full46,0.7,strict,87,100800,23040,77760,147,0.14583333333333334,0.18904320987654322,0.6999064535311462,0,10.54377293586731,/home/raul/Documents/the-one/scenarios/scenario_space_v1/pruning/full46_r070/seed_087
full46,0.7,strict,88,100800,23040,77760,149,0.14781746031746032,0.19161522633744857,0.699887043784106,0,10.455845594406128,/home/raul/Documents/the-one/scenarios/scenario_space_v1/pruning/full46_r070/seed_088
full46,0.7,strict,89,100800,23040,77760,155,0.15376984126984128,0.1993312757201646,0.6999855218299935,0,10.574041843414307,/home/raul/Documents/the-one/scenarios/scenario_space_v1/pruning/full46_r070/seed_089
full46,0.7,strict,90,100800,23040,77760,150,0.1488095238095238,0.19290123456790123,0.6998768677941605,0,10.625536918640137,/home/raul/Documents/the-one/scenarios/scenario_space_v1/pruning/full46_r070/seed_090
full46,0.7,strict,91,100800,23040,77760,149,0.14781746031746032,0.19161522633744857,0.6998431738317912,0,10.886263608932495,/home/raul/Documents/the-one/scenarios/scenario_space_v1/pruning/full46_r070/seed_091
full46,0.7,strict,92,100800,23040,77760,143,0.14186507936507936,0.1838991769547325,0.6994509511223035,0,10.47740125656128,/home/raul/Documents/the-one/scenarios/scenario_space_v1/pruning/full46_r070/seed_092
full46,0.7,strict,93,100800,23040,77760,147,0.14583333333333334,0.18904320987654322,0.6997522569096812,0,10.339461088180542,/home/raul/Documents/the-one/scenarios/scenario_space_v1/pruning/full46_r070/seed_093
full46,0.7,strict,94,100800,23040,77760,144,0.14285714285714285,0.18518518518518517,0.6999783345490638,0,10.211105823516846,/home/raul/Documents/the-one/scenarios/scenario_space_v1/pruning/full46_r070/seed_094
full46,0.7,strict,95,100800,23040,77760,154,0.1527777777777778,0.19804526748971193,0.6997872086717263,0,10.11422085762024,/home/raul/Documents/the-one/scenarios/scenario_space_v1/pruning/full46_r070/seed_095
full46,0.7,strict,96,100800,23040,77760,150,0.1488095238095238,0.19290123456790123,0.6996896674327272,0,10.511765956878662,/home/raul/Documents/the-one/scenarios/scenario_space_v1/pruning/full46_r070/seed_096
full46,0.7,strict,97,100800,23040,77760,147,0.14583333333333334,0.18904320987654322,0.6999473319525782,0,10.670074939727783,/home/raul/Documents/the-one/scenarios/scenario_space_v1/pruning/full46_r070/seed_097
full46,0.7,strict,98,100800,23040,77760,145,0.14384920634920634,0.18647119341563786,0.6996737157045668,0,10.01203727722168,/home/raul/Documents/the-one/scenarios/scenario_space_v1/pruning/full46_r070/seed_098
full46,0.7,strict,99,100800,23040,77760,153,0.15178571428571427,0.19675925925925927,0.6992226629738175,0,10.651474475860596,/home/raul/Documents/the-one/scenarios/scenario_space_v1/pruning/full46_r070/seed_099
