,U1_CBD_Commuting_HelsinkiMedium,U2_SparseSuburb_HelsinkiMedium,U3_MicroMobility_HelsinkiMedium,U4_CongestionHotspot_HelsinkiMedium,U5_WorkdayShort_HelsinkiMedium,U6_OfficeWaitHeavyTail_HelsinkiMedium,U7_HighTimeVariance_HelsinkiMedium,C1_Campus_ClassChange,C2_ExamDay_LongStays,C3_Hackathon_24h,C4_Stadium_IngressEgress,C5_Library_Quiet,C6_EmergencyDrill_Evacuation,V1_TaxiLow_HelsinkiMedium,V2_TaxiHigh_HelsinkiMedium,V3_BusOnlyCarriers_HelsinkiMedium,V4_CarOwnership_0_HelsinkiMedium,V5_CarOwnership_100_HelsinkiMedium,R10_TinyRange_5m,R11_SpeedExtremeLow,R12_SpeedExtremeHigh,R1_Rural_RandomWaypoint,R2_VillagesTrails_ThreeClusters,R3_WildlifeTracking,R4_ParkRangers_HelsinkiMedium,R5_MountainRescue,R6_SparseLongRange,R7_SparseTinyBuffer,R8_IntermittentPower,R9_ExtremeRange_200m,D1_ShelterHotspots_Clusters,D2_PartitionedCity_MuleBridge,D3_Aftershock_ErraticMobility,D4_MedicalTriage_TwoClasses,D5_UAVMule_FastRoute_HelsinkiMedium,D6_ShortTtlCritical_5to10min,D7_HighLoad_TrafficStorm,D8_InfrastructureReturns_BackboneLinks,D9_Critical_1minTTL,S1_StrongCommunities_SeparateClusters,S2_WeakCommunities_HighMixing,S3_PeriodicMeetings_RegularRhythm,S4_RandomMixing_NoHotspots,S5_TwoLayer_StudentsStaff,S6_FamilyGroups_SmallPersistent,T10_HighRateLowSpeed_Congestion,T11_TTL_1min,T12_TTL_Infinite_Buffer200M,T13_Buffer_256k,T14_Buffer_200M,T15_TransmitSpeed_256k,T1_ManySmallMsgs_HighRate,T2_FewHugeMsgs_LowRate,T3_MixedBimodal_SmallAndLarge,T4_VeryShortTtl_5to10min,T5_VeryLongTtl_6to24h,T6_UniformSources_RandomFromTo,T7_TargetedToHubs_FewDestinations,T8_BurstTraffic_TimeWindows,T9_BufferStress_SmallBufferHighTraffic
U1_CBD_Commuting_HelsinkiMedium,,1.7111025705895955e-05,1.0461349519985674e-07,0.00048683999114329524,1.1076808226206936e-07,0.04241684293960879,0.03234606239355875,0.2437878781286631,0.01258192677439851,0.03652872932701201,0.16507635222097106,0.01864481658656514,0.9402455773233562,0.30249282358489094,0.07750428649379115,0.07007194483522605,0.005001162983822693,4.255932093411019e-06,0.005193268964252873,0.04027739910834538,0.1402448879547573,0.524631269099876,0.7345182680624367,0.029160195857319104,0.6878883540716367,0.1979798253932732,0.1782367419008657,0.0722837917445216,0.3811723476654998,0.2496941142798237,0.6685825903239624,0.2025293110952362,0.1403772993136121,0.13767329900810865,0.5260051727528603,0.5063603733664994,0.997556551315463,0.44990434650414657,0.4557672207645793,0.7155191598675119,0.5032226266220237,0.08523110513941567,0.046962320556226844,0.5605852504316506,0.7723302245177117,0.040820986952964766,0.5774076163491246,0.09337730096614072,0.125427774079792,0.09739617257886302,0.3452475986688337,0.056237692114694315,0.40863014669941045,0.17686195296488116,0.05840040775886579,0.03720473028463189,0.07306060666639569,0.039652111910595256,0.032511327574294535,0.06572414220936507
U2_SparseSuburb_HelsinkiMedium,1.7111025705895955e-05,,0.008085382904241545,0.054746808714326356,0.001088885342302559,0.00933781637311748,0.05063991948872526,0.18181620783347574,0.002148508831930851,0.05715773750758757,0.030653321000271738,0.027923909610976905,0.7942557436253197,0.06191423504475391,0.03231106952728591,0.013308175501547836,0.03210022572296278,0.0007635433263297742,0.07913429834103103,0.9225095207007163,0.38138631064660533,0.06500254545530226,0.9452884736613547,0.5813215362454187,0.4502769851086448,0.188838600454325,0.682269538623093,0.6037609972429085,0.6404681363202469,0.5182599199803986,0.39471616467693105,0.14543362295187068,0.04756202220714911,0.06270394451046868,0.38289143910381385,0.091925507862469,0.1890354772600158,0.2569873378574581,0.19101744404489063,0.760768397610667,0.022193018333724224,0.0020318257196505485,0.04009314535905917,0.2871524056893504,0.9568635662699674,0.06803543075940643,0.6753161800859413,0.23973117534135313,0.12968515647648937,0.1226156829389764,0.3617700895374114,0.04108333779446305,0.638604145032891,0.3966351220352409,0.007163330273252555,0.010092530652019205,0.08695610942938692,0.08856018720866765,0.047340346684110024,0.0743985403586036
U3_MicroMobility_HelsinkiMedium,1.0461349519985674e-07,0.008085382904241545,,0.00019340120664801397,7.386546929666338e-10,0.005010007410471973,0.0004881370796399054,0.2586994699633527,0.1296117645324839,0.08693833043332289,0.46650981155746774,0.031034539664616556,0.8608325252989153,0.9038459346403251,0.43472398716867033,0.6771760889544938,0.0006085037792289416,1.3512595742337652e-06,1.0922194944029684e-05,0.0009061076096923415,0.6078342420696572,0.1516102583542971,0.34297267637362383,0.0020620332967313804,0.07540460796935955,0.20154574023749738,0.1305056684929926,0.17247013833605918,0.30682355674010253,0.1735617199731605,0.9356092927969333,0.32798502075752056,0.8170100320584557,0.47496180339293836,0.6209939094857129,0.8962325838059058,0.11286195227097662,0.69675128143514,0.27920758728915085,0.15614922357669303,0.6184737549143624,0.5423786652434905,0.1778518162896825,0.8251932255112877,0.6211299749769597,0.13924134935092658,0.9691144531910802,0.002857866701279077,0.2935787464334474,0.05027807844459997,0.2954380912553196,0.009589203442874839,0.25291113867295834,0.13109774752365833,0.6270412496239439,0.1259142303028402,0.0006286907015764509,0.011153354908197022,0.09610411245036032,0.14476626501793932
U4_CongestionHotspot_HelsinkiMedium,0.00048683999114329524,0.054746808714326356,0.00019340120664801397,,0.00020971828016391747,2.8945612573494373e-09,4.560796185160143e-13,0.04461428005927237,0.0009990637124284163,0.897506483802218,0.08772518281645714,0.001075106474357046,0.5650279531904268,0.9204889188701344,0.5869751792186211,6.43582344084237e-06,9.992007221626409e-15,0.009112352979532057,1.1850831227455672e-07,7.755506147710811e-05,0.9045686125855248,0.08222971745425833,0.11525193681498824,0.0006548345032961755,0.13505970784863774,0.03398941179480497,0.02120400462987604,0.00027823209973809604,0.13299021993625537,0.0320764780524887,0.0765981202313808,0.036880742994624294,0.003599197575721691,0.011700669482972215,0.48502383159172835,0.10037242788423173,0.354426683141837,0.590333150532568,0.1163139093624288,0.3675155718979437,0.004197608991268753,0.0025081245362819082,9.337328219727326e-06,0.09757087985208157,0.31422185365998967,0.00041047959035345194,0.9211381505414868,0.09807164098570165,0.23154873729096614,0.09371607416967564,0.005989984123753844,9.924342608180758e-05,0.18806468169659252,0.2098073433478269,0.003552094671503747,5.5827594601209896e-05,5.270380825317389e-06,0.6153728932540012,0.04559848422724588,6.848396494163467e-05
U5_WorkdayShort_HelsinkiMedium,1.1076808226206936e-07,0.001088885342302559,7.386546929666338e-10,0.00020971828016391747,,0.0034926073916148326,0.0014998615600037013,0.19175875876776405,0.06632435458824948,0.08191117292349182,0.1092352238935217,0.03268597479763824,0.9963834834488798,0.32602985581538846,0.11894257675168385,0.11077504893031187,0.00042566646079089665,2.498296187192217e-05,0.0001966993319246768,0.010103265826412189,0.29476329024305703,0.37209081762345564,0.6151541716766413,0.015095976511140696,0.4887547755718309,0.2530065706742395,0.2522466296045045,0.03791003000254567,0.3893452421286605,0.20501116021411958,0.5322382702263915,0.1425513176687938,0.4797295106271098,0.32088445303685953,0.697868224170259,0.6384008165589563,0.8149107130496742,0.33543245881601536,0.391978187673399,0.8386497062047509,0.15831880165015622,0.21813163439504146,0.00511391870234279,0.29803441516174156,0.7721950744395971,0.03134948184908981,0.9259805347430516,0.07800136994537588,0.14575769138501027,0.28439059866708805,0.3274995417285178,0.002391202712997309,0.44087619260485567,0.16908806537188514,0.15556145127256316,0.14926929929146016,0.003573893533511674,0.008801370457014457,0.07357922800521588,0.00954568531748734
U6_OfficeWaitHeavyTail_HelsinkiMedium,0.04241684293960879,0.00933781637311748,0.005010007410471973,2.8945612573494373e-09,0.0034926073916148326,,6.119136308768702e-10,0.09421857756910268,0.003566294095952438,0.9488873144781227,0.23926967552384926,0.006590333176510033,0.6220319883288359,0.8268863266927509,0.6256219192470407,5.16495806150985e-05,1.6570709677754536e-06,0.03190461738918682,4.561000517488978e-06,0.0005512708705273095,0.9131963480288061,0.12310592372437656,0.16447486541400824,0.0033718550818215842,0.18375187226529444,0.03878577287293461,0.14946290556703357,0.000522854232391623,0.20083160565893143,0.06271679483189274,0.11796667348436829,0.06318211063131196,0.006581128257685309,0.025010865794790726,0.5401037550341061,0.10433202804995445,0.26511865023739234,0.6316605470601471,0.01830904549262624,0.42958686292716486,0.006351220618081133,0.0016037644562687525,3.193962784364679e-05,0.13831082061534605,0.3802243294677443,0.01898323500977983,0.23544302010555973,0.07677374632109779,0.49989924185659906,0.036273054833891205,0.20142903866457096,4.964407487850764e-05,0.17663682859984986,0.6514543448018197,0.0050939111975130125,0.0007405826364741408,2.1149392748887053e-05,0.6548731042843849,0.0831218480698861,0.00024563469454941256
U7_HighTimeVariance_HelsinkiMedium,0.03234606239355875,0.05063991948872526,0.0004881370796399054,4.560796185160143e-13,0.0014998615600037013,6.119136308768702e-10,,0.0769270906421291,0.0049532845795507985,0.911531983884641,0.13385309864558748,0.004045577426125657,0.5958147621008303,0.7821257341633032,0.6770153642695282,8.474164834160192e-05,1.3691492384282355e-11,0.012552545136692572,9.43523026375459e-08,7.586201487286282e-05,0.8016279026311872,0.07466234110341108,0.10764539732999334,0.0011636004696646829,0.1246400962745211,0.058518465957031474,0.1822398901018223,0.0006069310632670355,0.16238479292829444,0.05630680107229358,0.0714699350740009,0.038763519427919446,0.0114570240392311,0.015031741700809897,0.43422011178726505,0.15151326084404237,0.413767540145364,0.5550586510118702,0.00890848941545963,0.33860258169817636,0.0025709526779356118,0.003008427995143226,5.324371051385057e-06,0.16066247875492823,0.3184569186060593,0.022604998606047033,0.1827127728953606,0.08489972821550174,0.30338573902241706,0.01931400828569374,0.23679125995105,6.954011939175331e-06,0.1207571216852823,0.11292740100523346,0.018414759860623242,0.0016596435178450886,2.121546387456874e-07,0.7628808159366669,0.017021681380975373,0.00011846863212250369
C1_Campus_ClassChange,0.2437878781286631,0.18181620783347574,0.2586994699633527,0.04461428005927237,0.19175875876776405,0.09421857756910268,0.0769270906421291,,0.05876866744908216,0.9464081568953688,0.9727576301953307,0.06447570998303442,0.41384334644564924,0.33693740320820376,0.2630285754009971,0.08932306005668389,0.09288961144985719,0.2584558599533988,0.23713847843348113,0.7201522352862035,0.9386354331027098,0.44649411993556853,0.7593645174969565,0.009137709507067715,0.7972365763567746,0.8246316609635072,0.8597616802787864,0.5039541689561795,0.9473975447997312,0.812152961741067,0.8762272267861517,0.6832423204231599,0.826696727182854,0.2526489691033733,0.5374596834002454,0.8518963227375087,0.701013376582651,0.9663855379182436,0.9424659025349547,0.829881506408999,0.12363662519700824,0.5109730489215449,0.14881322914337924,0.6191326822572769,0.7754728122201076,0.5881355690677492,0.794267447283862,0.8050441436933617,0.6753690505260392,0.6437311041392171,0.07295364986325725,0.6292690589524619,0.11808838979081182,0.8249379995778525,0.4965337530521283,0.14867540504645826,0.2880225643253185,0.8329071894492497,0.3199572344080617,0.7103581965688965
C2_ExamDay_LongStays,0.01258192677439851,0.002148508831930851,0.1296117645324839,0.0009990637124284163,0.06632435458824948,0.003566294095952438,0.0049532845795507985,0.05876866744908216,,6.223817587747149e-05,0.7810212788044539,8.881784197001252e-16,0.379859247851845,0.019107055406336393,0.006539868853971287,0.0001716314050312917,0.000743361513048546,0.0074069693532532455,0.01348982592630299,0.15265723653080787,0.1483653540757306,0.40451908207994025,0.6545750787493989,0.00101277957470014,0.36302717614138924,0.05820105620087368,0.9230992369121442,0.21713758059587107,0.9067136852838158,0.6940122423762205,0.44570658078746894,0.5519023900974331,2.3196230913846705e-06,0.849628761293947,0.06831667993597845,0.0722420017176777,0.2807481095494089,0.9141964604134549,0.009705302672642135,0.46035726775666075,0.3470219869025679,6.146082960345467e-07,0.05114171243030485,0.05498958638014595,0.9180233077291238,0.17303545833217227,0.5528649371688328,0.4569740628133325,0.8392789569268784,0.8448003109150237,0.9721797249423427,0.13062400197045054,0.9147774059253719,0.9229278405575521,0.00018213888207396778,3.805290891567559e-05,0.20621474260488792,0.5714916505307119,0.8941239507268977,0.252717117491974
C3_Hackathon_24h,0.03652872932701201,0.05715773750758757,0.08693833043332289,0.897506483802218,0.08191117292349182,0.9488873144781227,0.911531983884641,0.9464081568953688,6.223817587747149e-05,,0.5025393701458043,3.838188300830936e-05,0.23269124591549195,0.08724615020430315,0.059618899183755625,0.5775605793947738,0.9687874732136168,0.02918863385223114,0.2656701129899899,0.3628384562537823,0.1466096489074229,0.5229436122228313,0.6219894105992103,0.006730683193994835,0.4441403060739779,0.01780298645197731,0.7595456703451728,0.9633955207757647,0.7817865120347494,0.6993813824949191,0.23419193259170656,0.8207282048081941,0.1048074688188152,0.19065813548412947,0.11348136446252743,0.004562540466770404,0.002236914279588831,0.8087475180388091,0.35673213147827854,0.2987613049910962,0.6292588347285393,0.13429231122151686,0.5975792123092427,0.6653216739329266,0.9003747861772116,0.9582405337935076,0.896784486760478,0.09736086424169654,0.5073585762021966,0.08633638652863973,0.29485709200755883,0.6496274445473684,0.7563431707564094,0.9707129269648589,0.5311035099337453,0.49724516541388186,0.994064546704934,0.5253122183296279,0.00028091901338278547,0.9794600012350272
C4_Stadium_IngressEgress,0.16507635222097106,0.030653321000271738,0.46650981155746774,0.08772518281645714,0.1092352238935217,0.23926967552384926,0.13385309864558748,0.9727576301953307,0.7810212788044539,0.5025393701458043,,0.6855518551685651,0.06556720565272767,0.029118820778137655,0.0746061876289339,0.7828331013544885,0.09928871270022599,0.17557201381691878,0.10367450026656888,0.025339362633001405,0.3518060534835752,0.026840658342934365,0.1600555084191453,0.07208974063639761,0.04694641873984917,0.1698931597432507,0.08692847710055696,0.03748250158445576,0.6258130014848282,0.6393145721336089,0.5999491961258601,0.6101492798700869,0.2621809671483406,0.08885187731753952,0.15680287490093292,0.02771882291758465,0.015223078808629387,0.7804071259372276,0.6961646037758142,0.46444443689969406,0.8052309250695768,0.5905480781510661,0.3939865470139554,0.4557833618390481,0.2620171552053474,0.24950987785726508,0.9270615146962475,0.010408308715927683,0.9321481678775818,0.028563770074924166,0.15295794491096548,0.4332498807123324,0.7049574542838555,0.8911770043965461,0.5506455977999045,0.12045892105959943,0.3185888830934993,0.6693054984790403,2.8418887554337857e-06,0.3090782437566635
C5_Library_Quiet,0.01864481658656514,0.027923909610976905,0.031034539664616556,0.001075106474357046,0.03268597479763824,0.006590333176510033,0.004045577426125657,0.06447570998303442,8.881784197001252e-16,3.838188300830936e-05,0.6855518551685651,,0.3215906951317775,0.14956916050314595,0.045427215567014345,0.0073491003061347815,0.0021894794996351052,0.02744187530460729,0.003587850830470307,0.019909197445004745,0.3282502282964952,0.7710568827731947,0.5847623144087197,1.3070427411498997e-05,0.8747710300181413,0.7112031950405768,0.6723376633675953,0.27071737403124585,0.7685099596979548,0.9533420083494477,0.6186789566381095,0.8392589138800977,0.0051450805425528046,0.26049923323256197,0.25177796534673846,0.8509592028207338,0.9020087687575278,0.44325991274917076,0.48178452621770296,0.49345727378114956,0.24283870995458878,0.014287601944547035,0.022006093124353088,0.19104290851143313,0.8066284833048449,0.16314467276564892,0.5251130206286563,0.7728270416396956,0.46990797453401734,0.8323970517525128,0.41171551128792094,0.08575148567156043,0.8531770891818606,0.7330291740034043,0.11395394136024861,0.0281580940647419,0.04982462255928288,0.9018001935113538,0.8298791908251855,0.11802472122326502
C6_EmergencyDrill_Evacuation,0.9402455773233562,0.7942557436253197,0.8608325252989153,0.5650279531904268,0.9963834834488798,0.6220319883288359,0.5958147621008303,0.41384334644564924,0.379859247851845,0.23269124591549195,0.06556720565272767,0.3215906951317775,,0.9841766470645972,0.8898400010927254,0.6211936923286192,0.6646777903964314,0.9947903633423465,0.18026479570576126,0.08707005170915072,0.5173915953779205,0.17128921009343157,0.5825507146125453,0.14203603801704,0.5512049801165577,0.5496081892172533,0.39095173717508924,0.15476991418309316,0.6576200461761961,0.3011642853715082,0.7238727968394225,0.693789054369615,0.17549795034715587,0.40880293540127344,0.870972204732829,0.28995146154523166,0.23023456670875442,0.8851316966209242,0.3644003701612637,0.8733691418017346,0.8932222919600143,0.3705131409310576,0.3114045839161548,0.7160360114475603,0.5802024666771843,0.7034984586862301,0.9906572578678241,0.39996301523888067,0.3704583212661978,0.47705963161433473,0.9029697124734781,0.5238944183130305,0.5853034334941167,0.4666821929080618,0.9973235229610471,0.24591932268144157,0.34925735074169184,0.32928069577678554,0.2877805428024205,0.48673201970923974
V1_TaxiLow_HelsinkiMedium,0.30249282358489094,0.06191423504475391,0.9038459346403251,0.9204889188701344,0.32602985581538846,0.8268863266927509,0.7821257341633032,0.33693740320820376,0.019107055406336393,0.08724615020430315,0.029118820778137655,0.14956916050314595,0.9841766470645972,,0.0,0.0636191010852627,0.7950111480879636,0.1985099319242618,0.25138374332621294,0.7121874316953325,0.0029989408638473325,0.6195312842134177,0.663923894837025,0.49637553849731786,6.391105422665078e-10,0.3457790424592537,0.5044351114439207,0.8409422516623053,0.9441260112350305,0.6537545294863916,0.25870812823695255,0.1035106661916605,0.07072942922157166,0.10035501079445952,2.0806676381823763e-08,0.16038101279051697,0.29307923975194305,0.2097973432969198,0.008546956276762163,0.24796217492502892,0.13265670180152922,0.014950297082327646,0.1088973269896627,0.28774321392187785,0.6662451528949456,0.929011408759765,0.31420518003991793,0.15094483461178498,0.35229903411794905,0.20281172493083632,0.07292569419426576,0.4348962618586105,0.7730190696027228,0.6319423902314978,0.13558525898837903,0.19330444957934967,0.2734399309204678,0.19149699739773385,0.1218117054878447,0.7052069910683425
V2_TaxiHigh_HelsinkiMedium,0.07750428649379115,0.03231106952728591,0.43472398716867033,0.5869751792186211,0.11894257675168385,0.6256219192470407,0.6770153642695282,0.2630285754009971,0.006539868853971287,0.059618899183755625,0.0746061876289339,0.045427215567014345,0.8898400010927254,0.0,,0.05004909808845781,0.5724815446119385,0.07831641962277258,0.07397909856961182,0.29153337208917707,6.814101385788085e-05,0.9426141027001704,0.9600802226401317,0.18281185169695524,1.6974828764837468e-07,0.26026047486013515,0.8221937083925306,0.24046412413503138,0.7001851108325226,0.679752279435109,0.34022925172800056,0.11659316264475494,0.055715338758651534,0.11857036098450191,3.120825975422292e-08,0.23956013942746024,0.41875269072562693,0.2552290227751919,0.16793025261932826,0.37850974285069916,0.20418182083203984,0.018512310363543838,0.04017693646460363,0.514356935821338,0.5011004803529628,0.18902733547980644,0.6445025064081391,0.24379002440301134,0.25949709876121396,0.1748509916055052,0.6408602388111786,0.269328412539769,0.7058047828465901,0.45004519607342464,0.029813201649291354,0.059738639287410855,0.3038381443242888,0.13737232633517626,0.060305326498724554,0.2159625949310955
V3_BusOnlyCarriers_HelsinkiMedium,0.07007194483522605,0.013308175501547836,0.6771760889544938,6.43582344084237e-06,0.11077504893031187,5.16495806150985e-05,8.474164834160192e-05,0.08932306005668389,0.0001716314050312917,0.5775605793947738,0.7828331013544885,0.0073491003061347815,0.6211936923286192,0.0636191010852627,0.05004909808845781,,2.6067615901625985e-05,0.0723430429820977,0.0020447280710860216,0.05707153889295968,0.25662659773115104,0.6685192943807912,0.7434430807105457,0.0755030296818544,0.7028864770433361,0.033126862571492666,0.47908232286458086,0.010719588657800205,0.41645954936154905,0.2175433317093889,0.051567574772742875,0.01947260636646453,0.00014581186082551767,0.002633842931817787,0.8519865635192574,0.006756248400112019,0.014812823494176008,0.4635159026892288,0.01512978872573778,0.07100677634233876,0.00013748704507743348,2.8291330287366634e-05,3.200347428577999e-05,0.03524842688860441,0.7240586754420075,0.010078761729564567,0.639876487811641,0.10510969202178155,0.06286829863905163,0.23325218067029652,0.2988135572832211,0.008847358250254844,0.3418083274192043,0.9044983943293441,0.0002321364456545627,0.00014658800737676891,0.00429276471697726,0.056139409875000545,0.6224184269397852,0.0024854685036694857
V4_CarOwnership_0_HelsinkiMedium,0.005001162983822693,0.03210022572296278,0.0006085037792289416,9.992007221626409e-15,0.00042566646079089665,1.6570709677754536e-06,1.3691492384282355e-11,0.09288961144985719,0.000743361513048546,0.9687874732136168,0.09928871270022599,0.0021894794996351052,0.6646777903964314,0.7950111480879636,0.5724815446119385,2.6067615901625985e-05,,0.01001942461797789,5.616913030248583e-07,0.00021324833088809392,0.9614904489934712,0.09704568447386142,0.15511520584934302,0.001904552184742725,0.16693665564511795,0.017203984862519395,0.1427920351232399,0.0025754861159124065,0.17667888619281036,0.1083453412369455,0.09898268990501524,0.039433924896396855,0.0009423285395437908,0.042645440523803035,0.5386655701476426,0.04928480837524085,0.28291350178103714,0.5726714801189179,0.008394466299918024,0.4005107084119297,0.01497613653245966,0.00047803413421609875,0.0001755810012229464,0.09799103590318858,0.3536211668610634,0.010736826041835013,0.46538151493311863,0.19389335038685407,0.27861281639864255,0.1802941081612095,0.08886722226224064,0.0004589384962272458,0.13595846894885577,0.15499370337325002,0.004410173929271233,3.191296495508311e-05,4.150976092853753e-06,0.5902165982051653,0.046763629906045434,0.0015602571973274415
V5_CarOwnership_100_HelsinkiMedium,4.255932093411019e-06,0.0007635433263297742,1.3512595742337652e-06,0.009112352979532057,2.498296187192217e-05,0.03190461738918682,0.012552545136692572,0.2584558599533988,0.0074069693532532455,0.02918863385223114,0.17557201381691878,0.02744187530460729,0.9947903633423465,0.1985099319242618,0.07831641962277258,0.0723430429820977,0.01001942461797789,,0.01674425674415092,0.06810077882610233,0.11319362536338318,0.5652443869875432,0.8048952070877342,0.0404543267652131,0.7547117069510239,0.12636750448654088,0.396992002232206,0.11398553237472275,0.4515966033804635,0.37247447435491865,0.7783985572780958,0.27190987178493486,0.05443394421003167,0.08348362594540193,0.4835386861382829,0.34892429352774035,0.7881184599479218,0.5461562113728877,0.11174667885305922,0.6441667504848736,0.7566821630598635,0.025909535485488355,0.11750100118520068,0.7113097419670229,0.8082940976880948,0.24980276507008314,0.7797608985037217,0.10664842189089474,0.08002397303291198,0.1007347737170583,0.9527483700418826,0.1121359722645503,0.4369746688182541,0.22352781300443336,0.03973130699839644,0.020931011039475145,0.11594031406471417,0.0764816092895928,0.034746353470984204,0.21004078477169363
R10_TinyRange_5m,0.005193268964252873,0.07913429834103103,1.0922194944029684e-05,1.1850831227455672e-07,0.0001966993319246768,4.561000517488978e-06,9.43523026375459e-08,0.23713847843348113,0.01348982592630299,0.2656701129899899,0.10367450026656888,0.003587850830470307,0.18026479570576126,0.25138374332621294,0.07397909856961182,0.0020447280710860216,5.616913030248583e-07,0.01674425674415092,,2.956968003786642e-12,0.5755556184347621,0.0006587426131579033,0.7561666539049468,5.340957061061857e-07,0.25497375444268133,0.10658840035947681,0.13272545955265502,1.1956414605052146e-06,0.22840709732102193,0.4033381086767722,0.8497605703591953,0.02560629946222992,0.023234205305645128,0.016128078618429686,0.6021696687961997,0.6451088818027257,0.3860981785256288,0.4451253169259324,0.01802191355421523,0.735812282249994,0.007284258561487844,0.016306034125053825,6.461193802209664e-10,0.2329375219576466,0.9951061141585547,4.166500564917186e-05,0.9610333575715244,0.9492895197083604,0.5347052570671718,0.269681547514544,0.10352186395914753,8.512646143543634e-10,0.2546190816690952,0.07665637012013549,0.0410143078761267,0.0043304928283258715,6.576739153274502e-12,0.31824558329142727,0.3342102245931631,1.1205559014015876e-07
R11_SpeedExtremeLow,0.04027739910834538,0.9225095207007163,0.0009061076096923415,7.755506147710811e-05,0.010103265826412189,0.0005512708705273095,7.586201487286282e-05,0.7201522352862035,0.15265723653080787,0.3628384562537823,0.025339362633001405,0.019909197445004745,0.08707005170915072,0.7121874316953325,0.29153337208917707,0.05707153889295968,0.00021324833088809392,0.06810077882610233,2.956968003786642e-12,,0.13718124631081308,2.4358293160275934e-13,0.47030332629061156,1.7021717368947975e-11,0.0658948364951506,0.14029081093434081,0.003261546195465037,2.4207653659402695e-09,0.4102293945704687,0.45709471322579076,0.6166807520309261,0.7041639953726027,0.015151307406536807,0.016266866382907308,0.8712750301237455,0.971758394465513,0.4057974898632728,0.4868548744980794,0.06406545038528977,0.5433016875253309,0.5788196686514113,0.26202680164975756,1.2359752845858551e-05,0.1452552966463423,0.9954709157310282,0.03957638910791683,0.6410659050845084,0.7362633463417252,0.6362281345277192,0.16497993385397502,0.6964831097757982,0.0009674764902456445,0.3938165444153472,0.26920449440427263,0.25367863659821,0.04534631128053768,1.71566115441113e-05,0.48072250856093546,0.400824311151706,0.0006617592071238576
R12_SpeedExtremeHigh,0.1402448879547573,0.38138631064660533,0.6078342420696572,0.9045686125855248,0.29476329024305703,0.9131963480288061,0.8016279026311872,0.9386354331027098,0.1483653540757306,0.1466096489074229,0.3518060534835752,0.3282502282964952,0.5173915953779205,0.0029989408638473325,6.814101385788085e-05,0.25662659773115104,0.9614904489934712,0.11319362536338318,0.5755556184347621,0.13718124631081308,,0.1289425075576225,0.47041690897106303,0.11681586767862262,0.7370991739303121,0.3600586242052002,0.3459712258342065,0.2703529661266748,0.9292632037837607,0.7720894208583959,0.8835868686190145,0.5298810801468923,0.3442563695106071,0.2542062658219404,0.7679084548204849,0.7270360216347858,0.9923582833511113,0.18102867611098783,0.43371438414379027,0.1416018061440687,0.14087829912551308,0.48380664952822183,0.7094340365917273,0.632586002477316,0.2375987950520746,0.978319619436764,0.14465748266241296,0.43470609043686514,0.39556620631592,0.3048807429752065,0.015768308534200193,0.3637822635061476,0.9418637879054155,0.9261645822997,0.2393770744655188,0.6715422125704569,0.2840732765469183,0.4748380498025495,0.10577988816459749,0.6315944753987426
R1_Rural_RandomWaypoint,0.524631269099876,0.06500254545530226,0.1516102583542971,0.08222971745425833,0.37209081762345564,0.12310592372437656,0.07466234110341108,0.44649411993556853,0.40451908207994025,0.5229436122228313,0.026840658342934365,0.7710568827731947,0.17128921009343157,0.6195312842134177,0.9426141027001704,0.6685192943807912,0.09704568447386142,0.5652443869875432,0.0006587426131579033,2.4358293160275934e-13,0.1289425075576225,,0.8626806368782391,0.0001887040780410576,0.1005735621206032,0.13380664516390994,0.002522729090411069,6.065456767956334e-07,0.7649547500261915,0.8604674550703595,0.4656739199321267,0.7733431011084664,0.3186057922103802,0.07975261052342497,0.49015585264761863,0.9997395965400737,0.5207662127872399,0.7162593564010162,0.2230397089531002,0.7572363642608462,0.24160210176675778,0.5065238447089391,0.0498727379720052,0.2612048467066317,0.7274591495074525,0.34731017718845436,0.5141531380449984,0.5996140262536684,0.8958544834923075,0.21282829354792687,0.5699650735700357,0.34403081315435324,0.7767786325828352,0.7544345344257941,0.827015372520084,0.7333216215889322,0.13363924626939472,0.9700788868371224,0.4275398272912614,0.13600257164591167
R2_VillagesTrails_ThreeClusters,0.7345182680624367,0.9452884736613547,0.34297267637362383,0.11525193681498824,0.6151541716766413,0.16447486541400824,0.10764539732999334,0.7593645174969565,0.6545750787493989,0.6219894105992103,0.1600555084191453,0.5847623144087197,0.5825507146125453,0.663923894837025,0.9600802226401317,0.7434430807105457,0.15511520584934302,0.8048952070877342,0.7561666539049468,0.47030332629061156,0.47041690897106303,0.8626806368782391,,0.536490338362978,0.10670680790150389,0.19564491966840603,0.9951852350141057,0.9938601860944636,0.9109232901000133,0.9526200276933285,1.2311859239444445e-05,0.3605136588563993,0.8108351663743145,0.09837138982140736,0.23500920885817367,0.14466010111352268,0.42453400211601977,0.30109365754720874,0.4949235848943203,1.2429351190279547e-05,0.9960384131728195,0.922124725187355,0.75159190901786,0.3352693757087011,1.9312596957643535e-05,0.30823454191067357,0.6280436009477204,0.4532128108691531,0.11328755907449128,0.18376206209886936,0.9055390565670287,0.6650732726451611,0.8739077046348211,0.9755587935435694,0.3095592065421462,0.9174591726355255,0.22078408490049384,0.7420149585485618,0.24871749394820752,0.7609731778196098
R3_WildlifeTracking,0.029160195857319104,0.5813215362454187,0.0020620332967313804,0.0006548345032961755,0.015095976511140696,0.0033718550818215842,0.0011636004696646829,0.009137709507067715,0.00101277957470014,0.006730683193994835,0.07208974063639761,1.3070427411498997e-05,0.14203603801704,0.49637553849731786,0.18281185169695524,0.0755030296818544,0.001904552184742725,0.0404543267652131,5.340957061061857e-07,1.7021717368947975e-11,0.11681586767862262,0.0001887040780410576,0.536490338362978,,0.21533284870165126,0.3791366400812788,0.03311106289622989,0.0001620618560564946,0.6860864170321763,0.7531770497599273,0.33299676708619663,0.9232037514083569,0.03783562987258682,0.039964782995163706,0.6296875567877867,0.7010296302617016,0.2598764075315487,0.5378159234908568,0.24989320058783226,0.4058659985170028,0.9620608579123644,0.2795514166332116,0.0015114900156449895,0.08724162133321989,0.7280066429984555,0.21160282513408668,0.6468739414288127,0.7681235876300008,0.9115927299971838,0.3034848046302454,0.6727660262517903,0.050004257416596865,0.4101833789381104,0.6752854105169539,0.2734489453631015,0.08051230622843852,0.010682205236872244,0.7443536378260833,0.4401172834474303,0.06747809917769709
R4_ParkRangers_HelsinkiMedium,0.6878883540716367,0.4502769851086448,0.07540460796935955,0.13505970784863774,0.4887547755718309,0.18375187226529444,0.1246400962745211,0.7972365763567746,0.36302717614138924,0.4441403060739779,0.04694641873984917,0.8747710300181413,0.5512049801165577,6.391105422665078e-10,1.6974828764837468e-07,0.7028864770433361,0.16693665564511795,0.7547117069510239,0.25497375444268133,0.0658948364951506,0.7370991739303121,0.1005735621206032,0.10670680790150389,0.21533284870165126,,0.826213799509923,0.41714992791131955,0.3260727772387231,0.8439368656130788,0.9743862191121369,0.2399087221803753,0.1513347280979267,0.7198314827816361,0.05948047222710606,4.574118861455645e-14,0.234792919444341,0.17894849998489448,0.3040623897925667,0.8347194440403456,0.4920835893855997,0.20858551321553187,0.4807981352687629,0.9990395707115809,0.08985111231439524,0.8356310016037387,0.692564346158393,0.8436525029322568,0.5401895328914155,0.39288199458856155,0.2306944557136421,0.9617851015968277,0.5440510337027029,0.8203317825964582,0.9511955094681253,0.4440620082706961,0.9699769394267901,0.3150943084008815,0.657191382975356,0.22834677850922813,0.7792418137910433
R5_MountainRescue,0.1979798253932732,0.188838600454325,0.20154574023749738,0.03398941179480497,0.2530065706742395,0.03878577287293461,0.058518465957031474,0.8246316609635072,0.05820105620087368,0.01780298645197731,0.1698931597432507,0.7112031950405768,0.5496081892172533,0.3457790424592537,0.26026047486013515,0.033126862571492666,0.017203984862519395,0.12636750448654088,0.10658840035947681,0.14029081093434081,0.3600586242052002,0.13380664516390994,0.19564491966840603,0.3791366400812788,0.826213799509923,,0.5020413594003952,0.04395124836351538,0.7485191213063607,0.7505782914319941,0.4153184956442244,0.3059039326312727,0.005282556549558226,0.9810246091093258,0.25013400018573106,0.0,2.811135768610029e-09,0.9780639623263556,0.0019395169665450407,0.18688610503604464,0.46468472345339973,0.0023399090070723716,0.5977560831368529,0.03778933378812366,0.4636638449417958,0.4772149237477681,0.11727901327156198,0.3114208778293568,0.4524137044517691,0.8663929167167683,0.5623012008911434,0.3106950211808286,0.9337598370122553,0.7032618588121533,2.2827295609317844e-11,0.0018833549536669825,0.5566659205969775,0.23238946395990556,0.7510174322323473,0.5735039669844877
R6_SparseLongRange,0.1782367419008657,0.682269538623093,0.1305056684929926,0.02120400462987604,0.2522466296045045,0.14946290556703357,0.1822398901018223,0.8597616802787864,0.9230992369121442,0.7595456703451728,0.08692847710055696,0.6723376633675953,0.39095173717508924,0.5044351114439207,0.8221937083925306,0.47908232286458086,0.1427920351232399,0.396992002232206,0.13272545955265502,0.003261546195465037,0.3459712258342065,0.002522729090411069,0.9951852350141057,0.03311106289622989,0.41714992791131955,0.5020413594003952,,0.01211483068711594,0.7839368561872682,7.771202570339142e-09,0.46898625523208604,0.776836375592012,0.711179137450435,0.19027464038355735,0.9516901259688617,0.7031795214273047,0.4154155119138949,0.46905731024918085,0.34236380670117095,0.46362481110580966,0.4741959188692946,0.5644159864073641,0.2345233088530052,0.30795954652634006,0.7925486048315968,0.0384127338175817,0.01827422022391545,0.6598133330893974,0.47969880826758304,0.8901881877366402,0.05513237234645274,0.745121747198112,0.9552951236565939,0.9364828535865235,0.8019381091954894,0.2885238009934905,0.7654011933370772,0.9320325709276016,0.8330583850240036,0.2971060765012403
R7_SparseTinyBuffer,0.0722837917445216,0.6037609972429085,0.17247013833605918,0.00027823209973809604,0.03791003000254567,0.000522854232391623,0.0006069310632670355,0.5039541689561795,0.21713758059587107,0.9633955207757647,0.03748250158445576,0.27071737403124585,0.15476991418309316,0.8409422516623053,0.24046412413503138,0.010719588657800205,0.0025754861159124065,0.11398553237472275,1.1956414605052146e-06,2.4207653659402695e-09,0.2703529661266748,6.065456767956334e-07,0.9938601860944636,0.0001620618560564946,0.3260727772387231,0.04395124836351538,0.01211483068711594,,0.35338859887063157,0.3923696401780319,0.821549201949098,0.4838244602017998,0.006235789215914389,0.06666750627175966,0.9149140054388278,0.42723099008117993,0.2893013364903989,0.587756328393314,0.17589706510277758,0.575234184667734,0.024316086383365798,0.014166894493575555,8.963316755483675e-10,0.14191683018710366,0.6369875302429404,0.0008730624026047629,0.5475761989185524,0.0003361321278612106,0.22360176330882586,0.0001334463986524259,0.3958489157615275,4.7591845664385346e-07,0.43922612250832405,0.266465827235995,0.00017667054260939175,0.0065627342410137235,0.003724186411991237,0.9683055745457523,0.29648097883129587,3.1721647530957853e-10
R8_IntermittentPower,0.3811723476654998,0.6404681363202469,0.30682355674010253,0.13299021993625537,0.3893452421286605,0.20083160565893143,0.16238479292829444,0.9473975447997312,0.9067136852838158,0.7817865120347494,0.6258130014848282,0.7685099596979548,0.6576200461761961,0.9441260112350305,0.7001851108325226,0.41645954936154905,0.17667888619281036,0.4515966033804635,0.22840709732102193,0.4102293945704687,0.9292632037837607,0.7649547500261915,0.9109232901000133,0.6860864170321763,0.8439368656130788,0.7485191213063607,0.7839368561872682,0.35338859887063157,,0.9027179954253324,0.958073788895041,0.9136119662996309,0.6930732064459708,0.5149584436660333,0.853068891624605,0.8732085882423373,0.9027097032292615,0.6405377078355834,0.9875676517803236,0.64773039653738,0.4194462214896977,0.6013469872976094,0.28398886928113054,0.7776189049686217,0.7840127470245037,0.32413009100708967,0.8958560180081259,0.6754591974139026,0.8582591103664403,0.6025397664838126,0.36229344583292544,0.19470354498787978,0.8696628875018555,0.8192062981927828,0.568907947068708,0.4471016891070887,0.20520807597683177,0.8627191362515307,0.7533085159583248,0.18909535729056648
R9_ExtremeRange_200m,0.2496941142798237,0.5182599199803986,0.1735617199731605,0.0320764780524887,0.20501116021411958,0.06271679483189274,0.05630680107229358,0.812152961741067,0.6940122423762205,0.6993813824949191,0.6393145721336089,0.9533420083494477,0.3011642853715082,0.6537545294863916,0.679752279435109,0.2175433317093889,0.1083453412369455,0.37247447435491865,0.4033381086767722,0.45709471322579076,0.7720894208583959,0.8604674550703595,0.9526200276933285,0.7531770497599273,0.9743862191121369,0.7505782914319941,7.771202570339142e-09,0.3923696401780319,0.9027179954253324,,0.8447404444648958,0.8155514230944463,0.8812075076810932,0.32527154963195004,0.7024269274001484,0.9789542055271512,0.8456581059740043,0.5019162176435139,0.5265055794700064,0.5143633118224966,0.37934787876288256,0.5674843818302562,0.20810731413739636,0.6794324933546096,0.6357474984194043,0.5497341788528192,0.6373401301355321,0.614252351591186,0.5176460466291615,0.5106927062588986,0.5519951060340205,0.1619549522786441,0.913024309381949,0.9254583045441065,0.8940827561787368,0.33598779259058675,0.22198363008980926,0.9862771592652795,0.6004291735773784,0.3391183673700675
D1_ShelterHotspots_Clusters,0.6685825903239624,0.39471616467693105,0.9356092927969333,0.0765981202313808,0.5322382702263915,0.11796667348436829,0.0714699350740009,0.8762272267861517,0.44570658078746894,0.23419193259170656,0.5999491961258601,0.6186789566381095,0.7238727968394225,0.25870812823695255,0.34022925172800056,0.051567574772742875,0.09898268990501524,0.7783985572780958,0.8497605703591953,0.6166807520309261,0.8835868686190145,0.4656739199321267,1.2311859239444445e-05,0.33299676708619663,0.2399087221803753,0.4153184956442244,0.46898625523208604,0.821549201949098,0.958073788895041,0.8447404444648958,,0.00010690651948830343,0.7147403926288596,0.3412961850363363,0.8689369597923977,0.9372786774315085,0.7294514597457451,0.005956569675937384,0.7641407815696861,1.4561463146378628e-11,0.025703806117776118,0.9796961075835824,0.2593754512122546,0.4854512598191876,1.056689421741197e-06,0.5543953708336677,0.9110287624170952,0.3653433998750124,0.14756033429251514,0.24228327278352668,0.43191560468424983,0.4067960499882517,0.8642551738669126,0.9890224613698957,0.6471189121456506,0.7993347915096165,0.26783561035169434,0.607435327598292,0.1670158662772423,0.2998964946695708
D2_PartitionedCity_MuleBridge,0.2025293110952362,0.14543362295187068,0.32798502075752056,0.036880742994624294,0.1425513176687938,0.06318211063131196,0.038763519427919446,0.6832423204231599,0.5519023900974331,0.8207282048081941,0.6101492798700869,0.8392589138800977,0.693789054369615,0.1035106661916605,0.11659316264475494,0.01947260636646453,0.039433924896396855,0.27190987178493486,0.02560629946222992,0.7041639953726027,0.5298810801468923,0.7733431011084664,0.3605136588563993,0.9232037514083569,0.1513347280979267,0.3059039326312727,0.776836375592012,0.4838244602017998,0.9136119662996309,0.8155514230944463,0.00010690651948830343,,0.41228004922899397,0.26934130010991275,0.33051259997098636,0.37409378153114137,0.6290323870613017,4.74953409934642e-13,0.3818228122333993,1.8020693252518427e-05,0.17720311133673095,0.8737992117424875,0.09020420349277036,0.7403182811884013,0.04226532951433448,0.0010982055287549475,0.7778719898778332,0.49307567486990966,0.5394009313837795,0.524357679122808,0.5978065466373981,0.09037559049378507,0.9640149611680915,0.8734310330759449,0.2823496825964975,0.7422896493582392,0.5623904780806392,0.49416318106488144,0.20862196902974928,0.11871987726575961
D3_Aftershock_ErraticMobility,0.1403772993136121,0.04756202220714911,0.8170100320584557,0.003599197575721691,0.4797295106271098,0.006581128257685309,0.0114570240392311,0.826696727182854,2.3196230913846705e-06,0.1048074688188152,0.2621809671483406,0.0051450805425528046,0.17549795034715587,0.07072942922157166,0.055715338758651534,0.00014581186082551767,0.0009423285395437908,0.05443394421003167,0.023234205305645128,0.015151307406536807,0.3442563695106071,0.3186057922103802,0.8108351663743145,0.03783562987258682,0.7198314827816361,0.005282556549558226,0.711179137450435,0.006235789215914389,0.6930732064459708,0.8812075076810932,0.7147403926288596,0.41228004922899397,,0.7205092862515556,0.36227207257710914,0.0032103156601481775,0.004328385524655642,0.06175275185800455,6.559333903588538e-06,0.45747028564746994,0.1956035335140498,0.0,0.01853105046790371,0.09300380994649471,0.5609517930994221,0.7586145566822862,0.12091923210711775,0.38384700063941746,0.6185484516314901,0.7964703570437708,0.6628980017011257,0.14073314752968757,0.7749490920492643,0.5338957710536538,1.791843136755844e-06,1.9984014443252818e-14,0.01661104954081627,0.6137460858347548,0.5861022828583002,0.13562727243824457
D4_MedicalTriage_TwoClasses,0.13767329900810865,0.06270394451046868,0.47496180339293836,0.011700669482972215,0.32088445303685953,0.025010865794790726,0.015031741700809897,0.2526489691033733,0.849628761293947,0.19065813548412947,0.08885187731753952,0.26049923323256197,0.40880293540127344,0.10035501079445952,0.11857036098450191,0.002633842931817787,0.042645440523803035,0.08348362594540193,0.016128078618429686,0.016266866382907308,0.2542062658219404,0.07975261052342497,0.09837138982140736,0.039964782995163706,0.05948047222710606,0.9810246091093258,0.19027464038355735,0.06666750627175966,0.5149584436660333,0.32527154963195004,0.3412961850363363,0.26934130010991275,0.7205092862515556,,0.08400594820797957,0.7935145333221951,0.7231438500537632,0.7900928681045443,0.6295721897979474,0.08756554081750689,0.08911705244453594,0.49897490970085,0.012968047129747085,6.690827277999745e-05,0.48552511676381815,0.08390510453579703,0.5308641665511862,0.002797830226966891,6.707211033241123e-07,9.923640802833589e-05,0.19037309531218782,0.06214530894263581,0.3153667762048791,0.3713461695502305,0.8627651946887522,0.7461695501978629,0.04145850224061731,0.0001851780857651253,0.0013330476516069112,0.02935792264874615
D5_UAVMule_FastRoute_HelsinkiMedium,0.5260051727528603,0.38289143910381385,0.6209939094857129,0.48502383159172835,0.697868224170259,0.5401037550341061,0.43422011178726505,0.5374596834002454,0.06831667993597845,0.11348136446252743,0.15680287490093292,0.25177796534673846,0.870972204732829,2.0806676381823763e-08,3.120825975422292e-08,0.8519865635192574,0.5386655701476426,0.4835386861382829,0.6021696687961997,0.8712750301237455,0.7679084548204849,0.49015585264761863,0.23500920885817367,0.6296875567877867,4.574118861455645e-14,0.25013400018573106,0.9516901259688617,0.9149140054388278,0.853068891624605,0.7024269274001484,0.8689369597923977,0.33051259997098636,0.36227207257710914,0.08400594820797957,,0.32354576500411936,0.6523321675942864,0.6370303809101758,0.44061190053082355,0.28771865048707523,0.8908756640911712,0.2029851212805669,0.9004159389395137,0.6272691426652197,0.5313443237515081,0.4756120840844198,0.6822966341607839,0.2941495288940663,0.10912267917320606,0.1404071056523022,0.9033943436694121,0.6828183261363079,0.8232725998280803,0.7452329797614048,0.13455682695604998,0.27662719138339664,0.9152375040798808,0.33725001563806023,0.09452161499730005,0.883873452232554
D6_ShortTtlCritical_5to10min,0.5063603733664994,0.091925507862469,0.8962325838059058,0.10037242788423173,0.6384008165589563,0.10433202804995445,0.15151326084404237,0.8518963227375087,0.0722420017176777,0.004562540466770404,0.02771882291758465,0.8509592028207338,0.28995146154523166,0.16038101279051697,0.23956013942746024,0.006756248400112019,0.04928480837524085,0.34892429352774035,0.6451088818027257,0.971758394465513,0.7270360216347858,0.9997395965400737,0.14466010111352268,0.7010296302617016,0.234792919444341,0.0,0.7031795214273047,0.42723099008117993,0.8732085882423373,0.9789542055271512,0.9372786774315085,0.37409378153114137,0.0032103156601481775,0.7935145333221951,0.32354576500411936,,0.0,0.9792412773438461,0.004760173112316135,0.5794741911709291,0.5656827506192939,0.0008996927022177914,0.6569635303337316,0.21459313901970511,0.3345152017122137,0.7320164791771877,0.10400004643312277,0.3259418631194497,0.8160099406186887,0.9774205714794739,0.723874347236384,0.6546730963502778,0.8481483346054108,0.767433230098157,2.7987034911802766e-10,0.003145209012536565,0.6871443872718146,0.1696201722762094,0.6928267843483991,0.7949753876019621
D7_HighLoad_TrafficStorm,0.997556551315463,0.1890354772600158,0.11286195227097662,0.354426683141837,0.8149107130496742,0.26511865023739234,0.413767540145364,0.701013376582651,0.2807481095494089,0.002236914279588831,0.015223078808629387,0.9020087687575278,0.23023456670875442,0.29307923975194305,0.41875269072562693,0.014812823494176008,0.28291350178103714,0.7881184599479218,0.3860981785256288,0.4057974898632728,0.9923582833511113,0.5207662127872399,0.42453400211601977,0.2598764075315487,0.17894849998489448,2.811135768610029e-09,0.4154155119138949,0.2893013364903989,0.9027097032292615,0.8456581059740043,0.7294514597457451,0.6290323870613017,0.004328385524655642,0.7231438500537632,0.6523321675942864,0.0,,0.22327335163748674,0.09241858433237216,0.7548401984299731,0.10612901282818288,0.0018294094661206461,0.4347882921029851,0.5595668716359068,0.30708696635045807,0.7555702899732948,0.05961762075639743,0.023972643856378983,0.6160414855343004,0.2211464808777186,0.6940724180643452,0.6607894607777061,0.9485357260087046,0.8228660466639517,1.0463581334718697e-08,0.016170085540480716,0.9712708200309441,0.18478306670631217,0.628143554092562,0.41275470361327904
D8_InfrastructureReturns_BackboneLinks,0.44990434650414657,0.2569873378574581,0.69675128143514,0.590333150532568,0.33543245881601536,0.6316605470601471,0.5550586510118702,0.9663855379182436,0.9141964604134549,0.8087475180388091,0.7804071259372276,0.44325991274917076,0.8851316966209242,0.2097973432969198,0.2552290227751919,0.4635159026892288,0.5726714801189179,0.5461562113728877,0.4451253169259324,0.4868548744980794,0.18102867611098783,0.7162593564010162,0.30109365754720874,0.5378159234908568,0.3040623897925667,0.9780639623263556,0.46905731024918085,0.587756328393314,0.6405377078355834,0.5019162176435139,0.005956569675937384,4.74953409934642e-13,0.06175275185800455,0.7900928681045443,0.6370303809101758,0.9792412773438461,0.22327335163748674,,0.9482225931092498,3.192638317273122e-06,0.7793197951326332,0.33629735084080603,0.6880940711979018,0.24894824057337228,0.09173205169033083,0.03546521863277463,0.4197198491252936,0.9372098884291591,0.145665501980631,0.941145253105411,0.6866302416188372,0.7522256359272892,0.6611192002509481,0.5284910710147068,0.9469698242339262,0.0882108518760143,0.3909520371798523,0.12672716654186833,0.7471136895802468,0.8251987821783904
D9_Critical_1minTTL,0.4557672207645793,0.19101744404489063,0.27920758728915085,0.1163139093624288,0.391978187673399,0.01830904549262624,0.00890848941545963,0.9424659025349547,0.009705302672642135,0.35673213147827854,0.6961646037758142,0.48178452621770296,0.3644003701612637,0.008546956276762163,0.16793025261932826,0.01512978872573778,0.008394466299918024,0.11174667885305922,0.01802191355421523,0.06406545038528977,0.43371438414379027,0.2230397089531002,0.4949235848943203,0.24989320058783226,0.8347194440403456,0.0019395169665450407,0.34236380670117095,0.17589706510277758,0.9875676517803236,0.5265055794700064,0.7641407815696861,0.3818228122333993,6.559333903588538e-06,0.6295721897979474,0.44061190053082355,0.004760173112316135,0.09241858433237216,0.9482225931092498,,0.6147676904730308,0.6415230807666803,2.845402824469545e-08,0.18772232003466605,0.24084355653079936,0.5658450371892365,0.049581506654547525,2.3892299250150018e-09,0.8886287109132973,0.3430645434345312,0.9076719142900456,0.00013032694966330638,0.04358030867586282,0.9651535010870527,0.7064696521214033,0.007170537490473139,0.00025294910515349933,0.004344076178434353,0.7356842636662067,0.880605446956523,0.9369668282509005
S1_StrongCommunities_SeparateClusters,0.7155191598675119,0.760768397610667,0.15614922357669303,0.3675155718979437,0.8386497062047509,0.42958686292716486,0.33860258169817636,0.829881506408999,0.46035726775666075,0.2987613049910962,0.46444443689969406,0.49345727378114956,0.8733691418017346,0.24796217492502892,0.37850974285069916,0.07100677634233876,0.4005107084119297,0.6441667504848736,0.735812282249994,0.5433016875253309,0.1416018061440687,0.7572363642608462,1.2429351190279547e-05,0.4058659985170028,0.4920835893855997,0.18688610503604464,0.46362481110580966,0.575234184667734,0.64773039653738,0.5143633118224966,1.4561463146378628e-11,1.8020693252518427e-05,0.45747028564746994,0.08756554081750689,0.28771865048707523,0.5794741911709291,0.7548401984299731,3.192638317273122e-06,0.6147676904730308,,0.14385757341962901,0.4380690579919069,0.39119264219459415,0.9868109902313253,1.3355565084971488e-06,0.6456988981090395,0.2593118963435308,0.21697599006078172,0.02546420520829029,0.15138634609799384,0.5448916521772973,0.7007866103849618,0.7226229903454868,0.5644491217407221,0.3456189948980868,0.1370566012536678,0.7267718492086326,0.2223178535029191,0.06462457690461987,0.8653787502213386
S2_WeakCommunities_HighMixing,0.5032226266220237,0.022193018333724224,0.6184737549143624,0.004197608991268753,0.15831880165015622,0.006351220618081133,0.0025709526779356118,0.12363662519700824,0.3470219869025679,0.6292588347285393,0.8052309250695768,0.24283870995458878,0.8932222919600143,0.13265670180152922,0.20418182083203984,0.00013748704507743348,0.01497613653245966,0.7566821630598635,0.007284258561487844,0.5788196686514113,0.14087829912551308,0.24160210176675778,0.9960384131728195,0.9620608579123644,0.20858551321553187,0.46468472345339973,0.4741959188692946,0.024316086383365798,0.4194462214896977,0.37934787876288256,0.025703806117776118,0.17720311133673095,0.1956035335140498,0.08911705244453594,0.8908756640911712,0.5656827506192939,0.10612901282818288,0.7793197951326332,0.6415230807666803,0.14385757341962901,,0.017713398804310554,4.210121140602041e-11,0.2251010862238232,0.49518394514751285,0.002375102683070951,0.3970669789896628,0.055134385648066164,0.3676120830222711,0.009469087771217577,0.015342263723499228,3.9244184280029515e-07,0.44413265032412785,0.1500199713761976,0.1476177428874308,0.12395728676970652,5.275320524189553e-06,0.6098210406732947,0.14701318445770473,4.954844756710486e-09
S3_PeriodicMeetings_RegularRhythm,0.08523110513941567,0.0020318257196505485,0.5423786652434905,0.0025081245362819082,0.21813163439504146,0.0016037644562687525,0.003008427995143226,0.5109730489215449,6.146082960345467e-07,0.13429231122151686,0.5905480781510661,0.014287601944547035,0.3705131409310576,0.014950297082327646,0.018512310363543838,2.8291330287366634e-05,0.00047803413421609875,0.025909535485488355,0.016306034125053825,0.26202680164975756,0.48380664952822183,0.5065238447089391,0.922124725187355,0.2795514166332116,0.4807981352687629,0.0023399090070723716,0.5644159864073641,0.014166894493575555,0.6013469872976094,0.5674843818302562,0.9796961075835824,0.8737992117424875,0.0,0.49897490970085,0.2029851212805669,0.0008996927022177914,0.0018294094661206461,0.33629735084080603,2.845402824469545e-08,0.4380690579919069,0.017713398804310554,,0.004894073302437185,0.1335895842785828,0.5478093619602009,0.5724192829067478,0.001036458514103611,0.19019754865208638,0.22294298362665144,0.7723064198635563,0.5890884564612819,0.0033745206293887,0.5981451234207529,0.39219616669262436,4.901557604242157e-09,1.1102230246251565e-15,0.0035099356244561175,0.660562318384144,0.7184446092521837,0.0268718629819078
S4_RandomMixing_NoHotspots,0.046962320556226844,0.04009314535905917,0.1778518162896825,9.337328219727326e-06,0.00511391870234279,3.193962784364679e-05,5.324371051385057e-06,0.14881322914337924,0.05114171243030485,0.5975792123092427,0.3939865470139554,0.022006093124353088,0.3114045839161548,0.1088973269896627,0.04017693646460363,3.200347428577999e-05,0.0001755810012229464,0.11750100118520068,6.461193802209664e-10,1.2359752845858551e-05,0.7094340365917273,0.0498727379720052,0.75159190901786,0.0015114900156449895,0.9990395707115809,0.5977560831368529,0.2345233088530052,8.963316755483675e-10,0.28398886928113054,0.20810731413739636,0.2593754512122546,0.09020420349277036,0.01853105046790371,0.012968047129747085,0.9004159389395137,0.6569635303337316,0.4347882921029851,0.6880940711979018,0.18772232003466605,0.39119264219459415,4.210121140602041e-11,0.004894073302437185,,0.8386456141756031,0.7934968760112118,3.0191525071998626e-05,0.6726406671880345,0.015635036384347822,0.7693590254427756,0.0005666471340946,0.11946491224758726,1.0613732115416497e-13,0.38140949877838537,0.09790304308377995,0.007855163162743706,0.025651865800113693,3.315233110257054e-08,0.4217118675252114,0.17117523927385458,0.0
S5_TwoLayer_StudentsStaff,0.5605852504316506,0.2871524056893504,0.8251932255112877,0.09757087985208157,0.29803441516174156,0.13831082061534605,0.16066247875492823,0.6191326822572769,0.05498958638014595,0.6653216739329266,0.4557833618390481,0.19104290851143313,0.7160360114475603,0.28774321392187785,0.514356935821338,0.03524842688860441,0.09799103590318858,0.7113097419670229,0.2329375219576466,0.1452552966463423,0.632586002477316,0.2612048467066317,0.3352693757087011,0.08724162133321989,0.08985111231439524,0.03778933378812366,0.30795954652634006,0.14191683018710366,0.7776189049686217,0.6794324933546096,0.4854512598191876,0.7403182811884013,0.09300380994649471,6.690827277999745e-05,0.6272691426652197,0.21459313901970511,0.5595668716359068,0.24894824057337228,0.24084355653079936,0.9868109902313253,0.2251010862238232,0.1335895842785828,0.8386456141756031,,0.7461224975783014,0.6001190860030023,0.7270045804283312,0.015372008764077627,1.2822385630828492e-05,0.08124778863694493,0.8670588425777099,0.6713453887459919,0.7142840433928848,0.7050903323774524,0.03616036133203715,0.07096150944554003,0.952325824815474,5.5289106626332796e-14,0.7985485386544502,0.8065602928690265
S6_FamilyGroups_SmallPersistent,0.7723302245177117,0.9568635662699674,0.6211299749769597,0.31422185365998967,0.7721950744395971,0.3802243294677443,0.3184569186060593,0.7754728122201076,0.9180233077291238,0.9003747861772116,0.2620171552053474,0.8066284833048449,0.5802024666771843,0.6662451528949456,0.5011004803529628,0.7240586754420075,0.3536211668610634,0.8082940976880948,0.9951061141585547,0.9954709157310282,0.2375987950520746,0.7274591495074525,1.9312596957643535e-05,0.7280066429984555,0.8356310016037387,0.4636638449417958,0.7925486048315968,0.6369875302429404,0.7840127470245037,0.6357474984194043,1.056689421741197e-06,0.04226532951433448,0.5609517930994221,0.48552511676381815,0.5313443237515081,0.3345152017122137,0.30708696635045807,0.09173205169033083,0.5658450371892365,1.3355565084971488e-06,0.49518394514751285,0.5478093619602009,0.7934968760112118,0.7461224975783014,,0.7805955577008308,0.47956521615887326,0.4013665570352394,0.20328460431462592,0.3071297639159918,0.5564527469458538,0.8472425445892067,0.726743261788414,0.5901676221758665,0.5029498244177262,0.4319965536411785,0.7585577636493652,0.39545934442818,0.2371890852951135,0.7382598487161054
T10_HighRateLowSpeed_Congestion,0.040820986952964766,0.06803543075940643,0.13924134935092658,0.00041047959035345194,0.03134948184908981,0.01898323500977983,0.022604998606047033,0.5881355690677492,0.17303545833217227,0.9582405337935076,0.24950987785726508,0.16314467276564892,0.7034984586862301,0.929011408759765,0.18902733547980644,0.010078761729564567,0.010736826041835013,0.24980276507008314,4.166500564917186e-05,0.03957638910791683,0.978319619436764,0.34731017718845436,0.30823454191067357,0.21160282513408668,0.692564346158393,0.4772149237477681,0.0384127338175817,0.0008730624026047629,0.32413009100708967,0.5497341788528192,0.5543953708336677,0.0010982055287549475,0.7586145566822862,0.08390510453579703,0.4756120840844198,0.7320164791771877,0.7555702899732948,0.03546521863277463,0.049581506654547525,0.6456988981090395,0.002375102683070951,0.5724192829067478,3.0191525071998626e-05,0.6001190860030023,0.7805955577008308,,0.0004804357889236499,0.162003078600508,0.48580746530079466,0.45760273429731635,1.0284709062169384e-07,0.0006553091633305641,0.14175209275963363,0.26742078480591225,0.017876851530593374,0.12424293696784683,0.0626744410871729,0.9271441722291933,0.5085477114305248,3.448534346972565e-08
T11_TTL_1min,0.5774076163491246,0.6753161800859413,0.9691144531910802,0.9211381505414868,0.9259805347430516,0.23544302010555973,0.1827127728953606,0.794267447283862,0.5528649371688328,0.896784486760478,0.9270615146962475,0.5251130206286563,0.9906572578678241,0.31420518003991793,0.6445025064081391,0.639876487811641,0.46538151493311863,0.7797608985037217,0.9610333575715244,0.6410659050845084,0.14465748266241296,0.5141531380449984,0.6280436009477204,0.6468739414288127,0.8436525029322568,0.11727901327156198,0.01827422022391545,0.5475761989185524,0.8958560180081259,0.6373401301355321,0.9110287624170952,0.7778719898778332,0.12091923210711775,0.5308641665511862,0.6822966341607839,0.10400004643312277,0.05961762075639743,0.4197198491252936,2.3892299250150018e-09,0.2593118963435308,0.3970669789896628,0.001036458514103611,0.6726406671880345,0.7270045804283312,0.47956521615887326,0.0004804357889236499,,0.13485799529896214,0.05819599476636794,0.029376956706094637,0.0001140143368312252,0.023594673696389235,0.9780295813769992,0.9408279791335907,0.12938687244301583,0.18791959191497476,0.11018798788923356,0.5886471431851299,0.40020072299495246,0.9145410853048608
T12_TTL_Infinite_Buffer200M,0.09337730096614072,0.23973117534135313,0.002857866701279077,0.09807164098570165,0.07800136994537588,0.07677374632109779,0.08489972821550174,0.8050441436933617,0.4569740628133325,0.09736086424169654,0.010408308715927683,0.7728270416396956,0.39996301523888067,0.15094483461178498,0.24379002440301134,0.10510969202178155,0.19389335038685407,0.10664842189089474,0.9492895197083604,0.7362633463417252,0.43470609043686514,0.5996140262536684,0.4532128108691531,0.7681235876300008,0.5401895328914155,0.3114208778293568,0.6598133330893974,0.0003361321278612106,0.6754591974139026,0.614252351591186,0.3653433998750124,0.49307567486990966,0.38384700063941746,0.002797830226966891,0.2941495288940663,0.3259418631194497,0.023972643856378983,0.9372098884291591,0.8886287109132973,0.21697599006078172,0.055134385648066164,0.19019754865208638,0.015635036384347822,0.015372008764077627,0.4013665570352394,0.162003078600508,0.13485799529896214,,0.7590519852555577,0.0,0.88363583655959,0.021785071444210047,0.7337948171391888,0.8081844109590097,0.004097702801070913,0.5914789803564902,0.6362088201652174,0.0020864705971757047,1.643275016904866e-05,0.0016533442224375694
T13_Buffer_256k,0.125427774079792,0.12968515647648937,0.2935787464334474,0.23154873729096614,0.14575769138501027,0.49989924185659906,0.30338573902241706,0.6753690505260392,0.8392789569268784,0.5073585762021966,0.9321481678775818,0.46990797453401734,0.3704583212661978,0.35229903411794905,0.25949709876121396,0.06286829863905163,0.27861281639864255,0.08002397303291198,0.5347052570671718,0.6362281345277192,0.39556620631592,0.8958544834923075,0.11328755907449128,0.9115927299971838,0.39288199458856155,0.4524137044517691,0.47969880826758304,0.22360176330882586,0.8582591103664403,0.5176460466291615,0.14756033429251514,0.5394009313837795,0.6185484516314901,6.707211033241123e-07,0.10912267917320606,0.8160099406186887,0.6160414855343004,0.145665501980631,0.3430645434345312,0.02546420520829029,0.3676120830222711,0.22294298362665144,0.7693590254427756,1.2822385630828492e-05,0.20328460431462592,0.48580746530079466,0.05819599476636794,0.7590519852555577,,0.5092648205174883,0.20732337100384313,0.663760578697556,0.8460551679571378,0.5969863672018993,0.1065004105102132,0.4471243792369517,0.2657006838515239,1.1013197842579814e-07,0.41157711218560444,0.9050984676665639
T14_Buffer_200M,0.09739617257886302,0.1226156829389764,0.05027807844459997,0.09371607416967564,0.28439059866708805,0.036273054833891205,0.01931400828569374,0.6437311041392171,0.8448003109150237,0.08633638652863973,0.028563770074924166,0.8323970517525128,0.47705963161433473,0.20281172493083632,0.1748509916055052,0.23325218067029652,0.1802941081612095,0.1007347737170583,0.269681547514544,0.16497993385397502,0.3048807429752065,0.21282829354792687,0.18376206209886936,0.3034848046302454,0.2306944557136421,0.8663929167167683,0.8901881877366402,0.0001334463986524259,0.6025397664838126,0.5106927062588986,0.24228327278352668,0.524357679122808,0.7964703570437708,9.923640802833589e-05,0.1404071056523022,0.9774205714794739,0.2211464808777186,0.941145253105411,0.9076719142900456,0.15138634609799384,0.009469087771217577,0.7723064198635563,0.0005666471340946,0.08124778863694493,0.3071297639159918,0.45760273429731635,0.029376956706094637,0.0,0.5092648205174883,,0.5433419914008677,0.0003759817035253743,0.6607567985214224,0.8469781708652779,0.18305799070304718,0.4341187732204881,0.3179233529961343,0.03830233944417216,1.7098753717359472e-06,0.00014583471012419302
T15_TransmitSpeed_256k,0.3452475986688337,0.3617700895374114,0.2954380912553196,0.005989984123753844,0.3274995417285178,0.20142903866457096,0.23679125995105,0.07295364986325725,0.9721797249423427,0.29485709200755883,0.15295794491096548,0.41171551128792094,0.9029697124734781,0.07292569419426576,0.6408602388111786,0.2988135572832211,0.08886722226224064,0.9527483700418826,0.10352186395914753,0.6964831097757982,0.015768308534200193,0.5699650735700357,0.9055390565670287,0.6727660262517903,0.9617851015968277,0.5623012008911434,0.05513237234645274,0.3958489157615275,0.36229344583292544,0.5519951060340205,0.43191560468424983,0.5978065466373981,0.6628980017011257,0.19037309531218782,0.9033943436694121,0.723874347236384,0.6940724180643452,0.6866302416188372,0.00013032694966330638,0.5448916521772973,0.015342263723499228,0.5890884564612819,0.11946491224758726,0.8670588425777099,0.5564527469458538,1.0284709062169384e-07,0.0001140143368312252,0.88363583655959,0.20732337100384313,0.5433419914008677,,0.24807043725589528,0.4894366416448057,0.32070701209621344,0.707149386421321,0.0779796572389766,0.10615823586430073,0.9576262215043507,0.5265706717532266,0.008204170598521188
T1_ManySmallMsgs_HighRate,0.056237692114694315,0.04108333779446305,0.009589203442874839,9.924342608180758e-05,0.002391202712997309,4.964407487850764e-05,6.954011939175331e-06,0.6292690589524619,0.13062400197045054,0.6496274445473684,0.4332498807123324,0.08575148567156043,0.5238944183130305,0.4348962618586105,0.269328412539769,0.008847358250254844,0.0004589384962272458,0.1121359722645503,8.512646143543634e-10,0.0009674764902456445,0.3637822635061476,0.34403081315435324,0.6650732726451611,0.050004257416596865,0.5440510337027029,0.3106950211808286,0.745121747198112,4.7591845664385346e-07,0.19470354498787978,0.1619549522786441,0.4067960499882517,0.09037559049378507,0.14073314752968757,0.06214530894263581,0.6828183261363079,0.6546730963502778,0.6607894607777061,0.7522256359272892,0.04358030867586282,0.7007866103849618,3.9244184280029515e-07,0.0033745206293887,1.0613732115416497e-13,0.6713453887459919,0.8472425445892067,0.0006553091633305641,0.023594673696389235,0.021785071444210047,0.663760578697556,0.0003759817035253743,0.24807043725589528,,0.5848285525582326,0.04935449520848678,0.007859310256715046,0.03827204969093456,6.312466105384829e-10,0.3549317812619406,0.19921403583417385,0.0
T2_FewHugeMsgs_LowRate,0.40863014669941045,0.638604145032891,0.25291113867295834,0.18806468169659252,0.44087619260485567,0.17663682859984986,0.1207571216852823,0.11808838979081182,0.9147774059253719,0.7563431707564094,0.7049574542838555,0.8531770891818606,0.5853034334941167,0.7730190696027228,0.7058047828465901,0.3418083274192043,0.13595846894885577,0.4369746688182541,0.2546190816690952,0.3938165444153472,0.9418637879054155,0.7767786325828352,0.8739077046348211,0.4101833789381104,0.8203317825964582,0.9337598370122553,0.9552951236565939,0.43922612250832405,0.8696628875018555,0.913024309381949,0.8642551738669126,0.9640149611680915,0.7749490920492643,0.3153667762048791,0.8232725998280803,0.8481483346054108,0.9485357260087046,0.6611192002509481,0.9651535010870527,0.7226229903454868,0.44413265032412785,0.5981451234207529,0.38140949877838537,0.7142840433928848,0.726743261788414,0.14175209275963363,0.9780295813769992,0.7337948171391888,0.8460551679571378,0.6607567985214224,0.4894366416448057,0.5848285525582326,,0.8774833335177508,0.6311220301343534,0.2643218657036306,0.1900713044105542,0.9499823280304667,0.5768314181172824,0.16962684123766758
T3_MixedBimodal_SmallAndLarge,0.17686195296488116,0.3966351220352409,0.13109774752365833,0.2098073433478269,0.16908806537188514,0.6514543448018197,0.11292740100523346,0.8249379995778525,0.9229278405575521,0.9707129269648589,0.8911770043965461,0.7330291740034043,0.4666821929080618,0.6319423902314978,0.45004519607342464,0.9044983943293441,0.15499370337325002,0.22352781300443336,0.07665637012013549,0.26920449440427263,0.9261645822997,0.7544345344257941,0.9755587935435694,0.6752854105169539,0.9511955094681253,0.7032618588121533,0.9364828535865235,0.266465827235995,0.8192062981927828,0.9254583045441065,0.9890224613698957,0.8734310330759449,0.5338957710536538,0.3713461695502305,0.7452329797614048,0.767433230098157,0.8228660466639517,0.5284910710147068,0.7064696521214033,0.5644491217407221,0.1500199713761976,0.39219616669262436,0.09790304308377995,0.7050903323774524,0.5901676221758665,0.26742078480591225,0.9408279791335907,0.8081844109590097,0.5969863672018993,0.8469781708652779,0.32070701209621344,0.04935449520848678,0.8774833335177508,,0.5181102801575701,0.3216052404581682,0.03560633405944813,0.8475010733681285,0.7851849135325204,0.0710324608214572
T4_VeryShortTtl_5to10min,0.05840040775886579,0.007163330273252555,0.6270412496239439,0.003552094671503747,0.15556145127256316,0.0050939111975130125,0.018414759860623242,0.4965337530521283,0.00018213888207396778,0.5311035099337453,0.5506455977999045,0.11395394136024861,0.9973235229610471,0.13558525898837903,0.029813201649291354,0.0002321364456545627,0.004410173929271233,0.03973130699839644,0.0410143078761267,0.25367863659821,0.2393770744655188,0.827015372520084,0.3095592065421462,0.2734489453631015,0.4440620082706961,2.2827295609317844e-11,0.8019381091954894,0.00017667054260939175,0.568907947068708,0.8940827561787368,0.6471189121456506,0.2823496825964975,1.791843136755844e-06,0.8627651946887522,0.13455682695604998,2.7987034911802766e-10,1.0463581334718697e-08,0.9469698242339262,0.007170537490473139,0.3456189948980868,0.1476177428874308,4.901557604242157e-09,0.007855163162743706,0.03616036133203715,0.5029498244177262,0.017876851530593374,0.12938687244301583,0.004097702801070913,0.1065004105102132,0.18305799070304718,0.707149386421321,0.007859310256715046,0.6311220301343534,0.5181102801575701,,2.338258109357838e-07,0.3530311354686715,0.27552020914036524,0.9192996300765397,0.0036905768124280147
T5_VeryLongTtl_6to24h,0.03720473028463189,0.010092530652019205,0.1259142303028402,5.5827594601209896e-05,0.14926929929146016,0.0007405826364741408,0.0016596435178450886,0.14867540504645826,3.805290891567559e-05,0.49724516541388186,0.12045892105959943,0.0281580940647419,0.24591932268144157,0.19330444957934967,0.059738639287410855,0.00014658800737676891,3.191296495508311e-05,0.020931011039475145,0.0043304928283258715,0.04534631128053768,0.6715422125704569,0.7333216215889322,0.9174591726355255,0.08051230622843852,0.9699769394267901,0.0018833549536669825,0.2885238009934905,0.0065627342410137235,0.4471016891070887,0.33598779259058675,0.7993347915096165,0.7422896493582392,1.9984014443252818e-14,0.7461695501978629,0.27662719138339664,0.003145209012536565,0.016170085540480716,0.0882108518760143,0.00025294910515349933,0.1370566012536678,0.12395728676970652,1.1102230246251565e-15,0.025651865800113693,0.07096150944554003,0.4319965536411785,0.12424293696784683,0.18791959191497476,0.5914789803564902,0.4471243792369517,0.4341187732204881,0.0779796572389766,0.03827204969093456,0.2643218657036306,0.3216052404581682,2.338258109357838e-07,,0.0015522084992634078,0.6359725648089203,0.6853386587578547,0.04980557327754953
T6_UniformSources_RandomFromTo,0.07306060666639569,0.08695610942938692,0.0006286907015764509,5.270380825317389e-06,0.003573893533511674,2.1149392748887053e-05,2.121546387456874e-07,0.2880225643253185,0.20621474260488792,0.994064546704934,0.3185888830934993,0.04982462255928288,0.34925735074169184,0.2734399309204678,0.3038381443242888,0.00429276471697726,4.150976092853753e-06,0.11594031406471417,6.576739153274502e-12,1.71566115441113e-05,0.2840732765469183,0.13363924626939472,0.22078408490049384,0.010682205236872244,0.3150943084008815,0.5566659205969775,0.7654011933370772,0.003724186411991237,0.20520807597683177,0.22198363008980926,0.26783561035169434,0.5623904780806392,0.01661104954081627,0.04145850224061731,0.9152375040798808,0.6871443872718146,0.9712708200309441,0.3909520371798523,0.004344076178434353,0.7267718492086326,5.275320524189553e-06,0.0035099356244561175,3.315233110257054e-08,0.952325824815474,0.7585577636493652,0.0626744410871729,0.11018798788923356,0.6362088201652174,0.2657006838515239,0.3179233529961343,0.10615823586430073,6.312466105384829e-10,0.1900713044105542,0.03560633405944813,0.3530311354686715,0.0015522084992634078,,0.18328784949894095,0.2906834436306487,2.8921997097253183e-06
T7_TargetedToHubs_FewDestinations,0.039652111910595256,0.08856018720866765,0.011153354908197022,0.6153728932540012,0.008801370457014457,0.6548731042843849,0.7628808159366669,0.8329071894492497,0.5714916505307119,0.5253122183296279,0.6693054984790403,0.9018001935113538,0.32928069577678554,0.19149699739773385,0.13737232633517626,0.056139409875000545,0.5902165982051653,0.0764816092895928,0.31824558329142727,0.48072250856093546,0.4748380498025495,0.9700788868371224,0.7420149585485618,0.7443536378260833,0.657191382975356,0.23238946395990556,0.9320325709276016,0.9683055745457523,0.8627191362515307,0.9862771592652795,0.607435327598292,0.49416318106488144,0.6137460858347548,0.0001851780857651253,0.33725001563806023,0.1696201722762094,0.18478306670631217,0.12672716654186833,0.7356842636662067,0.2223178535029191,0.6098210406732947,0.660562318384144,0.4217118675252114,5.5289106626332796e-14,0.39545934442818,0.9271441722291933,0.5886471431851299,0.0020864705971757047,1.1013197842579814e-07,0.03830233944417216,0.9576262215043507,0.3549317812619406,0.9499823280304667,0.8475010733681285,0.27552020914036524,0.6359725648089203,0.18328784949894095,,0.38179012008479263,0.4834285225849764
T8_BurstTraffic_TimeWindows,0.032511327574294535,0.047340346684110024,0.09610411245036032,0.04559848422724588,0.07357922800521588,0.0831218480698861,0.017021681380975373,0.3199572344080617,0.8941239507268977,0.00028091901338278547,2.8418887554337857e-06,0.8298791908251855,0.2877805428024205,0.1218117054878447,0.060305326498724554,0.6224184269397852,0.046763629906045434,0.034746353470984204,0.3342102245931631,0.400824311151706,0.10577988816459749,0.4275398272912614,0.24871749394820752,0.4401172834474303,0.22834677850922813,0.7510174322323473,0.8330583850240036,0.29648097883129587,0.7533085159583248,0.6004291735773784,0.1670158662772423,0.20862196902974928,0.5861022828583002,0.0013330476516069112,0.09452161499730005,0.6928267843483991,0.628143554092562,0.7471136895802468,0.880605446956523,0.06462457690461987,0.14701318445770473,0.7184446092521837,0.17117523927385458,0.7985485386544502,0.2371890852951135,0.5085477114305248,0.40020072299495246,1.643275016904866e-05,0.41157711218560444,1.7098753717359472e-06,0.5265706717532266,0.19921403583417385,0.5768314181172824,0.7851849135325204,0.9192996300765397,0.6853386587578547,0.2906834436306487,0.38179012008479263,,0.20433741192770372
T9_BufferStress_SmallBufferHighTraffic,0.06572414220936507,0.0743985403586036,0.14476626501793932,6.848396494163467e-05,0.00954568531748734,0.00024563469454941256,0.00011846863212250369,0.7103581965688965,0.252717117491974,0.9794600012350272,0.3090782437566635,0.11802472122326502,0.48673201970923974,0.7052069910683425,0.2159625949310955,0.0024854685036694857,0.0015602571973274415,0.21004078477169363,1.1205559014015876e-07,0.0006617592071238576,0.6315944753987426,0.13600257164591167,0.7609731778196098,0.06747809917769709,0.7792418137910433,0.5735039669844877,0.2971060765012403,3.1721647530957853e-10,0.18909535729056648,0.3391183673700675,0.2998964946695708,0.11871987726575961,0.13562727243824457,0.02935792264874615,0.883873452232554,0.7949753876019621,0.41275470361327904,0.8251987821783904,0.9369668282509005,0.8653787502213386,4.954844756710486e-09,0.0268718629819078,0.0,0.8065602928690265,0.7382598487161054,3.448534346972565e-08,0.9145410853048608,0.0016533442224375694,0.9050984676665639,0.00014583471012419302,0.008204170598521188,0.0,0.16962684123766758,0.0710324608214572,0.0036905768124280147,0.04980557327754953,2.8921997097253183e-06,0.4834285225849764,0.20433741192770372,
