,U11_OfficeWaitHeavyTail_HelsinkiMedium,U12_HighTimeVariance_HelsinkiMedium,U1_CBD_Commuting_HelsinkiMedium,U5_SparseSuburb_HelsinkiMedium,U7_MicroMobility_HelsinkiMedium,U8_CongestionHotspot_HelsinkiMedium,U9_WorkdayShort_HelsinkiMedium,C1_Campus_ClassChange,C2_ExamDay_LongStays,C3_Hackathon_24h,C4_Stadium_IngressEgress,C7_Library_Quiet,C8_EmergencyDrill_Evacuation,V1_TaxiLow_HelsinkiMedium,V2_TaxiHigh_HelsinkiMedium,V3_BusOnlyCarriers_HelsinkiMedium,V6_CarOwnership_0_HelsinkiMedium,V7_CarOwnership_100_HelsinkiMedium,R10_TinyRange_5m,R11_SpeedExtremeLow,R12_SpeedExtremeHigh,R1_Rural_RandomWaypoint,R2_VillagesTrails_ThreeClusters,R3_WildlifeTracking,R4_ParkRangers_HelsinkiMedium,R5_MountainRescue,R6_SparseLongRange,R7_SparseTinyBuffer,R8_IntermittentPower,R9_ExtremeRange_200m,D1_ShelterHotspots_Clusters,D2_PartitionedCity_MuleBridge,D3_Aftershock_ErraticMobility,D4_MedicalTriage_TwoClasses,D5_UAVMule_FastRoute_HelsinkiMedium,D6_ShortTtlCritical_5to10min,D7_HighLoad_TrafficStorm,D8_InfrastructureReturns_BackboneLinks,D9_Critical_1minTTL,S1_StrongCommunities_SeparateClusters,S2_WeakCommunities_HighMixing,S3_PeriodicMeetings_RegularRhythm,S4_RandomMixing_NoHotspots,S5_TwoLayer_StudentsStaff,S6_FamilyGroups_SmallPersistent,T10_HighRateLowSpeed_Congestion,T11_TTL_1min,T12_TTL_Infinite_Buffer200M,T13_Buffer_256k,T14_Buffer_200M,T15_TransmitSpeed_256k,T1_ManySmallMsgs_HighRate,T2_FewHugeMsgs_LowRate,T3_MixedBimodal_SmallAndLarge,T4_VeryShortTtl_5to10min,T5_VeryLongTtl_6to24h,T6_UniformSources_RandomFromTo,T7_TargetedToHubs_FewDestinations,T8_BurstTraffic_TimeWindows,T9_BufferStress_SmallBufferHighTraffic
U11_OfficeWaitHeavyTail_HelsinkiMedium,-2.220446049250313e-16,0.29185756993889456,0.4855912385128337,0.4471328732419185,0.3741144055091744,0.4119896754000655,0.3534068209929909,1.1768386164064226,1.3419759844061039,1.2310969489007362,1.1461527535911205,1.3307438079806553,0.9997719266539997,0.8434563163056077,0.7960264268770816,0.5641986899648761,0.48777959051407016,0.4447689728909867,1.522550349800261,1.3805053539330732,0.825644851571798,1.1488224374058127,1.0740047370146246,1.3442309943891995,1.11460955352566,1.2404557206394964,1.132068302879659,1.2709092898979564,1.1228893975405259,1.188648754076122,1.0858023571694393,1.2072135449480625,1.2511494410355404,1.1014278120623844,0.9498455929220647,1.148833164722275,1.1073814461916325,1.1191521942552674,1.3320697892116926,0.974649724935994,1.0690346336063852,1.3238314859686788,1.4240184338779747,1.1529243694139844,1.0469400202098287,1.1599021556657825,1.281447418065917,1.0805214297336432,1.3353215426973906,1.040895227990737,1.1633423503486382,1.4405061315506775,1.1344104417511507,1.2123925419117236,1.3096119451527812,1.3180074749830983,1.4094495869340258,1.1615819102547738,1.143781242740458,1.382793667381708
U12_HighTimeVariance_HelsinkiMedium,0.29185756993889456,1.1102230246251565e-16,0.47357518576490387,0.5505725098747422,0.2543899195163528,0.29682382465892554,0.30139056723113844,1.1967682718011239,1.320078754285465,1.2474519245559859,1.1684479096864413,1.346018643522997,1.0014031102707184,0.8060709982690102,0.8021607330113847,0.5656219285669593,0.313005832845039,0.37517145276749053,1.6159490345553915,1.4545060334302675,0.8430297374236355,1.191465292692146,1.1070206898213208,1.3960862489974353,1.149445426097464,1.214460625796447,1.083745541895706,1.1915252095397257,1.136617372841784,1.191120531343717,1.122430436289032,1.240410457085122,1.2154137765667217,1.0910904593450583,0.9764619563734522,1.1173281122612535,1.1384870639653175,1.143958468683973,1.300720535334312,0.9999743993169878,1.125402973871326,1.3032570677982336,1.4842824034127529,1.229562531498802,1.0656484539841435,1.0863373810596353,1.2136475309646573,1.1834426391598196,1.288438148097187,1.086549669480718,1.1039713964625308,1.5075758223707503,1.136310595128888,1.2567249998015153,1.2291660214859832,1.2627260057941598,1.5403513434314082,1.1909475489410746,1.1373576794792164,1.3854840736964942
U1_CBD_Commuting_HelsinkiMedium,0.4855912385128337,0.47357518576490387,-2.220446049250313e-16,0.4206348422528473,0.34898741915368836,0.19739358139771235,0.3693078954603273,1.1635152908451554,1.442435077159519,1.2300390856960424,1.1220384495404485,1.3963928766515257,0.9891528742428046,0.9010818331383628,0.7594364317029649,0.49732836351201026,0.31534326500176,0.3634776909331032,1.4640346664985562,1.2953968437520489,0.7890176779983968,1.063174031878786,1.0323665839998448,1.296167763400362,1.0713964655848562,1.3010687736818791,1.2275632526219433,1.3117355216841364,1.1228753543839662,1.1457860878969055,1.0507229164494563,1.1992415269387573,1.3479306459692106,1.1374622177982832,0.8963470133293425,1.2231850009315435,1.0407872354514127,1.110649071434823,1.333248694583499,0.9351621968815171,1.0192532943951147,1.3611753806471996,1.305983658096423,1.0692711638070225,1.0277046160629257,1.3690231936281259,1.3433135057171273,1.1472599742869898,1.3255842892991163,1.1846647128109484,1.4031403885556086,1.2837225202393197,1.0958668652226249,1.1814323761147456,1.4185163217458634,1.495720246218666,1.2752044915099636,1.1422754966494855,1.1961552315421984,1.3331046852938777
U5_SparseSuburb_HelsinkiMedium,0.4471328732419185,0.5505725098747422,0.4206348422528473,2.220446049250313e-16,0.657035099948657,0.5895663981235119,0.5660621767232861,1.2088578220461792,1.4723808485247343,1.2530815013045977,1.1984089659499673,1.3836499846543096,1.0486247878822113,0.7607306093850492,0.7685925753692207,0.4278620884275999,0.5520375941412801,0.5353061962468566,1.306563038439585,0.9897139610201073,0.8792620891286345,0.7150893654344136,1.0035801961166009,1.0921891681976803,0.9243543661186296,1.181629786144373,0.9554276430153584,1.1240723429916568,1.0840507403039379,1.112510915520993,1.1463683466415806,1.2390565596944452,1.319611970972128,1.1370391065654368,0.885705987416658,1.2358992592807092,1.123752705387239,1.1689573656789316,1.29793658469061,1.0605928786374186,1.279303881651491,1.4554532956810797,1.342508082602194,1.2298195420774984,1.022795491542308,1.2345833772452557,1.333490320181475,1.0972634420663137,1.2558948775334113,1.1708413210529756,1.226782259416795,1.32094154368948,1.083669409811899,1.1564999401006892,1.3798238101765188,1.4092007820515824,1.2873240491904254,1.1218196822207223,1.154637218845911,1.3033244192261473
U7_MicroMobility_HelsinkiMedium,0.3741144055091744,0.2543899195163528,0.34898741915368836,0.657035099948657,1.1102230246251565e-16,0.21305949955729497,0.24886646132244994,1.1524670096471725,1.2357207266902361,1.1982671121479052,1.0619206121965137,1.3486543156270219,0.95905353186544,1.0093079450186713,0.911090044306711,0.8221015051173443,0.26893568854963334,0.3735283422201795,1.6982391710119995,1.5679634244534126,0.9166193840707602,1.2965429284049472,1.1653540430292972,1.4782486701054707,1.3154739405111453,1.2283148339923793,1.2514576079512703,1.0923414534804587,1.1622060789654327,1.2090904146167512,0.9975249015480886,1.1496086508518597,1.0968427365052698,1.0554521577929163,0.9594702075037029,1.0189077305879026,0.9944781017838721,1.0513276839955659,1.1292224151745518,0.8021152529749882,0.9061686514654083,1.1234608809742073,1.273734346288272,1.0133674265914157,1.0818548634062386,1.1747225853372953,1.1326899153114414,1.4074616961833397,1.162883773992548,1.2546433724535915,1.3216748866908565,1.404896114158534,1.1772550176915086,1.2559556243939518,1.1082744266337776,1.2879730640931617,1.5526752865203737,1.1875250096700398,1.1387354034419683,1.2691883565466788
U8_CongestionHotspot_HelsinkiMedium,0.4119896754000655,0.29682382465892554,0.19739358139771235,0.5895663981235119,0.21305949955729497,0.0,0.2176454530152101,1.1663471989970178,1.3369383447058816,1.182293536989337,1.0994158791398865,1.3940157623174558,0.9799791979555363,0.9722894990029882,0.757943753873535,0.5167650002156765,0.20281398519309735,0.3429497563987618,1.5519883515233595,1.464474094480924,0.7655400059061359,1.244943774616297,1.0826736927464482,1.4021163028726065,1.1329402391049908,1.2283978849088908,1.3838608242321815,1.287487351187115,1.1547299883156825,1.1866086050783875,1.0741613534333332,1.1868403298676573,1.2442827938745824,1.0952549317632234,0.9530119297816676,1.1164343972773123,1.0785724874984495,1.094005601490765,1.205884035036347,0.9584007548803547,1.0094240951677427,1.181975706980661,1.3894518866776504,1.1333932384149714,1.0438605580159934,1.4705414297698607,1.1995326862806437,1.1738587441603845,1.2171534430681323,1.1036670033816052,1.5185495356658136,1.288655714790553,1.1191314745302434,1.2235906170312583,1.3147156411195629,1.3998607412418667,1.3127951355016132,1.171614257064027,1.192797103442591,1.417353283245632
U9_WorkdayShort_HelsinkiMedium,0.3534068209929909,0.30139056723113844,0.3693078954603273,0.5660621767232861,0.24886646132244994,0.2176454530152101,-2.220446049250313e-16,1.1952891466211937,1.2903694659908407,1.2107067602354542,1.1419665448710623,1.3585703364403319,1.0034496886531317,0.8800053317192303,0.7993050292560933,0.5653068659012357,0.2337547243950202,0.45171264393069477,1.6095091992590316,1.4665277920462376,0.8341001636261887,1.2121411457197786,1.107076243110649,1.4037700879557589,1.1514482627150302,1.1776507920854806,1.2104680265243082,1.1762184225551664,1.1488599996084894,1.2133801144028833,1.1174805344178045,1.2315175572965624,1.1610720774787509,1.0722127772394503,0.9787021941969102,1.073791459761729,1.1335490215011998,1.135916168908829,1.2085861945069303,0.9972361067410233,1.1098321822393777,1.2004361134249935,1.4779303541102546,1.2217521918123522,1.0638860698959736,1.2449747881515667,1.156692111060654,1.180528707769097,1.21103200056367,1.0576353118239519,1.2732421833382086,1.4502257942667478,1.13563381924093,1.2538895471887475,1.2133863968933203,1.2555786099406907,1.4761461289209548,1.1893470266028074,1.1443177900134698,1.424225093198408
C1_Campus_ClassChange,1.1768386164064226,1.1967682718011239,1.1635152908451554,1.2088578220461792,1.1524670096471725,1.1663471989970178,1.1952891466211937,1.1102230246251565e-16,0.8575629249104548,0.8901321777956888,0.9989972652392649,0.8178494428082065,0.8666257447967778,1.158114067729015,1.139033463163206,1.2133961589178994,1.163517454077204,1.16319612909689,0.8679132233147031,0.9697985069164649,1.0332943464811568,1.1189240920126313,1.0507981703930342,0.6326202451312188,1.0401339834355714,1.0971529251557541,1.0387133086562905,1.1633458590695769,1.0107104746565938,0.9579457989293141,1.0307459094875229,0.9509592541897095,1.0802750144303799,1.0943037733321272,1.0958944276980265,1.0926742085386438,1.0594286264728592,1.0032852156463674,1.0944848683661381,1.0377121906783386,0.8874118036698795,0.9538889186867915,0.8846879920060334,0.9354728572458648,1.0380825288016984,1.0035840642423972,1.0468042049662354,0.9389111080272606,1.044274600637923,0.9864060825746885,0.9252622632731056,0.9898294841395876,0.7619299979739428,1.0249885715549278,0.9846792879245421,0.8527671854122122,0.8816602886353876,1.0237435860483945,1.08870983872656,1.0210314587146718
C2_ExamDay_LongStays,1.3419759844061039,1.320078754285465,1.442435077159519,1.4723808485247343,1.2357207266902361,1.3369383447058816,1.2903694659908407,0.8575629249104548,-4.440892098500626e-16,0.2673068077183759,0.9772718709184579,0.1338567342024134,0.8885683336188177,1.363972314543066,1.3740725449911906,1.4956095470022523,1.368658251312846,1.434543792006614,0.6950878941669784,0.8446195128555967,1.2736565561843627,1.167080041745561,1.1221488699827737,0.5931545010994161,1.1682380007646844,0.7800175908298789,1.0279621801124368,0.6856450500155078,1.0142850470366298,0.9817243217660571,1.179611796144309,0.9478194337646265,0.39880467318217916,1.0257073828816492,1.3215970344162995,0.7948394217229238,1.1668098228054888,1.0410681770871077,0.5237050690948764,1.1661356677097623,1.0978428311418185,0.4085014281879402,0.8600585130891873,1.1358333963823954,1.0451038034799143,0.8915258379571823,0.5929504834105481,0.9631571779191628,0.587474499925472,0.7882409786535655,0.9084900272230577,0.8382264884391498,1.0081080786283385,1.032100412187841,0.5682763025051982,0.5283524301888671,0.9022872461902371,1.0577992199476292,0.9987706378237197,0.8953678809695639
C3_Hackathon_24h,1.2310969489007362,1.2474519245559859,1.2300390856960424,1.2530815013045977,1.1982671121479052,1.182293536989337,1.2107067602354542,0.8901321777956888,0.2673068077183759,0.0,1.1945839565226104,0.3291410272646339,1.146068081753499,1.2404069753176867,1.205928561422959,1.254586138511487,1.22653221890896,1.2467949180990365,0.6479122894372374,0.6864555611460336,1.1564671943563802,1.0095903449577235,0.9756742767143478,0.41990435131377635,1.0331212469657296,1.3176724475206227,1.0180769417142719,0.8329853876216914,0.9917209801789275,0.9809712711655619,1.0965581785992724,0.9734150013408311,0.5848562153969076,1.0398979322249262,1.1641043900620052,1.3785346368359954,1.550014013437512,1.026169003541266,0.7115198680703662,1.0761188348624444,1.068030753427365,0.6341974948573823,0.8119559677435227,1.0430669037106528,0.9449744664475175,1.0327848433474724,0.8070762468986267,0.9486686368260449,0.7456738849953612,0.9162942592243799,1.0271273662690503,0.8026669258282396,0.9712114143177606,0.9744687092623535,1.0539471248232082,0.7784248719171036,0.8106351777177867,1.0037262818527055,1.0120075873470655,0.9007347027829394
C4_Stadium_IngressEgress,1.1461527535911205,1.1684479096864413,1.1220384495404485,1.1984089659499673,1.0619206121965137,1.0994158791398865,1.1419665448710623,0.9989972652392649,0.9772718709184579,1.1945839565226104,2.220446049250313e-16,0.9611416256697918,0.8334310367366704,1.2176131442500076,1.146309896628836,1.2401133056139966,1.1280401930058732,1.1373095738211731,1.168087604666721,1.2236525079199876,1.0849271152495368,1.2099449563320537,1.142281021319249,1.1771971855535572,1.1853944329201218,0.8605449612572831,1.1963971893967997,1.1686749332875002,1.0588143600620004,1.0549515343713844,1.058735083402622,1.0562691751174982,1.1112733485443052,0.6239183264937325,1.1374713137149626,0.7878118027987927,0.7343026339167549,0.8490151085758176,1.0897403896418694,1.0809526930936102,0.9758250324405624,1.0282136410199467,1.0959563028193386,1.0595606285526524,1.116421125009592,1.1469257730223754,1.0840282164471964,1.0612049727840327,1.0996625990661901,1.0477984611065683,1.1723421658354338,1.0515423212666157,1.0456852360102764,0.767827447459186,0.9422392605974835,1.1607681618803234,1.0804173195053368,0.7886205438061902,0.14472145653122426,1.1126151724951294
C7_Library_Quiet,1.3307438079806553,1.346018643522997,1.3963928766515257,1.3836499846543096,1.3486543156270219,1.3940157623174558,1.3585703364403319,0.8178494428082065,0.1338567342024134,0.3291410272646339,0.9611416256697918,2.220446049250313e-16,0.8148447485468453,1.2352548750057768,1.307403691856622,1.367012248649224,1.3614714605383031,1.3656841268570856,0.6482782926587147,0.747467778803677,1.1931223211731123,1.106879516175655,0.9569974790026962,0.5482255991663159,1.0607371879035492,1.0188387511960713,0.9532760816446354,0.9316919041636174,0.9643033646991221,1.0006567146604592,1.1183195887538173,1.0789003637055476,0.6449578985390028,1.1057135294125087,1.2252603250773908,1.0412002932549662,1.0860963716830478,1.154565663600702,0.8744491113366879,1.163292732786116,1.0136768306592734,0.7129635253187738,0.7993521759283335,0.9948558615308499,1.0034054790457976,0.837814123741812,0.846676446886754,0.8623876687309128,0.8712100355103891,0.8883185184986725,0.7519076605136394,0.8190716798656047,0.9725536592662378,0.956241442909332,0.8509748421914791,0.7436971130471313,0.7791113082291495,1.0088913032996443,1.026773767617541,0.8167310579452836
C8_EmergencyDrill_Evacuation,0.9997719266539997,1.0014031102707184,0.9891528742428046,1.0486247878822113,0.95905353186544,0.9799791979555363,1.0034496886531317,0.8666257447967778,0.8885683336188177,1.146068081753499,0.8334310367366704,0.8148447485468453,0.0,1.01855393121438,0.956197370078656,1.0292537507090995,0.9687747660447794,0.9840094620238689,1.2704856172229668,1.2847981297372324,0.9206836949182103,1.2064684284612812,1.0866459414448182,1.2179968442586027,1.0991741064262817,0.9806222679802711,1.128759991012722,1.2560826192720536,1.0667167494789902,0.8386377327383058,1.0599657308090153,1.0729164036154464,1.259491207882886,1.073261787516296,1.0289078326917553,0.9156376789106319,0.8300402733109856,1.0316273775950948,1.233619717931549,1.0299252223111186,0.9606184201660847,1.190323111735996,1.2157516613565356,1.1162626900667276,1.0788967414203328,1.0991933546220263,1.1758857794598394,1.074341389390974,1.2233231871020316,1.0699083392507,1.109585388979816,1.1587527605427648,1.0739751208701056,1.1114531025951293,1.0789151942537816,1.2521831367423233,1.1958846808174233,1.0826198422538618,1.0970250313713543,1.1828032822179917
V1_TaxiLow_HelsinkiMedium,0.8434563163056077,0.8060709982690102,0.9010818331383628,0.7607306093850492,1.0093079450186713,0.9722894990029882,0.8800053317192303,1.158114067729015,1.363972314543066,1.2404069753176867,1.2176131442500076,1.2352548750057768,1.01855393121438,0.0,0.11620863707585716,0.5456034017938276,0.8691381353651872,0.8521978246569482,1.250579787466982,1.1406365280547297,0.5974585648738181,0.9920752844443615,0.9890200898099082,1.1593169992019394,0.2831544349906605,1.1426177284252792,0.8584942345159443,1.123422213233072,1.026821989173316,1.1049973443809877,1.2115140927650694,1.2545341164374886,1.3383200794982844,1.127050276866427,0.3315385671596168,1.2030942013625532,1.0989441314920474,1.1757734933956343,1.3541563121894544,1.2132420688192207,1.181506106686975,1.4237320754575924,1.3084254107757034,1.2855970748312102,1.0970486162583113,0.8209902359677341,1.117414613823878,1.151345421029942,1.2135404951654778,1.2025089230875168,0.7448060139228576,1.1970268865008662,1.0746328410907562,1.125805507125475,1.1876848208190616,1.2017183433522878,1.292234388163247,1.1060810258400053,1.1105682419553418,1.0645802597867609
V2_TaxiHigh_HelsinkiMedium,0.7960264268770816,0.8021607330113847,0.7594364317029649,0.7685925753692207,0.911090044306711,0.757943753873535,0.7993050292560933,1.139033463163206,1.3740725449911906,1.205928561422959,1.146309896628836,1.307403691856622,0.956197370078656,0.11620863707585716,2.220446049250313e-16,0.5205394799385386,0.7605372654561814,0.7696062597019646,1.3293503971614797,1.294906334281082,0.4125794074206315,1.1442066566978495,1.0404889570893558,1.2688833029050932,0.34614657831734297,1.1857774187426215,1.1190679518236564,1.3062835158635764,1.0721060427636278,1.0683089442603326,1.1562199783069176,1.194078547806262,1.3624621108994859,1.1150821813010974,0.32032106371135605,1.1755532142651641,1.0615873777298537,1.11520480048637,1.335352183323303,1.1549284174580796,1.0141823513919515,1.3393798909467622,1.3342078288274946,1.1910198907133616,1.11542795563051,1.1609578929286322,1.1727626267071094,1.0649532264730277,1.264807117470624,1.0925642812425493,1.1138316021105366,1.157749761558376,1.0666181288619252,1.138718946455354,1.313785905240618,1.327570086771341,1.188777192710669,1.1144908017331439,1.1561143413431398,1.2287067532958629
V3_BusOnlyCarriers_HelsinkiMedium,0.5641986899648761,0.5656219285669593,0.49732836351201026,0.4278620884275999,0.8221015051173443,0.5167650002156765,0.5653068659012357,1.2133961589178994,1.4956095470022523,1.254586138511487,1.2401133056139966,1.367012248649224,1.0292537507090995,0.5456034017938276,0.5205394799385386,-2.220446049250313e-16,0.5261220041232202,0.5196075456520924,1.2681824973597369,1.1158393385254717,0.5682574873645363,0.9356600879360747,0.9006110028917563,1.1738849987573194,0.7814233296148931,1.1729963497510676,1.0524475543058975,1.24723072745698,1.0619552554463247,1.1100265198375832,1.1868890040124174,1.2974495117161169,1.416625637420817,1.1513087761252272,0.8777888902178096,1.2587158041121684,1.1338235836724917,1.2107068429448544,1.3618540355596778,1.1919195517786645,1.2268402706485608,1.433121417040901,1.4089017305632485,1.2846530308231792,0.9734579586750152,1.227199095765761,1.192315654487424,1.0476527463520042,1.2366535237396552,1.130687739029546,1.1187243542403547,1.1631938549263323,1.0756800315375479,1.1411829812002905,1.3808684901860708,1.3570818111289036,1.1609248197700253,1.1259524366748042,1.1866382577290846,1.257481094482808
V6_CarOwnership_0_HelsinkiMedium,0.48777959051407016,0.313005832845039,0.31534326500176,0.5520375941412801,0.26893568854963334,0.20281398519309735,0.2337547243950202,1.163517454077204,1.368658251312846,1.22653221890896,1.1280401930058732,1.3614714605383031,0.9687747660447794,0.8691381353651872,0.7605372654561814,0.5261220041232202,-4.440892098500626e-16,0.35332289134105044,1.5430502969496214,1.4613340662262186,0.7649600646922257,1.2476678091789801,1.0829560489702696,1.3983618127840463,1.132435848578761,1.2849175651067963,1.2219339717814959,1.321984130932959,1.1324062248841236,1.1550728563333084,1.0716984097092581,1.1801487667238937,1.3367643630903303,1.1235343085397438,0.9553049493343398,1.1797136165369775,1.0714214934581578,1.08915281474676,1.3381644834287787,0.9586044989811864,1.0045024968262308,1.3226916137794633,1.370499766029523,1.1292787655587473,1.042903211105283,1.22582669961514,1.2692846728234433,1.1925816634618702,1.3228792975871875,1.1658713008153772,1.2637356578008,1.3297755724236482,1.1326557270485889,1.2188418203975382,1.3268956225004107,1.4172250483092999,1.3858035516934573,1.1685025954813317,1.1839797702916797,1.3273304763742018
V7_CarOwnership_100_HelsinkiMedium,0.4447689728909867,0.37517145276749053,0.3634776909331032,0.5353061962468566,0.3735283422201795,0.3429497563987618,0.45171264393069477,1.16319612909689,1.434543792006614,1.2467949180990365,1.1373095738211731,1.3656841268570856,0.9840094620238689,0.8521978246569482,0.7696062597019646,0.5196075456520924,0.35332289134105044,3.3306690738754696e-16,1.4631264864001654,1.301382597615601,0.798364180935097,1.0744360313072912,1.038537825618126,1.29756914755706,1.0765364857575714,1.3149331796142323,1.1276893816992744,1.3312838349010687,1.1122219405280607,1.1223065909046286,1.0548590482360682,1.1947352039110348,1.3690222195998245,1.142637666740164,0.9071699586686912,1.2387162091427175,1.054017092483244,1.108497846253288,1.3965949939253233,0.9425752219377941,1.0259343149709397,1.41733339212645,1.324348592491219,1.0800438516902315,1.0301450824066563,1.2304264412400037,1.3752166885474029,1.1134464656300758,1.386670729695557,1.1583262025409555,1.24897094271368,1.338584314105669,1.0972416259905178,1.1818802985011005,1.4163035483706718,1.4677204578298064,1.3206440637227117,1.1418284617284464,1.1803694466371304,1.317192163148058
R10_TinyRange_5m,1.522550349800261,1.6159490345553915,1.4640346664985562,1.306563038439585,1.6982391710119995,1.5519883515233595,1.6095091992590316,0.8679132233147031,0.6950878941669784,0.6479122894372374,1.168087604666721,0.6482782926587147,1.2704856172229668,1.250579787466982,1.3293503971614797,1.2681824973597369,1.5430502969496214,1.4631264864001654,3.3306690738754696e-16,0.2198992352350202,1.1762317252714922,0.552460969918454,1.060836872646793,0.38477754166025335,0.8786914292894492,0.7701884433508691,0.8749456426971253,0.6999453373265516,0.881233277296243,0.9590227872484682,1.0825817572583458,0.7156428412102401,0.7327582455095492,1.1996046448727407,1.1644892704908456,0.9504477160885112,0.9308815968620658,0.9287684204052161,0.60838382030755,1.1492294033087447,0.8680847223836015,0.6982990780622774,0.2717748707284535,0.7090560287859184,1.0713520950191726,0.6875114885522071,0.784352719431401,0.6869293344913989,0.6358335135412065,0.8750935392921124,0.7079976544604198,0.2885657184464071,0.8971385729610981,0.8013104993776531,0.7447551158817041,0.6748282238856131,0.2449188726467988,0.9436504082723789,1.0984234786938714,0.3810663848850919
R11_SpeedExtremeLow,1.3805053539330732,1.4545060334302675,1.2953968437520489,0.9897139610201073,1.5679634244534126,1.464474094480924,1.4665277920462376,0.9697985069164649,0.8446195128555967,0.6864555611460336,1.2236525079199876,0.747467778803677,1.2847981297372324,1.1406365280547297,1.294906334281082,1.1158393385254717,1.4613340662262186,1.301382597615601,0.2198992352350202,0.0,1.3057713714385346,0.15437965417248334,0.9423274052266989,0.204560360020413,0.7937967368285523,0.849541404367732,0.6389450111954673,0.5790672097397902,0.913030952052872,0.9295139376043278,1.1485936744286973,0.9986729251071977,0.6999930611807326,1.1964883364560508,1.0345161332220971,1.0774592335725777,1.0198985545633288,1.1369822427202012,0.7086111907328949,1.1454147137141342,1.2071352867021283,0.9196247768560413,0.4953071170941573,0.8736174451285744,1.031192696278089,0.9064150842486711,0.9809245226309966,0.7777638711976382,0.7177635930520562,0.9931009500370924,0.8810802578933562,0.6376266751210884,0.904610547618398,0.8615781115979952,0.9357104749076289,0.8233098930731646,0.4966498552984743,0.965211721003099,1.0845246180792638,0.6358067904080087
R12_SpeedExtremeHigh,0.825644851571798,0.8430297374236355,0.7890176779983968,0.8792620891286345,0.9166193840707602,0.7655400059061359,0.8341001636261887,1.0332943464811568,1.2736565561843627,1.1564671943563802,1.0849271152495368,1.1931223211731123,0.9206836949182103,0.5974585648738181,0.4125794074206315,0.5682574873645363,0.7649600646922257,0.798364180935097,1.1762317252714922,1.3057713714385346,2.220446049250313e-16,1.2679100773905123,1.156659666271552,1.291443147151334,1.076218687718726,1.1444630985766824,1.1934689738908724,1.2971771982655205,1.0203792619818102,0.9965056897196,1.0212874319605325,1.1398848294621535,1.2098549161341026,1.0837707522672408,1.0761705238942951,1.0608987303839026,0.8640712501284369,1.213939622205755,1.241556921242045,1.2734546701107947,0.6196981255954837,1.1413964208303844,1.064075592255567,0.8343772527443996,1.2165051019365,1.0705230409696662,0.9875023881460125,0.9494897064921278,1.1746142623757219,0.988052491092989,0.9819404831180539,0.9086733547197953,1.046098378570027,1.0316091358658872,1.2003654459018587,1.128370314641609,0.8952840825592723,1.060409102126072,1.1355688332247627,0.9980256881249079
R1_Rural_RandomWaypoint,1.1488224374058127,1.191465292692146,1.063174031878786,0.7150893654344136,1.2965429284049472,1.244943774616297,1.2121411457197786,1.1189240920126313,1.167080041745561,1.0095903449577235,1.2099449563320537,1.106879516175655,1.2064684284612812,0.9920752844443615,1.1442066566978495,0.9356600879360747,1.2476678091789801,1.0744360313072912,0.552460969918454,0.15437965417248334,1.2679100773905123,3.3306690738754696e-16,1.047837442296694,0.48860639254097393,0.8233568245505145,0.8332143104419697,0.6078001958723427,0.5586969697500785,0.9704850621331372,0.9868146430906772,1.1372878634752162,0.9808012771657373,0.8884787169792241,1.1367544077299483,0.9264750503692273,1.0495639105255745,1.0433605201367457,1.063878410738946,0.7923686816177454,1.058237983533303,1.328694056292278,1.1610872729874615,0.756055997419266,1.0095733063240575,1.0604769533844336,0.980797507018192,1.1407893607217467,0.9145419094725729,0.8305965975513857,1.0675775582915101,1.0513675167509167,0.9352322646934677,0.9674147690496653,0.9600565234360319,1.0408866098186937,1.0306725750306684,0.8365263678358908,1.0054090775840812,1.0699292848836024,0.8605680987567708
R2_VillagesTrails_ThreeClusters,1.0740047370146246,1.1070206898213208,1.0323665839998448,1.0035801961166009,1.1653540430292972,1.0826736927464482,1.107076243110649,1.0507981703930342,1.1221488699827737,0.9756742767143478,1.142281021319249,0.9569974790026962,1.0866459414448182,0.9890200898099082,1.0404889570893558,0.9006110028917563,1.0829560489702696,1.038537825618126,1.060836872646793,0.9423274052266989,1.156659666271552,1.047837442296694,0.0,0.9274520906145132,0.7952083370704305,1.2732066196843164,1.0337631354790038,1.1714849634280342,1.0013214627437335,1.0249518590492235,0.4226824785868538,0.9235896983709314,1.0319796876481235,1.1390309207475393,0.8553190898445806,1.2968496774335379,1.0887346004478136,0.906192085303921,1.237077423531889,0.4241328213903206,1.1666027853962393,1.0956784218443918,1.0853197843095734,0.9707148334473007,0.42189878044447937,1.2269525575008893,1.1033305396652384,0.9438831369867728,1.1329789876548504,1.0773667222106755,1.0245036091302862,1.0388166758789874,0.9865766062657013,1.010330386068288,1.2575000833632095,1.0975114812174562,0.8975398471824219,1.040073080438564,1.1080899487583709,1.0803537307607698
R3_WildlifeTracking,1.3442309943891995,1.3960862489974353,1.296167763400362,1.0921891681976803,1.4782486701054707,1.4021163028726065,1.4037700879557589,0.6326202451312188,0.5931545010994161,0.41990435131377635,1.1771971855535572,0.5482255991663159,1.2179968442586027,1.1593169992019394,1.2688833029050932,1.1738849987573194,1.3983618127840463,1.29756914755706,0.38477754166025335,0.204560360020413,1.291443147151334,0.48860639254097393,0.9274520906145132,-2.220446049250313e-16,0.8588059801721539,0.9596585275948122,0.7278545290820341,0.7826428742707601,0.9563475104583109,0.9660610708205232,1.1837614060676187,1.020503562970863,0.7370361289685468,1.168558163421881,1.1069564947322768,1.1430675479133816,1.1482384639234875,1.1081967738749465,0.8473655971901934,1.1461978496373688,1.2855926905430768,0.9195434743915227,0.7044807693093698,1.071969271373911,0.9478431337238442,0.9685610086179351,1.0334028248198601,0.867871129021656,0.8251109605823166,1.0240506845586017,0.9050725431280618,0.8185371569247264,0.88725980312146,0.942486396318074,0.9550014800112099,0.854145645273549,0.7108524561394511,0.992324555984301,1.0759583165336393,0.8475523856939156
R4_ParkRangers_HelsinkiMedium,1.11460955352566,1.149445426097464,1.0713964655848562,0.9243543661186296,1.3154739405111453,1.1329402391049908,1.1514482627150302,1.0401339834355714,1.1682380007646844,1.0331212469657296,1.1853944329201218,1.0607371879035492,1.0991741064262817,0.2831544349906605,0.34614657831734297,0.7814233296148931,1.132435848578761,1.0765364857575714,0.8786914292894492,0.7937967368285523,1.076218687718726,0.8233568245505145,0.7952083370704305,0.8588059801721539,-2.220446049250313e-16,1.063423264659403,0.9412735024001193,1.031483354290685,0.9928663827821056,1.0209593646473893,1.2179204592016872,1.2276277992006055,1.117567352302215,1.1501587381031653,0.1550930143570992,1.2000336902316902,1.1409651577269517,1.1441694142314796,1.1067946747905677,1.1377801873310966,1.2787246159738657,1.1386059379717237,1.0823420933745045,1.2183359808373397,0.9888067047867894,1.1007312442353745,1.0477436452583737,0.945721310822943,1.0123564812785355,1.0582296887030194,0.9815212645714126,0.9456835431611715,0.9855914410368221,1.0180828494153116,1.1501063045115185,1.071703560096934,0.8973471841510235,1.0429086018735239,1.107416176335497,1.0246247890630287
R5_MountainRescue,1.2404557206394964,1.214460625796447,1.3010687736818791,1.181629786144373,1.2283148339923793,1.2283978849088908,1.1776507920854806,1.0971529251557541,0.7800175908298789,1.3176724475206227,0.8605449612572831,1.0188387511960713,0.9806222679802711,1.1426177284252792,1.1857774187426215,1.1729963497510676,1.2849175651067963,1.3149331796142323,0.7701884433508691,0.849541404367732,1.1444630985766824,0.8332143104419697,1.2732066196843164,0.9596585275948122,1.063423264659403,2.220446049250313e-16,0.9868089181638683,0.48725312563503553,1.0173083285591404,1.044176644592106,1.1939764682870118,0.8813180885467156,0.6253596024000334,0.9804419374899801,1.2120615755454458,0.06633851930748946,0.4704022460987318,1.0043569397225967,0.4162779238919144,1.2576646422094608,1.1487140403748604,0.5556669864521607,0.9395097639039375,1.1873129200866204,1.1788643571534756,0.9178213538837641,0.5023549438037458,1.0377310749735826,0.45184244285790043,0.8313469895319404,0.9947087959372973,0.8040103222886457,1.093319430778834,1.0505674796835731,0.18589081056296985,0.5466367633532525,0.9348394283275506,1.0753578848429743,1.0154173021357804,0.8848900276369959
R6_SparseLongRange,1.132068302879659,1.083745541895706,1.2275632526219433,0.9554276430153584,1.2514576079512703,1.3838608242321815,1.2104680265243082,1.0387133086562905,1.0279621801124368,1.0180769417142719,1.1963971893967997,0.9532760816446354,1.128759991012722,0.8584942345159443,1.1190679518236564,1.0524475543058975,1.2219339717814959,1.1276893816992744,0.8749456426971253,0.6389450111954673,1.1934689738908724,0.6078001958723427,1.0337631354790038,0.7278545290820341,0.9412735024001193,0.9868089181638683,1.1102230246251565e-16,0.8075457845032772,0.9627576849201268,0.3364099912839995,1.1484409668579008,1.0790197861160946,1.0252099799539118,1.115531119028997,1.0515673558635406,1.1335989437451448,1.1078353157278185,1.1238563449212942,1.0809585849158783,1.1373915031301838,1.2709148619525585,1.2358251230446293,0.9431942222675411,1.1222241148930616,1.0528345116211288,0.5888664950636529,1.1137054641406845,0.9738999242501616,1.090207468525857,1.0454289625837085,0.5191533051048427,1.1261888729322336,1.007803112576498,1.0152554634473117,1.0165160816217607,0.89127332042462,1.1414887749733933,1.029948634883237,1.0090647620595723,0.8987669531573107
R7_SparseTinyBuffer,1.2709092898979564,1.1915252095397257,1.3117355216841364,1.1240723429916568,1.0923414534804587,1.287487351187115,1.1762184225551664,1.1633458590695769,0.6856450500155078,0.8329853876216914,1.1686749332875002,0.9316919041636174,1.2560826192720536,1.123422213233072,1.3062835158635764,1.24723072745698,1.321984130932959,1.3312838349010687,0.6999453373265516,0.5790672097397902,1.2971771982655205,0.5586969697500785,1.1714849634280342,0.7826428742707601,1.031483354290685,0.48725312563503553,0.8075457845032772,3.3306690738754696e-16,0.9824860674231614,1.0282869705196567,1.2108252090748715,1.0357564112699031,0.3267454078491565,0.9922810552886061,1.1690296806982574,0.6176217926673098,1.0090892803250897,1.158433851815926,0.14614284159205038,1.2306319509563848,1.2379180828317664,0.3896313712401759,0.6516066027191187,1.0960375290186994,1.1751848025902905,0.7996882662055147,0.25305200108511794,1.4028420641040507,0.10975688540372497,1.185091158447685,0.9324635512057478,0.6602321933739991,0.9781054933248977,1.0237653645155524,0.26515878715147334,0.38387748644255104,0.9519963595820239,1.0672129013531118,0.996522415970862,0.5433540959049898
R8_IntermittentPower,1.1228893975405259,1.136617372841784,1.1228753543839662,1.0840507403039379,1.1622060789654327,1.1547299883156825,1.1488599996084894,1.0107104746565938,1.0142850470366298,0.9917209801789275,1.0588143600620004,0.9643033646991221,1.0667167494789902,1.026821989173316,1.0721060427636278,1.0619552554463247,1.1324062248841236,1.1122219405280607,0.881233277296243,0.913030952052872,1.0203792619818102,0.9704850621331372,1.0013214627437335,0.9563475104583109,0.9928663827821056,1.0173083285591404,0.9627576849201268,0.9824860674231614,1.1102230246251565e-16,0.9910210442996138,1.032403280860188,1.044054560939345,0.9960315296936256,1.0612877033760622,1.0494828204418896,1.0417011458090282,0.9798543240389481,1.0860478657796973,1.0046673289078443,1.0909024382611687,0.9706608469571314,0.992474279498993,0.8970240863155046,0.9500253911142984,1.0493046830891257,0.925050932679177,0.9652639526233953,0.966413005293975,0.9758977760492665,1.0179489752076973,0.8904427908900772,0.8886864756210113,0.9808827951362067,0.9716914910794422,0.9916682301373649,0.9570538869038652,0.8808214562899721,1.0014850486496483,1.0351898429946809,0.8755374646195677
R9_ExtremeRange_200m,1.188648754076122,1.191120531343717,1.1457860878969055,1.112510915520993,1.2090904146167512,1.1866086050783875,1.2133801144028833,0.9579457989293141,0.9817243217660571,0.9809712711655619,1.0549515343713844,1.0006567146604592,0.8386377327383058,1.1049973443809877,1.0683089442603326,1.1100265198375832,1.1550728563333084,1.1223065909046286,0.9590227872484682,0.9295139376043278,0.9965056897196,0.9868146430906772,1.0249518590492235,0.9660610708205232,1.0209593646473893,1.044176644592106,0.3364099912839995,1.0282869705196567,0.9910210442996138,-2.220446049250313e-16,1.0539032070843366,1.0670974885011582,1.0495470741761252,1.0895082038799195,1.0795354198660472,1.0950988171636575,1.0013667253110643,1.1174849400649411,1.006786863635941,1.1193274689896155,0.9685035572588072,0.997028615775848,0.8811567384356326,0.9477691748665794,1.0749157812465606,1.0305727228383557,1.0140634717356853,0.9395341896688422,1.0515849050687216,0.9771163391011412,0.9450509217780159,0.8894043634379708,0.9836682840356948,0.986315759441203,1.0934850627641761,0.962218779709681,0.8927940845314402,1.0158796881497447,1.0591087226175606,0.9688420114409773
D1_ShelterHotspots_Clusters,1.0858023571694393,1.122430436289032,1.0507229164494563,1.1463683466415806,0.9975249015480886,1.0741613534333332,1.1174805344178045,1.0307459094875229,1.179611796144309,1.0965581785992724,1.058735083402622,1.1183195887538173,1.0599657308090153,1.2115140927650694,1.1562199783069176,1.1868890040124174,1.0716984097092581,1.0548590482360682,1.0825817572583458,1.1485936744286973,1.0212874319605325,1.1372878634752162,0.4226824785868538,1.1837614060676187,1.2179204592016872,1.1939764682870118,1.1484409668579008,1.2108252090748715,1.032403280860188,1.0539032070843366,0.0,0.49490095225550723,1.1476576972016939,1.0833769810892555,1.006421865795022,1.0898788031658468,0.8843300578056068,0.6628810745965156,1.1564648150720278,0.2040554214682988,0.7112707813967425,1.0893519069297763,0.9021475006736817,0.6007257043931644,0.3573872785710912,1.04444975943669,1.1499132172679758,0.9590979197806238,1.1827910621844766,1.0266907751510364,1.061800838191359,0.9737703189068648,1.0439233849185827,1.0278763890709628,1.1713193499135166,1.1608752600751537,0.9228628332197716,1.0565639642184088,1.1295294853468054,0.9654163892373984
D2_PartitionedCity_MuleBridge,1.2072135449480625,1.240410457085122,1.1992415269387573,1.2390565596944452,1.1496086508518597,1.1868403298676573,1.2315175572965624,0.9509592541897095,0.9478194337646265,0.9734150013408311,1.0562691751174982,1.0789003637055476,1.0729164036154464,1.2545341164374886,1.194078547806262,1.2974495117161169,1.1801487667238937,1.1947352039110348,0.7156428412102401,0.9986729251071977,1.1398848294621535,0.9808012771657373,0.9235896983709314,1.020503562970863,1.2276277992006055,0.8813180885467156,1.0790197861160946,1.0357564112699031,1.044054560939345,1.0670974885011582,0.49490095225550723,1.1102230246251565e-16,1.205079628697769,1.0952750919308207,1.166639792141193,0.9069889561833753,1.0344216911344923,0.23343226505148895,0.8720702447099054,0.4359924214462444,0.878022790012225,1.0347587835365446,0.79014499958312,0.9315299012408491,0.7255459042727722,0.71802945162922,1.1163562849344022,0.9990975710497247,1.0058142147481919,0.9875394387512046,1.0016328765390319,0.8089556076962265,1.0320981191862044,1.0657031072016891,0.896140282499381,1.1397293857769455,0.994204787957728,1.068096318286145,1.1163847641797369,0.841822442181446
D3_Aftershock_ErraticMobility,1.2511494410355404,1.2154137765667217,1.3479306459692106,1.319611970972128,1.0968427365052698,1.2442827938745824,1.1610720774787509,1.0802750144303799,0.39880467318217916,0.5848562153969076,1.1112733485443052,0.6449578985390028,1.259491207882886,1.3383200794982844,1.3624621108994859,1.416625637420817,1.3367643630903303,1.3690222195998245,0.7327582455095492,0.6999930611807326,1.2098549161341026,0.8884787169792241,1.0319796876481235,0.7370361289685468,1.117567352302215,0.6253596024000334,1.0252099799539118,0.3267454078491565,0.9960315296936256,1.0495470741761252,1.1476576972016939,1.205079628697769,3.3306690738754696e-16,0.9721673648052962,1.2154778832420863,0.6098789916362826,1.044444386298294,1.3150320298457943,0.23115217396581833,1.1988910300535793,1.0343362771293694,0.13590340042918547,0.7512317317735558,0.8834592157710417,1.147682534995659,1.072962551771607,0.32162243026541737,0.8688196868855746,0.30455980595264665,0.6311918577379462,1.001084854278275,0.8361514722770848,1.017915411058064,0.9770696272220536,0.42647639206484866,0.1848822881678781,0.7175009981342947,1.048638922276014,0.964458851780178,0.8632661536453334
D4_MedicalTriage_TwoClasses,1.1014278120623844,1.0910904593450583,1.1374622177982832,1.1370391065654368,1.0554521577929163,1.0952549317632234,1.0722127772394503,1.0943037733321272,1.0257073828816492,1.0398979322249262,0.6239183264937325,1.1057135294125087,1.073261787516296,1.127050276866427,1.1150821813010974,1.1513087761252272,1.1235343085397438,1.142637666740164,1.1996046448727407,1.1964883364560508,1.0837707522672408,1.1367544077299483,1.1390309207475393,1.168558163421881,1.1501587381031653,0.9804419374899801,1.115531119028997,0.9922810552886061,1.0612877033760622,1.0895082038799195,1.0833769810892555,1.0952750919308207,0.9721673648052962,1.1102230246251565e-16,1.1389013976951166,0.9615590491791924,1.1015471935082881,0.8808087550405993,0.9576807545065162,1.144984911376789,1.1040677459495356,0.9364307058809205,1.212312253029534,1.1555465220070076,1.0662463180705197,1.1122303525462638,0.9236199902244582,1.0562339253984976,0.9567018393706123,0.9534264876440356,1.1055288135317602,1.130445307849656,1.090562508231369,0.7330492624734013,0.9746078003489841,0.9698471313986617,1.1572889423907975,0.1886923382900323,0.5549206560000981,1.1708449030880237
D5_UAVMule_FastRoute_HelsinkiMedium,0.9498455929220647,0.9764619563734522,0.8963470133293425,0.885705987416658,0.9594702075037029,0.9530119297816676,0.9787021941969102,1.0958944276980265,1.3215970344162995,1.1641043900620052,1.1374713137149626,1.2252603250773908,1.0289078326917553,0.3315385671596168,0.32032106371135605,0.8777888902178096,0.9553049493343398,0.9071699586686912,1.1644892704908456,1.0345161332220971,1.0761705238942951,0.9264750503692273,0.8553190898445806,1.1069564947322768,0.1550930143570992,1.2120615755454458,1.0515673558635406,1.1690296806982574,1.0494828204418896,1.0795354198660472,1.006421865795022,1.166639792141193,1.2154778832420863,1.1389013976951166,0.0,1.1906573188983405,1.0039509140741114,1.075309294102165,1.2320020111685657,0.8622211921162385,1.0048123530723432,1.2502036821533578,1.093138920348314,0.947119801839503,0.9215085559930883,1.1566959699243433,1.2377923427273927,1.0066661906441419,1.2129066608945538,1.0984546982293542,1.1317144521256002,1.127627850127888,1.0501390577702496,1.0769890260374524,1.2821335930284674,1.2600732718412866,1.0556369738510203,1.0834992734203321,1.1466717434710978,1.1156668479959526
D6_ShortTtlCritical_5to10min,1.148833164722275,1.1173281122612535,1.2231850009315435,1.2358992592807092,1.0189077305879026,1.1164343972773123,1.073791459761729,1.0926742085386438,0.7948394217229238,1.3785346368359954,0.7878118027987927,1.0412002932549662,0.9156376789106319,1.2030942013625532,1.1755532142651641,1.2587158041121684,1.1797136165369775,1.2387162091427175,0.9504477160885112,1.0774592335725777,1.0608987303839026,1.0495639105255745,1.2968496774335379,1.1430675479133816,1.2000336902316902,0.06633851930748946,1.1335989437451448,0.6176217926673098,1.0417011458090282,1.0950988171636575,1.0898788031658468,0.9069889561833753,0.6098789916362826,0.9615590491791924,1.1906573188983405,2.220446049250313e-16,0.3312677896431675,1.0172868757554385,0.48893637003543033,1.1553570727737552,0.9042292593389514,0.5234835963915281,0.9428480465950405,1.0035888107821234,1.214318133929712,0.9625431241825319,0.5419597890465879,1.0159593627415124,0.560898633075627,0.7782975646023416,1.0452601100936965,0.8861481700336236,1.110367275588202,1.06565361753957,0.212129630406105,0.568349037017509,0.9644188483898097,1.087968704183037,1.0217128243573603,0.9359638516264891
D7_HighLoad_TrafficStorm,1.1073814461916325,1.1384870639653175,1.0407872354514127,1.123752705387239,0.9944781017838721,1.0785724874984495,1.1335490215011998,1.0594286264728592,1.1668098228054888,1.550014013437512,0.7343026339167549,1.0860963716830478,0.8300402733109856,1.0989441314920474,1.0615873777298537,1.1338235836724917,1.0714214934581578,1.054017092483244,0.9308815968620658,1.0198985545633288,0.8640712501284369,1.0433605201367457,1.0887346004478136,1.1482384639234875,1.1409651577269517,0.4704022460987318,1.1078353157278185,1.0090892803250897,0.9798543240389481,1.0013667253110643,0.8843300578056068,1.0344216911344923,1.044444386298294,1.1015471935082881,1.0039509140741114,0.3312677896431675,2.220446049250313e-16,1.124606290989859,0.9936335286280151,1.0136532732155326,0.5286954767457325,0.9637008403597386,0.6457817625032161,0.5665349654620183,1.174310136712955,0.9546003296514051,0.9367377791751448,1.04861121824654,0.9783266439916956,1.1339450521777206,0.9795634310768604,0.7094251220279327,1.022512268310627,0.9437344577694414,0.62547329167159,1.0295882216886127,0.7337211715017105,1.0135583110362052,1.1146249425506656,0.6748367489724683
D8_InfrastructureReturns_BackboneLinks,1.1191521942552674,1.143958468683973,1.110649071434823,1.1689573656789316,1.0513276839955659,1.094005601490765,1.135916168908829,1.0032852156463674,1.0410681770871077,1.026169003541266,0.8490151085758176,1.154565663600702,1.0316273775950948,1.1757734933956343,1.11520480048637,1.2107068429448544,1.08915281474676,1.108497846253288,0.9287684204052161,1.1369822427202012,1.213939622205755,1.063878410738946,0.906192085303921,1.1081967738749465,1.1441694142314796,1.0043569397225967,1.1238563449212942,1.158433851815926,1.0860478657796973,1.1174849400649411,0.6628810745965156,0.23343226505148895,1.3150320298457943,0.8808087550405993,1.075309294102165,1.0172868757554385,1.124606290989859,2.220446049250313e-16,1.0246603648880213,0.44386863119462716,1.0216959040896365,1.1663817385511464,0.9928305622955024,1.1350168063312935,0.7918936790045479,0.8317616819984837,1.2426372943911024,1.0714614069346093,1.1377411486874578,1.0572546952389315,1.0950783676767417,0.9911154605472914,1.0806721392289367,0.6819233947729575,1.033004564054932,1.2961412204546727,1.1796639202859327,1.1117320400868098,0.8905012027447807,1.021577869799489
D9_Critical_1minTTL,1.3320697892116926,1.300720535334312,1.333248694583499,1.29793658469061,1.1292224151745518,1.205884035036347,1.2085861945069303,1.0944848683661381,0.5237050690948764,0.7115198680703662,1.0897403896418694,0.8744491113366879,1.233619717931549,1.3541563121894544,1.335352183323303,1.3618540355596778,1.3381644834287787,1.3965949939253233,0.60838382030755,0.7086111907328949,1.241556921242045,0.7923686816177454,1.237077423531889,0.8473655971901934,1.1067946747905677,0.4162779238919144,1.0809585849158783,0.14614284159205038,1.0046673289078443,1.006786863635941,1.1564648150720278,0.8720702447099054,0.23115217396581833,0.9576807545065162,1.2320020111685657,0.48893637003543033,0.9936335286280151,1.0246603648880213,2.220446049250313e-16,1.1859534853673461,1.0384334009190204,0.13238146109821392,0.6062734394884923,0.9883998099915896,1.1805997822258862,1.0242603069206793,0.17739680631975308,1.1886888552335673,0.05939622233940056,0.9135632426513007,1.1644692953202007,0.5170916843069715,1.0680400310520275,0.9959382091134259,0.24191721628698482,0.3127344466852402,0.7316405432235208,1.0573248015683534,1.0073434685769893,0.643868684293637
S1_StrongCommunities_SeparateClusters,0.974649724935994,0.9999743993169878,0.9351621968815171,1.0605928786374186,0.8021152529749882,0.9584007548803547,0.9972361067410233,1.0377121906783386,1.1661356677097623,1.0761188348624444,1.0809526930936102,1.163292732786116,1.0299252223111186,1.2132420688192207,1.1549284174580796,1.1919195517786645,0.9586044989811864,0.9425752219377941,1.1492294033087447,1.1454147137141342,1.2734546701107947,1.058237983533303,0.4241328213903206,1.1461978496373688,1.1377801873310966,1.2576646422094608,1.1373915031301838,1.2306319509563848,1.0909024382611687,1.1193274689896155,0.2040554214682988,0.4359924214462444,1.1988910300535793,1.144984911376789,0.8622211921162385,1.1553570727737552,1.0136532732155326,0.44386863119462716,1.1859534853673461,2.220446049250313e-16,0.9004788467856368,1.1998198733399366,0.9634148518274924,0.7652986647435962,0.35975807423935846,1.0452459942815957,1.3642573961346383,1.0487051523029445,1.2823596204495735,1.105703936272956,1.1900558754958734,1.1515526170842856,1.0681316588915541,1.1187461078425922,1.2325477153142739,1.3466357663572623,1.149299764974565,1.1083322519901149,1.1657469688625985,1.0912955039309988
S2_WeakCommunities_HighMixing,1.0690346336063852,1.125402973871326,1.0192532943951147,1.279303881651491,0.9061686514654083,1.0094240951677427,1.1098321822393777,0.8874118036698795,1.0978428311418185,1.068030753427365,0.9758250324405624,1.0136768306592734,0.9606184201660847,1.181506106686975,1.0141823513919515,1.2268402706485608,1.0045024968262308,1.0259343149709397,0.8680847223836015,1.2071352867021283,0.6196981255954837,1.328694056292278,1.1666027853962393,1.2855926905430768,1.2787246159738657,1.1487140403748604,1.2709148619525585,1.2379180828317664,0.9706608469571314,0.9685035572588072,0.7112707813967425,0.878022790012225,1.0343362771293694,1.1040677459495356,1.0048123530723432,0.9042292593389514,0.5286954767457325,1.0216959040896365,1.0384334009190204,0.9004788467856368,2.220446049250313e-16,0.84275146865294,0.4603265654712829,0.1679937299824098,1.2394897195448897,0.881046404343431,0.943086857592944,0.7849598630532874,1.1044140554557447,0.8737367217012049,0.899260635747691,0.599985020643365,0.9724760290302948,0.8890752448255805,1.0317928182373521,0.9276515477081417,0.4886694927200974,0.9985725460060476,1.140725975329327,0.5982657621472676
S3_PeriodicMeetings_RegularRhythm,1.3238314859686788,1.3032570677982336,1.3611753806471996,1.4554532956810797,1.1234608809742073,1.181975706980661,1.2004361134249935,0.9538889186867915,0.4085014281879402,0.6341974948573823,1.0282136410199467,0.7129635253187738,1.190323111735996,1.4237320754575924,1.3393798909467622,1.433121417040901,1.3226916137794633,1.41733339212645,0.6982990780622774,0.9196247768560413,1.1413964208303844,1.1610872729874615,1.0956784218443918,0.9195434743915227,1.1386059379717237,0.5556669864521607,1.2358251230446293,0.3896313712401759,0.992474279498993,0.997028615775848,1.0893519069297763,1.0347587835365446,0.13590340042918547,0.9364307058809205,1.2502036821533578,0.5234835963915281,0.9637008403597386,1.1663817385511464,0.13238146109821392,1.1998198733399366,0.84275146865294,0.0,0.6550013917733856,0.8414903990648199,1.158114319941618,1.1247903402442558,0.15112647452035777,0.9786476883299737,0.18242324436117896,0.7015886932269149,1.10729489297632,0.5612326710000544,0.994677826704882,0.956613599754507,0.31433178337779233,0.18324118936590217,0.5942179003210076,1.0328987303756856,0.9836601544183218,0.7394865109291882
S4_RandomMixing_NoHotspots,1.4240184338779747,1.4842824034127529,1.305983658096423,1.342508082602194,1.273734346288272,1.3894518866776504,1.4779303541102546,0.8846879920060334,0.8600585130891873,0.8119559677435227,1.0959563028193386,0.7993521759283335,1.2157516613565356,1.3084254107757034,1.3342078288274946,1.4089017305632485,1.370499766029523,1.324348592491219,0.2717748707284535,0.4953071170941573,1.064075592255567,0.756055997419266,1.0853197843095734,0.7044807693093698,1.0823420933745045,0.9395097639039375,0.9431942222675411,0.6516066027191187,0.8970240863155046,0.8811567384356326,0.9021475006736817,0.79014499958312,0.7512317317735558,1.212312253029534,1.093138920348314,0.9428480465950405,0.6457817625032161,0.9928305622955024,0.6062734394884923,0.9634148518274924,0.4603265654712829,0.6550013917733856,1.1102230246251565e-16,0.3218564756472838,1.1557341881003507,0.6827452261310247,0.7153865272729163,1.0599015038408885,0.612214697750414,1.2399599675446784,0.7975252514570954,0.1749222183065714,0.9131517404422849,0.804718983065106,0.6997134299089572,0.7748178352482037,0.29877517507360885,0.9582407059009491,1.1458005161960658,0.1266287721615329
S5_TwoLayer_StudentsStaff,1.1529243694139844,1.229562531498802,1.0692711638070225,1.2298195420774984,1.0133674265914157,1.1333932384149714,1.2217521918123522,0.9354728572458648,1.1358333963823954,1.0430669037106528,1.0595606285526524,0.9948558615308499,1.1162626900667276,1.2855970748312102,1.1910198907133616,1.2846530308231792,1.1292787655587473,1.0800438516902315,0.7090560287859184,0.8736174451285744,0.8343772527443996,1.0095733063240575,0.9707148334473007,1.071969271373911,1.2183359808373397,1.1873129200866204,1.1222241148930616,1.0960375290186994,0.9500253911142984,0.9477691748665794,0.6007257043931644,0.9315299012408491,0.8834592157710417,1.1555465220070076,0.947119801839503,1.0035888107821234,0.5665349654620183,1.1350168063312935,0.9883998099915896,0.7652986647435962,0.1679937299824098,0.8414903990648199,0.3218564756472838,-2.220446049250313e-16,0.9222656616423115,0.9360527451799452,1.006703806042283,0.729203440046104,1.0578120921912966,0.9092337821116804,0.9143060589914221,0.5842832869709891,0.9551221924215992,0.848742839888847,1.0812690388043844,0.907985390625083,0.37307663323816975,0.9875817708933091,1.1614054693951614,0.5431531046064633
S6_FamilyGroups_SmallPersistent,1.0469400202098287,1.0656484539841435,1.0277046160629257,1.022795491542308,1.0818548634062386,1.0438605580159934,1.0638860698959736,1.0380825288016984,1.0451038034799143,0.9449744664475175,1.116421125009592,1.0034054790457976,1.0788967414203328,1.0970486162583113,1.11542795563051,0.9734579586750152,1.042903211105283,1.0301450824066563,1.0713520950191726,1.031192696278089,1.2165051019365,1.0604769533844336,0.42189878044447937,0.9478431337238442,0.9888067047867894,1.1788643571534756,1.0528345116211288,1.1751848025902905,1.0493046830891257,1.0749157812465606,0.3573872785710912,0.7255459042727722,1.147682534995659,1.0662463180705197,0.9215085559930883,1.214318133929712,1.174310136712955,0.7918936790045479,1.1805997822258862,0.35975807423935846,1.2394897195448897,1.158114319941618,1.1557341881003507,0.9222656616423115,0.0,1.1066152913230014,1.1894558123792374,1.0397905494676394,1.1536022127934848,1.097118020978657,1.0832922758328722,1.1097307820073052,1.0527089978309119,1.0918669815142146,1.1872822506123462,1.215264766502533,1.1182133792867583,1.0772073827556934,1.1096232848535834,1.1485718868472565
T10_HighRateLowSpeed_Congestion,1.1599021556657825,1.0863373810596353,1.3690231936281259,1.2345833772452557,1.1747225853372953,1.4705414297698607,1.2449747881515667,1.0035840642423972,0.8915258379571823,1.0327848433474724,1.1469257730223754,0.837814123741812,1.0991933546220263,0.8209902359677341,1.1609578929286322,1.227199095765761,1.22582669961514,1.2304264412400037,0.6875114885522071,0.9064150842486711,1.0705230409696662,0.980797507018192,1.2269525575008893,0.9685610086179351,1.1007312442353745,0.9178213538837641,0.5888664950636529,0.7996882662055147,0.925050932679177,1.0305727228383557,1.04444975943669,0.71802945162922,1.072962551771607,1.1122303525462638,1.1566959699243433,0.9625431241825319,0.9546003296514051,0.8317616819984837,1.0242603069206793,1.0452459942815957,0.881046404343431,1.1247903402442558,0.6827452261310247,0.9360527451799452,1.1066152913230014,-2.220446049250313e-16,0.9124783825028547,1.1057287586309896,0.9874740417774084,1.1396440899816742,0.11766043093988077,0.853085384935164,0.9459008977281426,0.9909669358956107,0.6710680273604879,0.7820766502163782,1.0933334868733033,1.0263766749983891,1.0051747222891565,0.43264810856860847
T11_TTL_1min,1.281447418065917,1.2136475309646573,1.3433135057171273,1.333490320181475,1.1326899153114414,1.1995326862806437,1.156692111060654,1.0468042049662354,0.5929504834105481,0.8070762468986267,1.0840282164471964,0.846676446886754,1.1758857794598394,1.117414613823878,1.1727626267071094,1.192315654487424,1.2692846728234433,1.3752166885474029,0.784352719431401,0.9809245226309966,0.9875023881460125,1.1407893607217467,1.1033305396652384,1.0334028248198601,1.0477436452583737,0.5023549438037458,1.1137054641406845,0.25305200108511794,0.9652639526233953,1.0140634717356853,1.1499132172679758,1.1163562849344022,0.32162243026541737,0.9236199902244582,1.2377923427273927,0.5419597890465879,0.9367377791751448,1.2426372943911024,0.17739680631975308,1.3642573961346383,0.943086857592944,0.15112647452035777,0.7153865272729163,1.006703806042283,1.1894558123792374,0.9124783825028547,0.0,1.2849866866922297,0.08417341072238005,1.0052083647364982,0.8916920932991393,0.4852033328636235,1.0519018473691057,0.9767940791885418,0.210863731867299,0.20713632522545677,0.7520996274264176,1.043276873854044,0.9791488360029278,0.5599198297529191
T12_TTL_Infinite_Buffer200M,1.0805214297336432,1.1834426391598196,1.1472599742869898,1.0972634420663137,1.4074616961833397,1.1738587441603845,1.180528707769097,0.9389111080272606,0.9631571779191628,0.9486686368260449,1.0612049727840327,0.8623876687309128,1.074341389390974,1.151345421029942,1.0649532264730277,1.0476527463520042,1.1925816634618702,1.1134464656300758,0.6869293344913989,0.7777638711976382,0.9494897064921278,0.9145419094725729,0.9438831369867728,0.867871129021656,0.945721310822943,1.0377310749735826,0.9738999242501616,1.4028420641040507,0.966413005293975,0.9395341896688422,0.9590979197806238,0.9990975710497247,0.8688196868855746,1.0562339253984976,1.0066661906441419,1.0159593627415124,1.04861121824654,1.0714614069346093,1.1886888552335673,1.0487051523029445,0.7849598630532874,0.9786476883299737,1.0599015038408885,0.729203440046104,1.0397905494676394,1.1057287586309896,1.2849866866922297,0.0,1.3633357117029141,0.11348229965530876,0.865997071741428,1.1556901874394638,0.9302962875050017,0.8874459709747675,1.3291478647371107,0.7918387715797164,0.5102549004353184,0.9588262673391386,1.0017443469883451,1.3175549546646361
T13_Buffer_256k,1.3353215426973906,1.288438148097187,1.3255842892991163,1.2558948775334113,1.162883773992548,1.2171534430681323,1.21103200056367,1.044274600637923,0.587474499925472,0.7456738849953612,1.0996625990661901,0.8712100355103891,1.2233231871020316,1.2135404951654778,1.264807117470624,1.2366535237396552,1.3228792975871875,1.386670729695557,0.6358335135412065,0.7177635930520562,1.1746142623757219,0.8305965975513857,1.1329789876548504,0.8251109605823166,1.0123564812785355,0.45184244285790043,1.090207468525857,0.10975688540372497,0.9758977760492665,1.0515849050687216,1.1827910621844766,1.0058142147481919,0.30455980595264665,0.9567018393706123,1.2129066608945538,0.560898633075627,0.9783266439916956,1.1377411486874578,0.05939622233940056,1.2823596204495735,1.1044140554557447,0.18242324436117896,0.612214697750414,1.0578120921912966,1.1536022127934848,0.9874740417774084,0.08417341072238005,1.3633357117029141,3.3306690738754696e-16,1.1219941887040121,1.071753017724185,0.4386630919333372,1.0394838795949675,0.9798265734425032,0.21092428906694538,0.3198233024004896,0.7477114500379832,1.0409435179989004,1.001823922356501,0.5329010779412471
T14_Buffer_200M,1.040895227990737,1.086549669480718,1.1846647128109484,1.1708413210529756,1.2546433724535915,1.1036670033816052,1.0576353118239519,0.9864060825746885,0.7882409786535655,0.9162942592243799,1.0477984611065683,0.8883185184986725,1.0699083392507,1.2025089230875168,1.0925642812425493,1.130687739029546,1.1658713008153772,1.1583262025409555,0.8750935392921124,0.9931009500370924,0.988052491092989,1.0675775582915101,1.0773667222106755,1.0240506845586017,1.0582296887030194,0.8313469895319404,1.0454289625837085,1.185091158447685,1.0179489752076973,0.9771163391011412,1.0266907751510364,0.9875394387512046,0.6311918577379462,0.9534264876440356,1.0984546982293542,0.7782975646023416,1.1339450521777206,1.0572546952389315,0.9135632426513007,1.105703936272956,0.8737367217012049,0.7015886932269149,1.2399599675446784,0.9092337821116804,1.097118020978657,1.1396440899816742,1.0052083647364982,0.11348229965530876,1.1219941887040121,-2.220446049250313e-16,0.9485525423194425,1.2748927311007818,0.9686910331519403,0.9823544363684983,1.0601946558073203,0.5456016570067574,0.7176448089695375,1.0175915609733241,0.9548225357317022,1.4496989517429382
T15_TransmitSpeed_256k,1.1633423503486382,1.1039713964625308,1.4031403885556086,1.226782259416795,1.3216748866908565,1.5185495356658136,1.2732421833382086,0.9252622632731056,0.9084900272230577,1.0271273662690503,1.1723421658354338,0.7519076605136394,1.109585388979816,0.7448060139228576,1.1138316021105366,1.1187243542403547,1.2637356578008,1.24897094271368,0.7079976544604198,0.8810802578933562,0.9819404831180539,1.0513675167509167,1.0245036091302862,0.9050725431280618,0.9815212645714126,0.9947087959372973,0.5191533051048427,0.9324635512057478,0.8904427908900772,0.9450509217780159,1.061800838191359,1.0016328765390319,1.001084854278275,1.1055288135317602,1.1317144521256002,1.0452601100936965,0.9795634310768604,1.0950783676767417,1.1644692953202007,1.1900558754958734,0.899260635747691,1.10729489297632,0.7975252514570954,0.9143060589914221,1.0832922758328722,0.11766043093988077,0.8916920932991393,0.865997071741428,1.071753017724185,0.9485525423194425,0.0,0.9218578654570125,0.9753405672547809,0.9345045537398918,0.7899366455908026,0.6400935796408096,0.9482392723001309,0.9950925073735719,0.9765786698116722,0.5566535235475866
T1_ManySmallMsgs_HighRate,1.4405061315506775,1.5075758223707503,1.2837225202393197,1.32094154368948,1.404896114158534,1.288655714790553,1.4502257942667478,0.9898294841395876,0.8382264884391498,0.8026669258282396,1.0515423212666157,0.8190716798656047,1.1587527605427648,1.1970268865008662,1.157749761558376,1.1631938549263323,1.3297755724236482,1.338584314105669,0.2885657184464071,0.6376266751210884,0.9086733547197953,0.9352322646934677,1.0388166758789874,0.8185371569247264,0.9456835431611715,0.8040103222886457,1.1261888729322336,0.6602321933739991,0.8886864756210113,0.8894043634379708,0.9737703189068648,0.8089556076962265,0.8361514722770848,1.130445307849656,1.127627850127888,0.8861481700336236,0.7094251220279327,0.9911154605472914,0.5170916843069715,1.1515526170842856,0.599985020643365,0.5612326710000544,0.1749222183065714,0.5842832869709891,1.1097307820073052,0.853085384935164,0.4852033328636235,1.1556901874394638,0.4386630919333372,1.2748927311007818,0.9218578654570125,3.3306690738754696e-16,1.004529028427778,0.7976276489233791,0.6237328378860969,0.7703146350239132,0.2659681906194924,0.9393100919698373,1.1164510582452827,0.16989011746274474
T2_FewHugeMsgs_LowRate,1.1344104417511507,1.136310595128888,1.0958668652226249,1.083669409811899,1.1772550176915086,1.1191314745302434,1.13563381924093,0.7619299979739428,1.0081080786283385,0.9712114143177606,1.0456852360102764,0.9725536592662378,1.0739751208701056,1.0746328410907562,1.0666181288619252,1.0756800315375479,1.1326557270485889,1.0972416259905178,0.8971385729610981,0.904610547618398,1.046098378570027,0.9674147690496653,0.9865766062657013,0.88725980312146,0.9855914410368221,1.093319430778834,1.007803112576498,0.9781054933248977,0.9808827951362067,0.9836682840356948,1.0439233849185827,1.0320981191862044,1.017915411058064,1.090562508231369,1.0501390577702496,1.110367275588202,1.022512268310627,1.0806721392289367,1.0680400310520275,1.0681316588915541,0.9724760290302948,0.994677826704882,0.9131517404422849,0.9551221924215992,1.0527089978309119,0.9459008977281426,1.0519018473691057,0.9302962875050017,1.0394838795949675,0.9686910331519403,0.9753405672547809,1.004529028427778,-2.220446049250313e-16,1.0237756436077985,1.0324406928914946,0.9249347553067568,0.8673501360159903,1.0106495916438758,1.0601615288465105,0.8892091317448583
T3_MixedBimodal_SmallAndLarge,1.2123925419117236,1.2567249998015153,1.1814323761147456,1.1564999401006892,1.2559556243939518,1.2235906170312583,1.2538895471887475,1.0249885715549278,1.032100412187841,0.9744687092623535,0.767827447459186,0.956241442909332,1.1114531025951293,1.125805507125475,1.138718946455354,1.1411829812002905,1.2188418203975382,1.1818802985011005,0.8013104993776531,0.8615781115979952,1.0316091358658872,0.9600565234360319,1.010330386068288,0.942486396318074,1.0180828494153116,1.0505674796835731,1.0152554634473117,1.0237653645155524,0.9716914910794422,0.986315759441203,1.0278763890709628,1.0657031072016891,0.9770696272220536,0.7330492624734013,1.0769890260374524,1.06565361753957,0.9437344577694414,0.6819233947729575,0.9959382091134259,1.1187461078425922,0.8890752448255805,0.956613599754507,0.804718983065106,0.848742839888847,1.0918669815142146,0.9909669358956107,0.9767940791885418,0.8874459709747675,0.9798265734425032,0.9823544363684983,0.9345045537398918,0.7976276489233791,1.0237756436077985,-2.220446049250313e-16,1.0381639670353093,0.9658619068840939,0.7389267533351087,1.002053400718243,0.7339953194052313,0.8382783784044529
T4_VeryShortTtl_5to10min,1.3096119451527812,1.2291660214859832,1.4185163217458634,1.3798238101765188,1.1082744266337776,1.3147156411195629,1.2133863968933203,0.9846792879245421,0.5682763025051982,1.0539471248232082,0.9422392605974835,0.8509748421914791,1.0789151942537816,1.1876848208190616,1.313785905240618,1.3808684901860708,1.3268956225004107,1.4163035483706718,0.7447551158817041,0.9357104749076289,1.2003654459018587,1.0408866098186937,1.2575000833632095,0.9550014800112099,1.1501063045115185,0.18589081056296985,1.0165160816217607,0.26515878715147334,0.9916682301373649,1.0934850627641761,1.1713193499135166,0.896140282499381,0.42647639206484866,0.9746078003489841,1.2821335930284674,0.212129630406105,0.62547329167159,1.033004564054932,0.24191721628698482,1.2325477153142739,1.0317928182373521,0.31433178337779233,0.6997134299089572,1.0812690388043844,1.1872822506123462,0.6710680273604879,0.210863731867299,1.3291478647371107,0.21092428906694538,1.0601946558073203,0.7899366455908026,0.6237328378860969,1.0324406928914946,1.0381639670353093,2.220446049250313e-16,0.32759661812647056,0.9504838701545573,1.0758965092944688,0.9956470892394906,0.5583822136281251
T5_VeryLongTtl_6to24h,1.3180074749830983,1.2627260057941598,1.495720246218666,1.4092007820515824,1.2879730640931617,1.3998607412418667,1.2555786099406907,0.8527671854122122,0.5283524301888671,0.7784248719171036,1.1607681618803234,0.7436971130471313,1.2521831367423233,1.2017183433522878,1.327570086771341,1.3570818111289036,1.4172250483092999,1.4677204578298064,0.6748282238856131,0.8233098930731646,1.128370314641609,1.0306725750306684,1.0975114812174562,0.854145645273549,1.071703560096934,0.5466367633532525,0.89127332042462,0.38387748644255104,0.9570538869038652,0.962218779709681,1.1608752600751537,1.1397293857769455,0.1848822881678781,0.9698471313986617,1.2600732718412866,0.568349037017509,1.0295882216886127,1.2961412204546727,0.3127344466852402,1.3466357663572623,0.9276515477081417,0.18324118936590217,0.7748178352482037,0.907985390625083,1.215264766502533,0.7820766502163782,0.20713632522545677,0.7918387715797164,0.3198233024004896,0.5456016570067574,0.6400935796408096,0.7703146350239132,0.9249347553067568,0.9658619068840939,0.32759661812647056,0.0,0.6720116095204293,1.0486273333965965,0.9619621067254223,0.7530750511358265
T6_UniformSources_RandomFromTo,1.4094495869340258,1.5403513434314082,1.2752044915099636,1.2873240491904254,1.5526752865203737,1.3127951355016132,1.4761461289209548,0.8816602886353876,0.9022872461902371,0.8106351777177867,1.0804173195053368,0.7791113082291495,1.1958846808174233,1.292234388163247,1.188777192710669,1.1609248197700253,1.3858035516934573,1.3206440637227117,0.2449188726467988,0.4966498552984743,0.8952840825592723,0.8365263678358908,0.8975398471824219,0.7108524561394511,0.8973471841510235,0.9348394283275506,1.1414887749733933,0.9519963595820239,0.8808214562899721,0.8927940845314402,0.9228628332197716,0.994204787957728,0.7175009981342947,1.1572889423907975,1.0556369738510203,0.9644188483898097,0.7337211715017105,1.1796639202859327,0.7316405432235208,1.149299764974565,0.4886694927200974,0.5942179003210076,0.29877517507360885,0.37307663323816975,1.1182133792867583,1.0933334868733033,0.7520996274264176,0.5102549004353184,0.7477114500379832,0.7176448089695375,0.9482392723001309,0.2659681906194924,0.8673501360159903,0.7389267533351087,0.9504838701545573,0.6720116095204293,-2.220446049250313e-16,0.9126214496994033,1.1130741371967439,0.506671934952855
T7_TargetedToHubs_FewDestinations,1.1615819102547738,1.1909475489410746,1.1422754966494855,1.1218196822207223,1.1875250096700398,1.171614257064027,1.1893470266028074,1.0237435860483945,1.0577992199476292,1.0037262818527055,0.7886205438061902,1.0088913032996443,1.0826198422538618,1.1060810258400053,1.1144908017331439,1.1259524366748042,1.1685025954813317,1.1418284617284464,0.9436504082723789,0.965211721003099,1.060409102126072,1.0054090775840812,1.040073080438564,0.992324555984301,1.0429086018735239,1.0753578848429743,1.029948634883237,1.0672129013531118,1.0014850486496483,1.0158796881497447,1.0565639642184088,1.068096318286145,1.048638922276014,0.1886923382900323,1.0834992734203321,1.087968704183037,1.0135583110362052,1.1117320400868098,1.0573248015683534,1.1083322519901149,0.9985725460060476,1.0328987303756856,0.9582407059009491,0.9875817708933091,1.0772073827556934,1.0263766749983891,1.043276873854044,0.9588262673391386,1.0409435179989004,1.0175915609733241,0.9950925073735719,0.9393100919698373,1.0106495916438758,1.002053400718243,1.0758965092944688,1.0486273333965965,0.9126214496994033,-2.220446049250313e-16,0.7589295221444524,0.9668523420018671
T8_BurstTraffic_TimeWindows,1.143781242740458,1.1373576794792164,1.1961552315421984,1.154637218845911,1.1387354034419683,1.192797103442591,1.1443177900134698,1.08870983872656,0.9987706378237197,1.0120075873470655,0.14472145653122426,1.026773767617541,1.0970250313713543,1.1105682419553418,1.1561143413431398,1.1866382577290846,1.1839797702916797,1.1803694466371304,1.0984234786938714,1.0845246180792638,1.1355688332247627,1.0699292848836024,1.1080899487583709,1.0759583165336393,1.107416176335497,1.0154173021357804,1.0090647620595723,0.996522415970862,1.0351898429946809,1.0591087226175606,1.1295294853468054,1.1163847641797369,0.964458851780178,0.5549206560000981,1.1466717434710978,1.0217128243573603,1.1146249425506656,0.8905012027447807,1.0073434685769893,1.1657469688625985,1.140725975329327,0.9836601544183218,1.1458005161960658,1.1614054693951614,1.1096232848535834,1.0051747222891565,0.9791488360029278,1.0017443469883451,1.001823922356501,0.9548225357317022,0.9765786698116722,1.1164510582452827,1.0601615288465105,0.7339953194052313,0.9956470892394906,0.9619621067254223,1.1130741371967439,0.7589295221444524,0.0,1.1042682645979491
T9_BufferStress_SmallBufferHighTraffic,1.382793667381708,1.3854840736964942,1.3331046852938777,1.3033244192261473,1.2691883565466788,1.417353283245632,1.424225093198408,1.0210314587146718,0.8953678809695639,0.9007347027829394,1.1126151724951294,0.8167310579452836,1.1828032822179917,1.0645802597867609,1.2287067532958629,1.257481094482808,1.3273304763742018,1.317192163148058,0.3810663848850919,0.6358067904080087,0.9980256881249079,0.8605680987567708,1.0803537307607698,0.8475523856939156,1.0246247890630287,0.8848900276369959,0.8987669531573107,0.5433540959049898,0.8755374646195677,0.9688420114409773,0.9654163892373984,0.841822442181446,0.8632661536453334,1.1708449030880237,1.1156668479959526,0.9359638516264891,0.6748367489724683,1.021577869799489,0.643868684293637,1.0912955039309988,0.5982657621472676,0.7394865109291882,0.1266287721615329,0.5431531046064633,1.1485718868472565,0.43264810856860847,0.5599198297529191,1.3175549546646361,0.5329010779412471,1.4496989517429382,0.5566535235475866,0.16989011746274474,0.8892091317448583,0.8382783784044529,0.5583822136281251,0.7530750511358265,0.506671934952855,0.9668523420018671,1.1042682645979491,0.0
