,U1_CBD_Commuting_HelsinkiMedium,U5_SparseSuburb_HelsinkiMedium,U7_MicroMobility_HelsinkiMedium,U8_CongestionHotspot_HelsinkiMedium,U9_WorkdayShort_HelsinkiMedium,U11_OfficeWaitHeavyTail_HelsinkiMedium,U12_HighTimeVariance_HelsinkiMedium,C1_Campus_ClassChange,C2_ExamDay_LongStays,C3_Hackathon_24h,C4_Stadium_IngressEgress,C7_Library_Quiet,C8_EmergencyDrill_Evacuation,V1_TaxiLow_HelsinkiMedium,V2_TaxiHigh_HelsinkiMedium,V3_BusOnlyCarriers_HelsinkiMedium,V6_CarOwnership_0_HelsinkiMedium,V7_CarOwnership_100_HelsinkiMedium,R10_TinyRange_5m,R11_SpeedExtremeLow,R12_SpeedExtremeHigh,R1_Rural_RandomWaypoint,R2_VillagesTrails_ThreeClusters,R3_WildlifeTracking,R4_ParkRangers_HelsinkiMedium,R5_MountainRescue,R6_SparseLongRange,R7_SparseTinyBuffer,R8_IntermittentPower,R9_ExtremeRange_200m,D1_ShelterHotspots_Clusters,D2_PartitionedCity_MuleBridge,D3_Aftershock_ErraticMobility,D4_MedicalTriage_TwoClasses,D5_UAVMule_FastRoute_HelsinkiMedium,D6_ShortTtlCritical_5to10min,D7_HighLoad_TrafficStorm,D8_InfrastructureReturns_BackboneLinks,D9_Critical_1minTTL,S1_StrongCommunities_SeparateClusters,S2_WeakCommunities_HighMixing,S3_PeriodicMeetings_RegularRhythm,S4_RandomMixing_NoHotspots,S5_TwoLayer_StudentsStaff,S6_FamilyGroups_SmallPersistent,T10_HighRateLowSpeed_Congestion,T11_TTL_1min,T12_TTL_Infinite_Buffer200M,T13_Buffer_256k,T14_Buffer_200M,T15_TransmitSpeed_256k,T1_ManySmallMsgs_HighRate,T2_FewHugeMsgs_LowRate,T3_MixedBimodal_SmallAndLarge,T4_VeryShortTtl_5to10min,T5_VeryLongTtl_6to24h,T6_UniformSources_RandomFromTo,T7_TargetedToHubs_FewDestinations,T8_BurstTraffic_TimeWindows,T9_BufferStress_SmallBufferHighTraffic
U1_CBD_Commuting_HelsinkiMedium,1.1102230246251565e-16,0.17188659768506653,0.2468670908650662,0.05413418169153528,0.275617827738035,0.10173323091976305,0.17706256478241933,1.1722038708411904,1.4923790410953077,1.3075759762543653,1.121295783501475,1.4876554629168006,0.9724015801866365,0.9796617940563241,0.8206186984082494,0.4732524878408134,0.06467659701365014,0.20978001425514659,1.5203436541035686,1.2802824247697016,0.8736936778669251,1.0283244772877362,0.987108138126357,1.294948733445654,1.0662209088598211,1.4761309732848713,1.2424391575258342,1.337482080154215,1.496979777734086,1.1605584510907494,1.1059376898316,1.2409552913224886,1.3532738427832698,1.1931511764242642,0.9157836385925345,1.413416664454358,1.1400164411452764,1.1318678770629325,1.363226406215573,0.8953729977048248,1.1549196949690606,1.3909171288066973,1.3216237903292667,1.1109132489261104,0.9940746542773615,1.4362459326543369,1.4233170603597043,1.1614978825515905,1.361141584931754,1.2283668037530784,1.4767492531838329,1.317835639718449,1.1050119361651545,1.230409872167411,1.508595894648054,1.5925798881148696,1.3040422975405368,1.150442735326167,1.2287898977172396,1.3811985160269777
U5_SparseSuburb_HelsinkiMedium,0.17188659768506653,0.0,0.5491977832163434,0.3243550674587621,0.42004842687513766,0.23213648432960998,0.2862154029903492,1.246352742333934,1.5862388299991352,1.3698448549495241,1.2609006289415619,1.5191104133021154,1.0862652274993654,0.7701604365930166,0.7995554639656383,0.3257234267291692,0.2900087108510788,0.32034831322322643,1.3381234888868523,0.8789056879839059,0.9672414741811591,0.5793995246522579,0.9586816845081474,1.0486594361958492,0.882057648076913,1.2919711934303257,0.9060446476958665,1.1125649429590871,1.329587059592243,1.1239669488890816,1.2290611521449675,1.3059249273382583,1.3539990480111985,1.2027192484682385,0.8903180821106231,1.4597273223884126,1.3221151230318373,1.2152121553943256,1.3467008594068899,1.0590713715926894,1.4998318680323912,1.5564468122165251,1.409268714267139,1.3286819065800133,0.9950333575663604,1.2867707930289702,1.433588544158719,1.1086534309495715,1.2962660269296409,1.2220881664566978,1.2745270798191333,1.3934674654829964,1.097123728540584,1.2103062651196619,1.4914001284782752,1.5143265906016212,1.347826234820331,1.1374282243208065,1.1874443880624446,1.3698995611426454
U7_MicroMobility_HelsinkiMedium,0.2468670908650662,0.5491977832163434,4.440892098500626e-16,0.20384963977386017,0.2737639620483002,0.18758941404377583,0.15587335510624423,1.1396358897396441,1.180415041564233,1.2238343351328058,1.031955153885882,1.3648330931156933,0.9421367967424474,1.0908091649610159,1.0062056998169113,0.9062805138881723,0.17515049632386037,0.3848343562382375,1.7310973696443985,1.5621293493507198,1.026960633618524,1.2766243960759445,1.135075300450387,1.4565274908027686,1.3146327701261393,1.298849116618393,1.2338836363203844,1.0498013012078606,1.6209836487145228,1.2176686443817215,1.0288281139386661,1.1517880456907228,1.0132470568386018,1.064563016605157,0.9903435476493948,1.0272763006165015,1.0289116672683514,1.049349397981536,1.0867366021572087,0.7720531209966203,0.9923183512857648,1.0717649057471836,1.240860307575678,1.0292473924680043,1.0550789912154637,1.1655604380211362,1.1333841892768444,1.4119018781232124,1.1321812773749351,1.2660530201407512,1.3189861346740799,1.403623462278784,1.174794654179071,1.2868799395188244,1.0698180834148623,1.2747327823615788,1.5700301932450382,1.188895260101897,1.1279703963452006,1.2548981906706493
U8_CongestionHotspot_HelsinkiMedium,0.05413418169153528,0.3243550674587621,0.20384963977386017,-2.220446049250313e-16,0.21831321363817424,0.12315527416310534,0.18317992285386286,1.1586739383750622,1.3001220449336641,1.2087279595761067,1.0742775594553255,1.4296838753434988,0.9614661211429175,1.0744923222953244,0.8460904834014151,0.5536463178414246,0.061530252391294504,0.28269763707192874,1.5775470680902242,1.4568248900006295,0.8690959273018046,1.230832034481169,1.0413951374221493,1.3875852232582078,1.1284952156518426,1.31640184112978,1.3964607132994624,1.2740251209622602,1.6004302754479638,1.1949639276413164,1.1271178574759575,1.2057668009193496,1.1797726167136824,1.121618733870406,0.991158458247343,1.1965141383206948,1.2051588625102103,1.101244036392407,1.1737491999570593,0.9283855093979464,1.1408715034965964,1.1341329884041627,1.389829195642469,1.1777174394817438,1.0093069830916725,1.5126632316991975,1.2208219322658853,1.1759291020194214,1.197618193130574,1.1170575320962697,1.5655878980884803,1.2919909104291554,1.1210884134490233,1.2631979804724445,1.3263676275530831,1.4223838927851087,1.3177826624944893,1.1720324142506424,1.200230206892836,1.443884374704023
U9_WorkdayShort_HelsinkiMedium,0.275617827738035,0.42004842687513766,0.2737639620483002,0.21831321363817424,1.1102230246251565e-16,0.15520500472917498,0.21687219173209416,1.1818370558070508,1.230028983696597,1.2370676981685085,1.128496934310629,1.3599460090761932,0.9977795354508427,0.9631585622412174,0.8963116252247039,0.629629402219201,0.13443534981624394,0.4834203108083034,1.6208068960764712,1.4386488234210661,0.9498491492549792,1.1843273000934862,1.068373627844092,1.3710509463101554,1.142209326705141,1.2249130635360514,1.1888749322060925,1.1377196961759497,1.546421357540697,1.2139566769159609,1.1645907362340755,1.2418138828077265,1.0764208284858345,1.086639169838589,1.0176231271771703,1.1176150315134825,1.2913906976523215,1.1403739689784584,1.170492130028211,0.9757460687413293,1.2413107552673524,1.1516557412870272,1.4768730479391858,1.2642689101076217,1.0323237333505653,1.2418935510104794,1.1624493176848145,1.1740400674639204,1.1824458319719549,1.0614103753717568,1.270045834142934,1.4569150398208541,1.132354526097973,1.2868557446028526,1.1897494493852976,1.2386056398375205,1.4881441835226652,1.1876769381307468,1.13125557607817,1.4285773031258626
U11_OfficeWaitHeavyTail_HelsinkiMedium,0.10173323091976305,0.23213648432960998,0.18758941404377583,0.12315527416310534,0.15520500472917498,0.0,0.029450483181813758,1.2047060115361454,1.3792480649814338,1.335544227680375,1.1726919587366127,1.4136695913610204,0.9864497768471168,0.8949241771203635,0.854635000719904,0.523776710311705,0.04374861036836142,0.2479872416529164,1.6558260873504316,1.43244340679,0.912082223139207,1.1489555157100284,1.0449314554078053,1.3885718021900184,1.1305786947903895,1.4026019693469585,1.1343773876090713,1.3097992944913395,1.543060564137599,1.2332771270310918,1.1604913495946059,1.271021094871683,1.2410028165718743,1.1535032283953448,0.980031174755998,1.29791942777508,1.3017131061177758,1.1539835384363215,1.3930356830269026,0.9413190817554791,1.2344197504260486,1.371965746417945,1.5256270367417009,1.234959531905821,1.020953068809474,1.1906761301842215,1.3736005940277658,1.0856886615105759,1.4054371591910595,1.0547362715751747,1.1924768698569406,1.5628590415490606,1.1653021964235128,1.2977221442522935,1.3881315731494872,1.391447704904086,1.5216113822205326,1.1954382705287654,1.1677479459540048,1.4831819305494514
U12_HighTimeVariance_HelsinkiMedium,0.17706256478241933,0.2862154029903492,0.15587335510624423,0.18317992285386286,0.21687219173209416,0.029450483181813758,1.1102230246251565e-16,1.2083616827548962,1.3027205878323511,1.3239458025254953,1.185176735973477,1.3860097235666156,1.0038848588355525,0.8646559854804874,0.8857179742294432,0.5806364875924654,0.09553847987894504,0.28061642823485733,1.7093624087887402,1.4790476111178612,0.9550943677980741,1.182555860683533,1.0768329359426054,1.4092486804982864,1.157734755643479,1.3151379286278475,1.059838834736408,1.1741634192405956,1.550090956172148,1.2179943854162616,1.1910228088513797,1.2833968385335777,1.1591633783461408,1.123535317841935,1.0163460426172177,1.2102493039858668,1.3376230736342936,1.1678477593990966,1.308702668012215,0.9754748823718055,1.2910497394930336,1.3023044957993135,1.5461189493819603,1.3067295407656985,1.0385209873257992,1.0805325328781086,1.252210115573825,1.1996856035522387,1.3020944997209827,1.1037351038028589,1.098973336876135,1.5870406865704374,1.1500471802949987,1.3273849044366246,1.2350303799872875,1.277589049621944,1.6325385104094803,1.2141464471244419,1.1384353839192427,1.434143883154687
C1_Campus_ClassChange,1.1722038708411904,1.246352742333934,1.1396358897396441,1.1586739383750622,1.1818370558070508,1.2047060115361454,1.2083616827548962,2.220446049250313e-16,0.9759771494938985,0.9361871164941882,1.0192201384980066,0.9715049477826795,1.0167753849204895,1.1383300403627055,1.1182359586359776,1.1937725534315862,1.1717093286394495,1.1554432138652508,0.8374834532796989,0.9651147162484627,1.0029889901607902,1.1230484331294197,1.0512534540531964,0.6021811955070938,1.0327311214924584,1.088614305511702,1.0422956804687065,1.167999869934122,0.9485073393243512,0.9884638992539201,1.0104749965835818,0.939957829063169,1.092842470969446,1.0756356788311912,1.0776141763182414,1.0762859672106881,1.013368533544912,0.9958138610208049,1.0935318150623758,1.0321227474374313,0.8363406397203421,0.945607902989154,0.8525085202391,0.8964198268515811,1.0405066340450602,0.9958327353500658,1.0301376679747964,0.9286367675518308,1.036977284614032,0.97606962762746,0.9138250256266784,0.9735408760513734,0.7477229846481404,1.0199972452355182,0.9556012614855338,0.8201642976552199,0.8487015842864352,0.9970740484211995,1.0790838121236768,1.0053906455982942
C2_ExamDay_LongStays,1.4923790410953077,1.5862388299991352,1.180415041564233,1.3001220449336641,1.230028983696597,1.3792480649814338,1.3027205878323511,0.9759771494938985,-2.220446049250313e-16,0.12491350316746386,0.9992654604069261,0.1660558707034795,1.0839038182741887,1.3160686784228135,1.3062308197739827,1.4537751660039977,1.375940031421123,1.433860961594056,0.7167203485502653,0.9163253171803657,1.1692944114332786,1.2469901519311604,1.1971088430949088,0.5857831761004538,1.2133650708977393,0.5571385657201591,1.0725667811236177,0.6683653810135516,0.9508654167159644,1.0160264832253147,1.1561896191742052,0.9372861695450718,0.3310189197813411,0.9451573299375216,1.3197679172100139,0.4920275712297343,1.0989132353876432,1.0475136839766284,0.4697272153576355,1.215147913931757,0.977200029542856,0.3420336212162578,0.9017671590682651,1.118399761073316,1.0932509702938484,0.8883267192580766,0.5068440301755439,0.9717314762585345,0.5419127548809378,0.7438049205711006,0.9118874317129545,0.8366665892616458,1.0191077928401187,1.0645401312754423,0.43871278735607866,0.45310790820946023,0.9194830358980879,1.0406878820158851,0.9632425384563649,0.9073440248166107
C3_Hackathon_24h,1.3075759762543653,1.3698448549495241,1.2238343351328058,1.2087279595761067,1.2370676981685085,1.335544227680375,1.3239458025254953,0.9361871164941882,0.12491350316746386,3.3306690738754696e-16,1.0105132344269325,0.13502619356950352,1.0818776226479256,1.270864119050802,1.2100632458326404,1.287347054487878,1.296934259942785,1.2993115768373673,0.6593544001622649,0.7020418557514947,1.146586595531403,1.0797777036340097,1.0411128535319512,0.3184535004045137,1.090583893743513,0.8624985003940309,1.071884379505133,0.8764594376514123,0.9835501434981038,1.0069355005137592,1.133000967254328,0.9964020296255841,0.5646515500364152,1.0304933798131228,1.2139946089169678,0.8850047273930335,1.1396770374464256,1.0599575403930483,0.7211121702931289,1.1487214779469335,1.07804453868322,0.6269037198317949,0.8923534490322839,1.1258976278856874,0.977012018069679,1.0919142774661457,0.8117025842433205,0.9795473997024623,0.755796610528882,0.9220088936305151,1.0910778470991125,0.8371277255363466,0.9916338517144831,1.0240890564311045,0.7907284992075405,0.8152375581719415,0.8655782154253588,1.0140312975904107,1.024897015777046,0.974876305241295
C4_Stadium_IngressEgress,1.121295783501475,1.2609006289415619,1.031955153885882,1.0742775594553255,1.128496934310629,1.1726919587366127,1.185176735973477,1.0192201384980066,0.9992654604069261,1.0105132344269325,0.0,1.026117679217899,0.9974910547870821,1.2287090901599305,1.140057451553184,1.2446442665540107,1.1262705535859583,1.1312158639689904,1.08857934378639,1.1954451481211417,1.038211321881473,1.2068137196503195,1.1156944531050341,1.1651910371220218,1.1702703641845342,1.0882875320547787,1.2083250711469056,1.115264063263679,1.0782362486914259,1.0372045457923456,1.0012347764840694,1.0196721378681888,1.0245687049157484,0.7534883257502023,1.1053311335551421,0.9826631800590537,0.8966788906646345,0.7678491575645358,1.0020091191361873,1.0390130455353042,0.8390246916612886,0.9202423686971182,0.9621330679408997,0.9161195935364937,1.1100931156147966,1.1222203929182197,0.9982901667903183,1.0188677144909624,1.0248897324801007,1.004888589580628,1.1479881670197298,0.9407564194690188,1.020839254649751,0.5152743993131323,1.0306174375854147,1.0664801990515933,0.9498224584856831,1.0261852066394384,0.07396175657379156,1.010372776214336
C7_Library_Quiet,1.4876554629168006,1.5191104133021154,1.3648330931156933,1.4296838753434988,1.3599460090761932,1.4136695913610204,1.3860097235666156,0.9715049477826795,0.1660558707034795,0.13502619356950352,1.026117679217899,1.1102230246251565e-16,1.0597799360878455,1.1778462997896206,1.2501058444115898,1.3292495664553403,1.4152404213309895,1.3933405525746316,0.5610770015802361,0.7270808810307594,1.0584069125850586,1.1892004333099022,0.9835499365283451,0.4354488308470231,1.0862976853089297,0.9217586327522896,0.9686212881069538,0.942493742652143,0.6044626169225265,0.9844892403223088,1.0869913229110038,1.0973283054936733,0.5690641915561949,1.057080461182713,1.228392531546487,0.8959807088086611,0.9067350525426557,1.2028547459102916,0.863648078623608,1.2346470920552075,0.839938652937481,0.6554180801043704,0.7568407519638208,0.9102599957784415,1.0424482826461792,0.7832536786083859,0.7591258851979616,0.8163209842123484,0.8476417429878798,0.8287840627615456,0.6667754169171979,0.757200769589528,0.9661801519815427,0.9388015297684043,0.7608701212958335,0.6448380760979546,0.6946489115832992,0.9582663805873882,0.9943294302807776,0.7513988481253766
C8_EmergencyDrill_Evacuation,0.9724015801866365,1.0862652274993654,0.9421367967424474,0.9614661211429175,0.9977795354508427,0.9864497768471168,1.0038848588355525,1.0167753849204895,1.0839038182741887,1.0818776226479256,0.9974910547870821,1.0597799360878455,5.551115123125783e-16,1.0206933563678438,0.9664038882129687,1.0266167150875707,0.9560933154032991,0.9775805230152276,1.105411694435583,1.194695790061081,0.9665754604792752,1.185147958405731,0.9780331153709994,1.1705840448958922,1.0249682041365473,1.1618579921448149,1.126392211678122,1.18502837756101,1.0589596957914338,1.033738196569486,1.0072922650064016,1.0222992554061687,1.1256751380235162,1.066892883765846,0.9619624980744212,1.0791308064259892,0.9308093759191733,0.9688539035689256,1.127085867325388,0.91649465513159,0.867219558223163,1.058177870734813,1.0012596358589736,0.9373511109582728,1.0282579377390295,1.0285579684623,1.090992311691877,0.9978860663257468,1.1348625315937184,1.0218954628141992,1.037329855334185,1.0020541476032228,1.0429936291790314,1.0419603726211215,1.1060152060542723,1.1263865695489048,1.0035950807717837,1.0277434252222224,1.0688725367429552,1.0181605991302827
V1_TaxiLow_HelsinkiMedium,0.9796617940563241,0.7701604365930166,1.0908091649610159,1.0744923222953244,0.9631585622412174,0.8949241771203635,0.8646559854804874,1.1383300403627055,1.3160686784228135,1.270864119050802,1.2287090901599305,1.1778462997896206,1.0206933563678438,-2.220446049250313e-16,0.12602566605660193,0.6122149549443452,0.9458812581393878,0.9223406215158394,1.1799538562556613,1.053456165890595,0.6754405557763434,0.9459020737586868,0.9403665854307469,1.0963495030151174,0.22091526249582005,1.1733676555937769,0.8131928899647912,1.0774867914742996,0.9681840142283316,1.0836903731392393,1.2617015120660235,1.2625925912948772,1.2837488531435137,1.154015351882967,0.3321664097043414,1.323246305204245,1.2296352067406808,1.1801885628937083,1.3289295251638953,1.2044565214552176,1.3179108621357467,1.398703154412329,1.2721193138751927,1.3293672420354743,1.0668347333773847,0.7896295497756276,1.117904637140849,1.140637145643716,1.1823076367401528,1.2126603320280123,0.705461000640851,1.1731877106440036,1.0663589363341974,1.126880022170456,1.1580270061527993,1.1750501579078185,1.2749749457303028,1.0828217322821838,1.0908347625106696,1.02556853808901
V2_TaxiHigh_HelsinkiMedium,0.8206186984082494,0.7995554639656383,1.0062056998169113,0.8460904834014151,0.8963116252247039,0.854635000719904,0.8857179742294432,1.1182359586359776,1.3062308197739827,1.2100632458326404,1.140057451553184,1.2501058444115898,0.9664038882129687,0.12602566605660193,1.1102230246251565e-16,0.6051267427569375,0.833300692573868,0.8481987129857902,1.2327231497647748,1.1960774022333913,0.48900010745943423,1.0929759252815854,0.9751449269736698,1.193375418549697,0.25382219812561113,1.2351853356885616,1.078376839667654,1.2603073662343962,1.1566051509523025,1.048775770092278,1.2162575400917892,1.1998232180290018,1.275213460497684,1.1495788991659663,0.30649611699356505,1.292712887401297,1.1886150083886549,1.1155359894681234,1.2886720075209785,1.135660492860064,1.1631913029803913,1.2813516694867402,1.2709390106552734,1.2285540149151972,1.0747096742525295,1.142698752515416,1.172086553691285,1.0403095265628086,1.221456609284581,1.0962001336721245,1.0873792679911232,1.1112007828158865,1.0531560536640043,1.132715648835033,1.2934302878391666,1.2980907309290064,1.1353243024207684,1.086323937200377,1.1422922726481437,1.1879857273107037
V3_BusOnlyCarriers_HelsinkiMedium,0.4732524878408134,0.3257234267291692,0.9062805138881723,0.5536463178414246,0.629629402219201,0.523776710311705,0.5806364875924654,1.1937725534315862,1.4537751660039977,1.287347054487878,1.2446442665540107,1.3292495664553403,1.0266167150875707,0.6122149549443452,0.6051267427569375,-2.220446049250313e-16,0.5229954690149674,0.5518227822486034,1.176328673657988,0.9966566400772617,0.6709994958417518,0.8701157438913454,0.8282211988133682,1.0950244067636346,0.7357605048346605,1.2125757215473958,1.0095112013547742,1.205937546916829,1.0853273593175137,1.0805238267876924,1.255226695452635,1.3171797982129023,1.3582888264027173,1.186819628222582,0.9199567730156945,1.4223980172399955,1.313008184530554,1.2234529573863988,1.3327344013286533,1.1829487819726159,1.414963975125139,1.403435701509019,1.3804127558554975,1.3474206780397129,0.9244355071954389,1.2219815707066641,1.2042093180215452,1.027732584658008,1.2019507480106477,1.1425138891641784,1.1000728129949149,1.1309895363726992,1.066932554938416,1.1444096067489795,1.3807816070562586,1.347631039439693,1.1202603006262535,1.0939172069197758,1.174388662926075,1.2357977846699506
V6_CarOwnership_0_HelsinkiMedium,0.06467659701365014,0.2900087108510788,0.17515049632386037,0.061530252391294504,0.13443534981624394,0.04374861036836142,0.09553847987894504,1.1717093286394495,1.375940031421123,1.296934259942785,1.1262705535859583,1.4152404213309895,0.9560933154032991,0.9458812581393878,0.833300692573868,0.5229954690149674,0.0,0.2577447419554044,1.6152252173106525,1.4927154273789955,0.8553204802252903,1.2543009055910026,1.0451029494837443,1.4170855315543225,1.138394255264387,1.440198086309747,1.230907408017492,1.3416679368304805,1.5291994318508841,1.1803484339244807,1.1332122192853291,1.2147840981040237,1.323206448557734,1.1715213514931213,0.9912478722291482,1.3283686586468721,1.2045779215834902,1.1034671914939351,1.3598023012914018,0.9216173939009462,1.1429704503571587,1.3296686897157473,1.3969063096387386,1.18506208500489,1.008959756273784,1.253460023500327,1.3257607591409521,1.2138935205993657,1.3492138383996326,1.2031202080697234,1.2978063511558313,1.3689395676106972,1.1479519336413186,1.2786375729261654,1.3711396110580973,1.4804705453186193,1.4396602364983941,1.182664116781167,1.20536544908593,1.3648881353021223
V7_CarOwnership_100_HelsinkiMedium,0.20978001425514659,0.32034831322322643,0.3848343562382375,0.28269763707192874,0.4834203108083034,0.2479872416529164,0.28061642823485733,1.1554432138652508,1.433860961594056,1.2993115768373673,1.1312158639689904,1.3933405525746316,0.9775805230152276,0.9223406215158394,0.8481987129857902,0.5518227822486034,0.2577447419554044,1.1102230246251565e-16,1.4652982101922425,1.259509639346465,0.8952440764729808,1.0386422437455864,0.9961477552070784,1.2665158306547282,1.0647695181397987,1.446457179359086,1.1062679442711065,1.324420458856519,1.3936610164231236,1.1215439294128382,1.0973743523432278,1.209769712551318,1.343495941996286,1.1786164732603859,0.9350390889550961,1.3935410461961206,1.1470583661471037,1.1150396050333296,1.398626422996624,0.9148102461212736,1.1419993478603583,1.4159699594188422,1.3104659920707389,1.109244304257374,0.9980798635837492,1.2352840274265693,1.4128737563434217,1.10660262829639,1.3928231428087179,1.1743153740071288,1.2537949399638977,1.346786177603918,1.0952463808832078,1.206226826737475,1.4520406248740656,1.4963721259940006,1.3248046538095082,1.134750104464477,1.1849592002195966,1.321772797088437
R10_TinyRange_5m,1.5203436541035686,1.3381234888868523,1.7310973696443985,1.5775470680902242,1.6208068960764712,1.6558260873504316,1.7093624087887402,0.8374834532796989,0.7167203485502653,0.6593544001622649,1.08857934378639,0.5610770015802361,1.105411694435583,1.1799538562556613,1.2327231497647748,1.176328673657988,1.6152252173106525,1.4652982101922425,0.0,0.2775343985630595,1.0163980724629769,0.5969999621955604,1.2027710211287088,0.4410663138136519,0.9411180082270182,0.6033406674597884,0.9422399910164826,0.8160136870431233,0.2948045340344244,0.955045232613249,1.0843712508945405,0.7176498457608723,0.9482875459530117,1.1628108366776064,1.173685888238442,0.8070326431380436,0.6485427342726369,0.9576103437378187,0.7184119590545046,1.2563121124723213,0.7254701978701557,0.8422230762405231,0.342587834157401,0.7360822310507285,1.1717744303956816,0.7189022408564456,0.8394347126117334,0.7125931550116619,0.7285138240731459,0.8952728555055665,0.7506015350067234,0.31036105874913367,0.9287724923695043,0.837646178900814,0.7739932144556771,0.7942684497090223,0.27719342127151125,0.8900211957974926,1.1044129060235304,0.4301671791361561
R11_SpeedExtremeLow,1.2802824247697016,0.8789056879839059,1.5621293493507198,1.4568248900006295,1.4386488234210661,1.43244340679,1.4790476111178612,0.9651147162484627,0.9163253171803657,0.7020418557514947,1.1954451481211417,0.7270808810307594,1.194695790061081,1.053456165890595,1.1960774022333913,0.9966566400772617,1.4927154273789955,1.259509639346465,0.2775343985630595,0.0,1.1908333288603772,0.1436940356221723,1.045400935479414,0.22893274846585066,0.8367526305715625,0.7504281713424782,0.6692064998996246,0.6596262294303686,0.5168455080271758,0.9247487633691256,1.1524686505629251,1.0361090484390547,0.8754770277950029,1.1706614723742472,1.0192954086396813,1.0443366837338537,0.8596128379957836,1.1850982768490554,0.8218371994517604,1.2323754199059427,1.1413235248766151,1.0848431201488793,0.6073999109899564,0.9179812607916604,1.1108477682048858,0.9634756734878731,1.0533123121558454,0.8141499568983676,0.8119389549110808,1.023932790892937,0.942019422224303,0.7173201497217322,0.9332232275813619,0.9072916041431174,1.0126614189265652,0.9508683244170208,0.5736534163432178,0.9355401850176772,1.0939239233898606,0.7238680268156654
R12_SpeedExtremeHigh,0.8736936778669251,0.9672414741811591,1.026960633618524,0.8690959273018046,0.9498491492549792,0.912082223139207,0.9550943677980741,1.0029889901607902,1.1692944114332786,1.146586595531403,1.038211321881473,1.0584069125850586,0.9665754604792752,0.6754405557763434,0.48900010745943423,0.6709994958417518,0.8553204802252903,0.8952440764729808,1.0163980724629769,1.1908333288603772,-2.220446049250313e-16,1.2253915559721986,1.0956606148111336,1.2082773867984573,1.0463148449501012,1.1536776233192527,1.158013446514462,1.242469448676872,0.829956959086778,0.991736591377585,1.0749196256172517,1.1420717841149692,1.066819912101802,1.1023175291056717,1.1398520207680858,1.0902377848962979,0.8047772035491472,1.226101809794133,1.1708698989748032,1.266137632651354,0.7175434127175656,1.0372413491446923,0.923232664465166,0.8233950973700059,1.1823711804903827,1.0390611019613842,0.9619636340250809,0.9065785588105006,1.110140886224663,0.9808474087904481,0.9350752734085586,0.8133820556371043,1.0282783988000148,0.9907072871686728,1.1372930309360803,1.0583380077100215,0.7755186598955549,0.9935047675680404,1.1002048677790688,0.9101795638165829
R1_Rural_RandomWaypoint,1.0283244772877362,0.5793995246522579,1.2766243960759445,1.230832034481169,1.1843273000934862,1.1489555157100284,1.182555860683533,1.1230484331294197,1.2469901519311604,1.0797777036340097,1.2068137196503195,1.1892004333099022,1.185147958405731,0.9459020737586868,1.0929759252815854,0.8701157438913454,1.2543009055910026,1.0386422437455864,0.5969999621955604,0.1436940356221723,1.2253915559721986,0.0,1.1005762452573413,0.5200280733121982,0.8489168193082848,0.7499774694548531,0.6272865693832737,0.5947976803059281,0.8272632623309939,0.9873308593209711,1.1383554214481602,0.9982561555556768,0.9843925465206633,1.1217817181614866,0.9178190149574477,1.0349876521102197,0.9933183987349875,1.0811245719334555,0.850178478097111,1.0922752611400477,1.3188645593164394,1.2579793573775713,0.8279555269813179,1.0430318453132519,1.0966709330952662,1.01195325501016,1.1831984892382859,0.9410990138882447,0.8828668185734544,1.0849869116704591,1.088479083586991,0.9947839720251286,0.984885191783813,0.9923876995890865,1.0875129907376966,1.106976930424399,0.900753464713842,0.9935425643743006,1.0719928079163557,0.9192967984625912
R2_VillagesTrails_ThreeClusters,0.987108138126357,0.9586816845081474,1.135075300450387,1.0413951374221493,1.068373627844092,1.0449314554078053,1.0768329359426054,1.0512534540531964,1.1971088430949088,1.0411128535319512,1.1156944531050341,0.9835499365283451,0.9780331153709994,0.9403665854307469,0.9751449269736698,0.8282211988133682,1.0451029494837443,0.9961477552070784,1.2027710211287088,1.045400935479414,1.0956606148111336,1.1005762452573413,0.0,0.9969608818828991,0.8211633795811588,1.3808165649226325,1.0706714130569697,1.2572080445818405,0.9629376187450871,1.030107750691809,0.3969994680208181,0.9403917019278805,1.1566536012780335,1.1212377020585744,0.8436985690137154,1.4132292435648819,1.066358418239163,0.919916096151913,1.337169606817978,0.4361162063979469,1.1400484513643754,1.1916992704959322,1.2101314048024296,1.0042045712538474,0.43544979720356025,1.269434058559249,1.1467885732647654,0.9731034693822967,1.2098700260185298,1.0963485783831413,1.0628736264180962,1.109784696443549,1.00568198584486,1.0547360151706713,1.3403196666977422,1.1843957553708322,0.9722816495124271,1.033937273129283,1.1155823792984783,1.1610301512539476
R3_WildlifeTracking,1.294948733445654,1.0486594361958492,1.4565274908027686,1.3875852232582078,1.3710509463101554,1.3885718021900184,1.4092486804982864,0.6021811955070938,0.5857831761004538,0.3184535004045137,1.1651910371220218,0.4354488308470231,1.1705840448958922,1.0963495030151174,1.193375418549697,1.0950244067636346,1.4170855315543225,1.2665158306547282,0.4410663138136519,0.22893274846585066,1.2082773867984573,0.5200280733121982,0.9969608818828991,-2.220446049250313e-16,0.8951010400887569,0.9343978426743622,0.7612858286652137,0.86099287567777,0.7785189535825442,0.9713434000479021,1.182874892363611,1.046111171706817,0.8588267566007712,1.1530793487183557,1.0976868159739424,1.1724795585782417,1.1489716682681543,1.135405555483036,0.9406292596654325,1.2017204272810855,1.244185166350767,1.031444790614083,0.8093534695875032,1.1170495448849789,0.9961146623454674,1.0122061656686772,1.0843286011439375,0.9017135028268839,0.9012143770344907,1.0455993261579044,0.9492740248245682,0.8922416605326347,0.9071686791874367,0.9868752167213402,1.0120896988305843,0.9430240087311682,0.7886515023744533,0.9839311736553061,1.0876226466437002,0.9308350911360086
R4_ParkRangers_HelsinkiMedium,1.0662209088598211,0.882057648076913,1.3146327701261393,1.1284952156518426,1.142209326705141,1.1305786947903895,1.157734755643479,1.0327311214924584,1.2133650708977393,1.090583893743513,1.1702703641845342,1.0862976853089297,1.0249682041365473,0.22091526249582005,0.25382219812561113,0.7357605048346605,1.138394255264387,1.0647695181397987,0.9411180082270182,0.8367526305715625,1.0463148449501012,0.8489168193082848,0.8211633795811588,0.8951010400887569,0.0,1.0739158110670224,0.9614622053561606,1.0808151602099194,0.9047966375032774,1.017764253660922,1.2273268325865117,1.2458957820299656,1.2083235043341922,1.14120877744533,0.13815303536439572,1.2698228155728453,1.1835584761314668,1.158856028360801,1.1663787077836367,1.1642946450914784,1.2892175702181836,1.205289183924282,1.166731651219548,1.2612018270581156,1.0106483603950513,1.1263244888552335,1.0789250814815503,0.96604543450305,1.0577478501723703,1.0724954419246076,1.006595652684583,0.9892876436900617,0.9987833254016166,1.050425869303218,1.193463610059436,1.1306520409876464,0.9471701304245754,1.0308705745384923,1.107971358860063,1.0772101544504948
R5_MountainRescue,1.4761309732848713,1.2919711934303257,1.298849116618393,1.31640184112978,1.2249130635360514,1.4026019693469585,1.3151379286278475,1.088614305511702,0.5571385657201591,0.8624985003940309,1.0882875320547787,0.9217586327522896,1.1618579921448149,1.1733676555937769,1.2351853356885616,1.2125757215473958,1.440198086309747,1.446457179359086,0.6033406674597884,0.7504281713424782,1.1536776233192527,0.7499774694548531,1.3808165649226325,0.9343978426743622,1.0739158110670224,-4.440892098500626e-16,0.9731040693398428,0.22245288374669137,0.8431408108453196,1.0105951382871976,1.2420385142098265,0.8163463781235558,0.3856061546275913,0.8865187129967317,1.2708309453131297,0.12528605071191645,1.051704875052007,0.9920063584250219,0.10672145589782189,1.3482398071642383,1.1435130669830578,0.30488795315430106,0.8640079423696645,1.2114371087610312,1.2489481311139683,0.8662034198169988,0.25086995487659947,1.0376912758195358,0.17346738319153965,0.7422067913286354,0.9724763939904975,0.6772688641874337,1.121641510053799,1.0611042758758555,0.18428179824790736,0.2851758906439106,0.8592293799802425,1.0410000304613367,0.9510668764106156,0.7923302975642252
R6_SparseLongRange,1.2424391575258342,0.9060446476958665,1.2338836363203844,1.3964607132994624,1.1888749322060925,1.1343773876090713,1.059838834736408,1.0422956804687065,1.0725667811236177,1.071884379505133,1.2083250711469056,0.9686212881069538,1.126392211678122,0.8131928899647912,1.078376839667654,1.0095112013547742,1.230907408017492,1.1062679442711065,0.9422399910164826,0.6692064998996246,1.158013446514462,0.6272865693832737,1.0706714130569697,0.7612858286652137,0.9614622053561606,0.9731040693398428,0.0,0.8434811302977399,0.8072134375540152,0.27386314586311244,1.1462450417272152,1.0920282730414868,1.1094278028689857,1.1063406319077267,1.0454735700302045,1.1720403326606126,1.1240569410009256,1.1358765315240666,1.139160683652207,1.1624885164419279,1.258183437732675,1.3127372984733272,1.0099000446647524,1.1471182820230275,1.0785246851703265,0.6006482199422272,1.1406650025182428,0.9933516526579338,1.139367397922281,1.0559854967265803,0.5305283660546712,1.1773042778997185,1.0204327814252117,1.0451306320018614,1.0471417610557732,0.9336130057943169,1.2076552357273582,1.0285101109363493,1.0037629864606699,0.9393938612485522
R7_SparseTinyBuffer,1.337482080154215,1.1125649429590871,1.0498013012078606,1.2740251209622602,1.1377196961759497,1.3097992944913395,1.1741634192405956,1.167999869934122,0.6683653810135516,0.8764594376514123,1.115264063263679,0.942493742652143,1.18502837756101,1.0774867914742996,1.2603073662343962,1.205937546916829,1.3416679368304805,1.324420458856519,0.8160136870431233,0.6596262294303686,1.242469448676872,0.5947976803059281,1.2572080445818405,0.86099287567777,1.0808151602099194,0.22245288374669137,0.8434811302977399,0.0,0.833901447291572,1.0306214713364725,1.2234292658051438,1.0654981901057263,0.36626623782617607,0.9276188022096404,1.175752144822674,0.3298406719095821,0.8920668822496887,1.1907191821540657,0.16179620620712165,1.2922258229868206,1.2188711313167704,0.4345759827502239,0.7481076627553067,1.1595994644546557,1.2345119713095385,0.8348649414690164,0.2565682864609292,1.4704368294357568,0.11974219764002658,1.219605012917625,0.9804184763440654,0.7226752646380676,1.0042754636702502,1.0883719097804576,0.18316591573348517,0.4245744893386907,1.064928330252358,1.0558107158439165,0.9707025005020131,0.5989146852092364
R8_IntermittentPower,1.496979777734086,1.329587059592243,1.6209836487145228,1.6004302754479638,1.546421357540697,1.543060564137599,1.550090956172148,0.9485073393243512,0.9508654167159644,0.9835501434981038,1.0782362486914259,0.6044626169225265,1.0589596957914338,0.9681840142283316,1.1566051509523025,1.0853273593175137,1.5291994318508841,1.3936610164231236,0.2948045340344244,0.5168455080271758,0.829956959086778,0.8272632623309939,0.9629376187450871,0.7785189535825442,0.9047966375032774,0.8431408108453196,0.8072134375540152,0.833901447291572,-2.220446049250313e-16,0.8365085848228789,1.0128620008729867,1.137582631556069,0.9115442232901612,1.141779875462597,1.100610150060713,0.9352199182391004,0.3695010093053297,1.3370653468145774,0.9281396221707985,1.3517535402414003,0.5450369097615837,0.8674961296314246,0.33083105026986936,0.5251541331809798,1.2114731836305632,0.591535525032544,0.6989682431213481,0.7865895831610159,0.7965170973194406,1.0054293831131007,0.42254844990156437,0.3408686850450735,0.8757918992719699,0.7699695126332499,0.7926558956521901,0.6431427779472678,0.25961478376068003,0.8457049081209438,1.0468983718876508,0.2637740389476002
R9_ExtremeRange_200m,1.1605584510907494,1.1239669488890816,1.2176686443817215,1.1949639276413164,1.2139566769159609,1.2332771270310918,1.2179943854162616,0.9884638992539201,1.0160264832253147,1.0069355005137592,1.0372045457923456,0.9844892403223088,1.033738196569486,1.0836903731392393,1.048775770092278,1.0805238267876924,1.1803484339244807,1.1215439294128382,0.955045232613249,0.9247487633691256,0.991736591377585,0.9873308593209711,1.030107750691809,0.9713434000479021,1.017764253660922,1.0105951382871976,0.27386314586311244,1.0306214713364725,0.8365085848228789,0.0,1.036053540780589,1.0666760237782884,1.072095522094746,1.0691027468847802,1.0651335536810511,1.0791465051259737,0.894343230930599,1.1235540303638039,1.0056463711998387,1.128003640011204,0.9179494254826107,0.9983045982294845,0.8507188943208761,0.9096744831011229,1.0874959698938629,1.028498052780153,0.9992453765147902,0.9277137697859952,1.0547306292879954,0.9673364739496283,0.9346078374474754,0.8623148676983304,0.9788590173922219,0.9758276904161376,1.0903579997503223,0.9454599480345869,0.8594354959018105,0.9828671412959453,1.0434229636047945,0.9513607915921543
D1_ShelterHotspots_Clusters,1.1059376898316,1.2290611521449675,1.0288281139386661,1.1271178574759575,1.1645907362340755,1.1604913495946059,1.1910228088513797,1.0104749965835818,1.1561896191742052,1.133000967254328,1.0012347764840694,1.0869913229110038,1.0072922650064016,1.2617015120660235,1.2162575400917892,1.255226695452635,1.1332122192853291,1.0973743523432278,1.0843712508945405,1.1524686505629251,1.0749196256172517,1.1383554214481602,0.3969994680208181,1.182874892363611,1.2273268325865117,1.2420385142098265,1.1462450417272152,1.2234292658051438,1.0128620008729867,1.036053540780589,-2.220446049250313e-16,0.4933534641830586,1.1549265533335757,1.0729589935742072,1.029731399540906,1.1119144368445049,0.7834587915952013,0.6635609284694914,1.1674463164869233,0.18935515795390112,0.7406606648684354,1.0925971249117312,0.8910236436056911,0.6131055135912287,0.33714135014841595,1.0494462403250064,1.1701414160145585,0.9618905509021546,1.1947321637753108,1.0357304594121137,1.0673217391455578,0.9800093677873625,1.0468945513501682,1.0377667940982476,1.1740878668703512,1.1814507273819659,0.9264465068264687,1.024397086235424,1.1142039148837863,0.9718675826048823
D2_PartitionedCity_MuleBridge,1.2409552913224886,1.3059249273382583,1.1517880456907228,1.2057668009193496,1.2418138828077265,1.271021094871683,1.2833968385335777,0.939957829063169,0.9372861695450718,0.9964020296255841,1.0196721378681888,1.0973283054936733,1.0222992554061687,1.2625925912948772,1.1998232180290018,1.3171797982129023,1.2147840981040237,1.209769712551318,0.7176498457608723,1.0361090484390547,1.1420717841149692,0.9982561555556768,0.9403917019278805,1.046111171706817,1.2458957820299656,0.8163463781235558,1.0920282730414868,1.0654981901057263,1.137582631556069,1.0666760237782884,0.4933534641830586,0.0,1.2734588440446475,1.0855097234498647,1.1752034207647404,0.8333038262729566,1.019690851499391,0.23531929656372697,0.8945045185512882,0.4410751034637571,0.8709362052446885,1.0692314359587258,0.8087531268364302,0.9534262693607717,0.7329502251046742,0.7277791017980253,1.1395511960939269,1.0123841718025424,1.0327125932554488,0.9968140174211544,1.0173999918086867,0.8281202311976452,1.040679133530824,1.0947985859563485,0.8906918599738612,1.1820675275580423,1.029859658697205,1.0612020616343214,1.1177278307297578,0.8639769698170523
D3_Aftershock_ErraticMobility,1.3532738427832698,1.3539990480111985,1.0132470568386018,1.1797726167136824,1.0764208284858345,1.2410028165718743,1.1591633783461408,1.092842470969446,0.3310189197813411,0.5646515500364152,1.0245687049157484,0.5690641915561949,1.1256751380235162,1.2837488531435137,1.275213460497684,1.3582888264027173,1.323206448557734,1.343495941996286,0.9482875459530117,0.8754770277950029,1.066819912101802,0.9843925465206633,1.1566536012780335,0.8588267566007712,1.2083235043341922,0.3856061546275913,1.1094278028689857,0.36626623782617607,0.9115442232901612,1.072095522094746,1.1549265533335757,1.2734588440446475,0.0,0.8724774214645155,1.2267899358314933,0.24058940478891366,0.8884441429490795,1.3918142475533026,0.2605518622107217,1.3015872204423793,0.9333259227091735,0.15399918928114142,0.9383023608922839,0.9355433665283958,1.249802387474362,1.1576481499889446,0.3021461976045836,0.9195729641835543,0.3329179733714267,0.6175012528215864,1.0836538107429805,0.9569780380414326,1.063230259014188,1.063348879748777,0.3673992749819027,0.1987646063149099,0.8460823436293684,1.040413605669597,0.93137267481335,1.0007269610415648
D4_MedicalTriage_TwoClasses,1.1931511764242642,1.2027192484682385,1.064563016605157,1.121618733870406,1.086639169838589,1.1535032283953448,1.123535317841935,1.0756356788311912,0.9451573299375216,1.0304933798131228,0.7534883257502023,1.057080461182713,1.066892883765846,1.154015351882967,1.1495788991659663,1.186819628222582,1.1715213514931213,1.1786164732603859,1.1628108366776064,1.1706614723742472,1.1023175291056717,1.1217817181614866,1.1212377020585744,1.1530793487183557,1.14120877744533,0.8865187129967317,1.1063406319077267,0.9276188022096404,1.141779875462597,1.0691027468847802,1.0729589935742072,1.0855097234498647,0.8724774214645155,1.1102230246251565e-16,1.1415631629124687,0.8509912921685667,1.112669501344694,0.8407369414609118,0.8783655218103725,1.1339579096409675,1.0921362801119385,0.8454144140367872,1.169989072517617,1.1154564013551365,1.0508456682186922,1.0962566462047678,0.8576895513301823,1.0335262648871193,0.8869300271860379,0.9200456443258116,1.0843122606126065,1.087217513226872,1.084831033153618,0.5721501727433462,0.888436490275271,0.8828179992732305,1.1074077541462837,0.2422894472988788,0.7257030386468432,1.1319594524845853
D5_UAVMule_FastRoute_HelsinkiMedium,0.9157836385925345,0.8903180821106231,0.9903435476493948,0.991158458247343,1.0176231271771703,0.980031174755998,1.0163460426172177,1.0776141763182414,1.3197679172100139,1.2139946089169678,1.1053311335551421,1.228392531546487,0.9619624980744212,0.3321664097043414,0.30649611699356505,0.9199567730156945,0.9912478722291482,0.9350390889550961,1.173685888238442,1.0192954086396813,1.1398520207680858,0.9178190149574477,0.8436985690137154,1.0976868159739424,0.13815303536439572,1.2708309453131297,1.0454735700302045,1.175752144822674,1.100610150060713,1.0651335536810511,1.029731399540906,1.1752034207647404,1.2267899358314933,1.1415631629124687,0.0,1.270327334880701,0.9980233907110122,1.0814321576850237,1.2446434852984807,0.8612006702509126,1.0600575382222548,1.2623618914078159,1.1010199116363022,0.9743231796089475,0.9131102463375979,1.1626902956413734,1.258948884048623,1.0089993160399517,1.2233736407189697,1.1078029744536004,1.1372435361238347,1.1395335500634944,1.052281899039569,1.0935135769484043,1.3000686593550748,1.28412007953166,1.0661835897371907,1.060407305530363,1.1370443554577183,1.1285671406992972
D6_ShortTtlCritical_5to10min,1.413416664454358,1.4597273223884126,1.0272763006165015,1.1965141383206948,1.1176150315134825,1.29791942777508,1.2102493039858668,1.0762859672106881,0.4920275712297343,0.8850047273930335,0.9826631800590537,0.8959807088086611,1.0791308064259892,1.323246305204245,1.292712887401297,1.4223980172399955,1.3283686586468721,1.3935410461961206,0.8070326431380436,1.0443366837338537,1.0902377848962979,1.0349876521102197,1.4132292435648819,1.1724795585782417,1.2698228155728453,0.12528605071191645,1.1720403326606126,0.3298406719095821,0.9352199182391004,1.0791465051259737,1.1119144368445049,0.8333038262729566,0.24058940478891366,0.8509912921685667,1.270327334880701,3.3306690738754696e-16,0.8297782555344124,1.003650700592696,0.11151360823079193,1.1997055980692841,0.803330059404929,0.15060927704107574,0.7954169397166522,0.9315002367969686,1.2986917899568073,0.9066392715435256,0.24057569995587924,0.9907687350496487,0.24634694732321472,0.6366666742863233,1.0275876775608455,0.7468237692784265,1.1459835330802464,1.0695306577383363,0.16878070249791322,0.22591650062728685,0.8516914302903018,1.047068206188787,0.9415469418955057,0.8190243754534359
D7_HighLoad_TrafficStorm,1.1400164411452764,1.3221151230318373,1.0289116672683514,1.2051588625102103,1.2913906976523215,1.3017131061177758,1.3376230736342936,1.013368533544912,1.0989132353876432,1.1396770374464256,0.8966788906646345,0.9067350525426557,0.9308093759191733,1.2296352067406808,1.1886150083886549,1.313008184530554,1.2045779215834902,1.1470583661471037,0.6485427342726369,0.8596128379957836,0.8047772035491472,0.9933183987349875,1.066358418239163,1.1489716682681543,1.1835584761314668,1.051704875052007,1.1240569410009256,0.8920668822496887,0.3695010093053297,0.894343230930599,0.7834587915952013,1.019690851499391,0.8884441429490795,1.112669501344694,0.9980233907110122,0.8297782555344124,1.1102230246251565e-16,1.179895566818359,0.8508053907372415,0.9601328338945252,0.13807700622299557,0.778953526232855,0.12479363211653594,0.13566437079299676,1.2437784266663867,0.8588931998630471,0.8071265894689374,1.0263951780574518,0.8438524413405614,1.1911574858911897,0.8935363737818286,0.3527432950581051,1.0027128520292872,0.8097336357497713,0.857318374347841,0.9081081468661149,0.35527811422817557,0.8757485196841163,1.0981711562753826,0.27638593259575805
D8_InfrastructureReturns_BackboneLinks,1.1318678770629325,1.2152121553943256,1.049349397981536,1.101244036392407,1.1403739689784584,1.1539835384363215,1.1678477593990966,0.9958138610208049,1.0475136839766284,1.0599575403930483,0.7678491575645358,1.2028547459102916,0.9688539035689256,1.1801885628937083,1.1155359894681234,1.2234529573863988,1.1034671914939351,1.1150396050333296,0.9576103437378187,1.1850982768490554,1.226101809794133,1.0811245719334555,0.919916096151913,1.135405555483036,1.158856028360801,0.9920063584250219,1.1358765315240666,1.1907191821540657,1.3370653468145774,1.1235540303638039,0.6635609284694914,0.23531929656372697,1.3918142475533026,0.8407369414609118,1.0814321576850237,1.003650700592696,1.179895566818359,2.220446049250313e-16,1.0525231264831951,0.447791982453719,1.025205843333006,1.2059128313988685,1.0296182940171799,1.16171297671707,0.7990296328693178,0.8415971028380101,1.2659487691929912,1.0838775111315604,1.1670824004421994,1.065809510748184,1.1103019250594854,1.015552055955738,1.0884218792135871,0.6444144461046407,1.0447694528401315,1.343681694505478,1.2240903687564788,1.1168240375277616,0.8563356676830427,1.04998080967369
D9_Critical_1minTTL,1.363226406215573,1.3467008594068899,1.0867366021572087,1.1737491999570593,1.170492130028211,1.3930356830269026,1.308702668012215,1.0935318150623758,0.4697272153576355,0.7211121702931289,1.0020091191361873,0.863648078623608,1.127085867325388,1.3289295251638953,1.2886720075209785,1.3327344013286533,1.3598023012914018,1.398626422996624,0.7184119590545046,0.8218371994517604,1.1708698989748032,0.850178478097111,1.337169606817978,0.9406292596654325,1.1663787077836367,0.10672145589782189,1.139160683652207,0.16179620620712165,0.9281396221707985,1.0056463711998387,1.1674463164869233,0.8945045185512882,0.2605518622107217,0.8783655218103725,1.2446434852984807,0.11151360823079193,0.8508053907372415,1.0525231264831951,-2.220446049250313e-16,1.2512819548191714,0.9909417804063776,0.14887853605192847,0.7059774069616458,1.0480910515012125,1.2466920993649082,1.0779630843108514,0.17305907346728544,1.2497360152408243,0.06427560699912749,0.9351331846495154,1.233837882761326,0.5701190823505866,1.1022843192005314,1.060194748901126,0.1519913061500936,0.3491549061337508,0.8263787747159159,1.0399723944627937,0.9805733897590525,0.7165539339537982
S1_StrongCommunities_SeparateClusters,0.8953729977048248,1.0590713715926894,0.7720531209966203,0.9283855093979464,0.9757460687413293,0.9413190817554791,0.9754748823718055,1.0321227474374313,1.215147913931757,1.1487214779469335,1.0390130455353042,1.2346470920552075,0.91649465513159,1.2044565214552176,1.135660492860064,1.1829487819726159,0.9216173939009462,0.9148102461212736,1.2563121124723213,1.2323754199059427,1.266137632651354,1.0922752611400477,0.4361162063979469,1.2017204272810855,1.1642946450914784,1.3482398071642383,1.1624885164419279,1.2922258229868206,1.3517535402414003,1.128003640011204,0.18935515795390112,0.4410751034637571,1.3015872204423793,1.1339579096409675,0.8612006702509126,1.1997055980692841,0.9601328338945252,0.447791982453719,1.2512819548191714,0.0,0.8782128053056882,1.271810962193621,1.0329152843082792,0.7855773327784834,0.3667343726187351,1.0695310806898062,1.4054892333373437,1.0712308755827484,1.3426471085521592,1.1205928995967673,1.2204898529697303,1.207062759879336,1.0825892677262758,1.1687830302307858,1.2871740815062653,1.4254519545511786,1.2199503704757804,1.1097442505328103,1.1757376932372465,1.1482641207026911
S2_WeakCommunities_HighMixing,1.1549196949690606,1.4998318680323912,0.9923183512857648,1.1408715034965964,1.2413107552673524,1.2344197504260486,1.2910497394930336,0.8363406397203421,0.977200029542856,1.07804453868322,0.8390246916612886,0.839938652937481,0.867219558223163,1.3179108621357467,1.1631913029803913,1.414963975125139,1.1429704503571587,1.1419993478603583,0.7254701978701557,1.1413235248766151,0.7175434127175656,1.3188645593164394,1.1400484513643754,1.244185166350767,1.2892175702181836,1.1435130669830578,1.258183437732675,1.2188711313167704,0.5450369097615837,0.9179494254826107,0.7406606648684354,0.8709362052446885,0.9333259227091735,1.0921362801119385,1.0600575382222548,0.803330059404929,0.13807700622299557,1.025205843333006,0.9909417804063776,0.8782128053056882,5.551115123125783e-16,0.7545911140659128,0.28478053749036736,0.12294751987159269,1.2252465379873694,0.8575431545064355,0.9462288913874104,0.754846360129977,1.0762688109148377,0.8722994696912596,0.8747836133458066,0.5241161879788616,0.9625937152009099,0.8448796497879991,0.9557979806137621,0.8860141761923516,0.3796773050800921,0.8965977407423071,1.0885425761292447,0.5167315396217506
S3_PeriodicMeetings_RegularRhythm,1.3909171288066973,1.5564468122165251,1.0717649057471836,1.1341329884041627,1.1516557412870272,1.371965746417945,1.3023044957993135,0.945607902989154,0.3420336212162578,0.6269037198317949,0.9202423686971182,0.6554180801043704,1.058177870734813,1.398703154412329,1.2813516694867402,1.403435701509019,1.3296686897157473,1.4159699594188422,0.8422230762405231,1.0848431201488793,1.0372413491446923,1.2579793573775713,1.1916992704959322,1.031444790614083,1.205289183924282,0.30488795315430106,1.3127372984733272,0.4345759827502239,0.8674961296314246,0.9983045982294845,1.0925971249117312,1.0692314359587258,0.15399918928114142,0.8454144140367872,1.2623618914078159,0.15060927704107574,0.778953526232855,1.2059128313988685,0.14887853605192847,1.271810962193621,0.7545911140659128,-2.220446049250313e-16,0.7733064322375415,0.8849388002259934,1.229399946498618,1.1904405368718916,0.13844770833409958,1.0283221426672424,0.19949363875326975,0.7075176333023709,1.1776417388352,0.6216409406049923,1.0263448083674576,1.0157777708299434,0.23623232284297824,0.2034873633735349,0.6752976576882107,1.0084590174029475,0.9506248017791661,0.8283089790437492
S4_RandomMixing_NoHotspots,1.3216237903292667,1.409268714267139,1.240860307575678,1.389829195642469,1.4768730479391858,1.5256270367417009,1.5461189493819603,0.8525085202391,0.9017671590682651,0.8923534490322839,0.9621330679408997,0.7568407519638208,1.0012596358589736,1.2721193138751927,1.2709390106552734,1.3804127558554975,1.3969063096387386,1.3104659920707389,0.342587834157401,0.6073999109899564,0.923232664465166,0.8279555269813179,1.2101314048024296,0.8093534695875032,1.166731651219548,0.8640079423696645,1.0099000446647524,0.7481076627553067,0.33083105026986936,0.8507188943208761,0.8910236436056911,0.8087531268364302,0.9383023608922839,1.169989072517617,1.1010199116363022,0.7954169397166522,0.12479363211653594,1.0296182940171799,0.7059774069616458,1.0329152843082792,0.28478053749036736,0.7733064322375415,0.0,0.30500727532681526,1.250690195722774,0.7163410383378597,0.7647486651646338,1.1356744020359635,0.6946366406101268,1.3074219923239847,0.8527471373020052,0.18734924211315607,0.9454836432774113,0.8396915820210721,0.7022962819762084,0.904960023414156,0.3490333601094121,0.891827626286738,1.144418666336466,0.1361026101876489
S5_TwoLayer_StudentsStaff,1.1109132489261104,1.3286819065800133,1.0292473924680043,1.1777174394817438,1.2642689101076217,1.234959531905821,1.3067295407656985,0.8964198268515811,1.118399761073316,1.1258976278856874,0.9161195935364937,0.9102599957784415,0.9373511109582728,1.3293672420354743,1.2285540149151972,1.3474206780397129,1.18506208500489,1.109244304257374,0.7360822310507285,0.9179812607916604,0.8233950973700059,1.0430318453132519,1.0042045712538474,1.1170495448849789,1.2612018270581156,1.2114371087610312,1.1471182820230275,1.1595994644546557,0.5251541331809798,0.9096744831011229,0.6131055135912287,0.9534262693607717,0.9355433665283958,1.1154564013551365,0.9743231796089475,0.9315002367969686,0.13566437079299676,1.16171297671707,1.0480910515012125,0.7855773327784834,0.12294751987159269,0.8849388002259934,0.30500727532681526,-2.220446049250313e-16,0.9387188433046961,0.9647127332698556,1.0593921319393949,0.7459347869256474,1.116987222808091,0.9310000547105937,0.9444085299824095,0.6130199982088796,0.9716376806479294,0.8575843889742241,1.093988783566766,0.9720877206880443,0.3841463266548485,0.904514954780541,1.1262063999994743,0.5704984476399562
S6_FamilyGroups_SmallPersistent,0.9940746542773615,0.9950333575663604,1.0550789912154637,1.0093069830916725,1.0323237333505653,1.020953068809474,1.0385209873257992,1.0405066340450602,1.0932509702938484,0.977012018069679,1.1100931156147966,1.0424482826461792,1.0282579377390295,1.0668347333773847,1.0747096742525295,0.9244355071954389,1.008959756273784,0.9980798635837492,1.1717744303956816,1.1108477682048858,1.1823711804903827,1.0966709330952662,0.43544979720356025,0.9961146623454674,1.0106483603950513,1.2489481311139683,1.0785246851703265,1.2345119713095385,1.2114731836305632,1.0874959698938629,0.33714135014841595,0.7329502251046742,1.249802387474362,1.0508456682186922,0.9131102463375979,1.2986917899568073,1.2437784266663867,0.7990296328693178,1.2466920993649082,0.3667343726187351,1.2252465379873694,1.229399946498618,1.250690195722774,0.9387188433046961,0.0,1.1313385184151772,1.219873469155925,1.0611712721936333,1.2070550375807394,1.108926743745789,1.1100370798799857,1.1608490246295948,1.066350309643513,1.1359114446177594,1.2442612004200329,1.282360349526446,1.1837120914096628,1.0883932469526751,1.123972831258412,1.2071066171108484
T10_HighRateLowSpeed_Congestion,1.4362459326543369,1.2867707930289702,1.1655604380211362,1.5126632316991975,1.2418935510104794,1.1906761301842215,1.0805325328781086,0.9958327353500658,0.8883267192580766,1.0919142774661457,1.1222203929182197,0.7832536786083859,1.0285579684623,0.7896295497756276,1.142698752515416,1.2219815707066641,1.253460023500327,1.2352840274265693,0.7189022408564456,0.9634756734878731,1.0390611019613842,1.01195325501016,1.269434058559249,1.0122061656686772,1.1263244888552335,0.8662034198169988,0.6006482199422272,0.8348649414690164,0.591535525032544,1.028498052780153,1.0494462403250064,0.7277791017980253,1.1576481499889446,1.0962566462047678,1.1626902956413734,0.9066392715435256,0.8588931998630471,0.8415971028380101,1.0779630843108514,1.0695310806898062,0.8575431545064355,1.1904405368718916,0.7163410383378597,0.9647127332698556,1.1313385184151772,-2.220446049250313e-16,0.9389948910926694,1.129421327804201,1.0314246745016011,1.155083549842628,0.12054548502890272,0.8911881261112039,0.9584357513186111,1.0184353237429875,0.6456217569552427,0.8198827140462008,1.1591911275663922,1.0100519570919615,0.9871348452187636,0.4458045287763812
T11_TTL_1min,1.4233170603597043,1.433588544158719,1.1333841892768444,1.2208219322658853,1.1624493176848145,1.3736005940277658,1.252210115573825,1.0301376679747964,0.5068440301755439,0.8117025842433205,0.9982901667903183,0.7591258851979616,1.090992311691877,1.117904637140849,1.172086553691285,1.2042093180215452,1.3257607591409521,1.4128737563434217,0.8394347126117334,1.0533123121558454,0.9619636340250809,1.1831984892382859,1.1467885732647654,1.0843286011439375,1.0789250814815503,0.25086995487659947,1.1406650025182428,0.2565682864609292,0.6989682431213481,0.9992453765147902,1.1701414160145585,1.1395511960939269,0.3021461976045836,0.8576895513301823,1.258948884048623,0.24057569995587924,0.8071265894689374,1.2659487691929912,0.17305907346728544,1.4054892333373437,0.9462288913874104,0.13844770833409958,0.7647486651646338,1.0593921319393949,1.219873469155925,0.9389948910926694,-2.220446049250313e-16,1.3209151568196522,0.07908724476642681,1.024958489081741,0.9200057902334539,0.5093998186814399,1.070126175845294,1.009288685189106,0.10537525863244956,0.2098003985933753,0.8028017414241568,1.0061005243383805,0.9348561704503886,0.590819182798486
T12_TTL_Infinite_Buffer200M,1.1614978825515905,1.1086534309495715,1.4119018781232124,1.1759291020194214,1.1740400674639204,1.0856886615105759,1.1996856035522387,0.9286367675518308,0.9717314762585345,0.9795473997024623,1.0188677144909624,0.8163209842123484,0.9978860663257468,1.140637145643716,1.0403095265628086,1.027732584658008,1.2138935205993657,1.10660262829639,0.7125931550116619,0.8141499568983676,0.9065785588105006,0.9410990138882447,0.9731034693822967,0.9017135028268839,0.96604543450305,1.0376912758195358,0.9933516526579338,1.4704368294357568,0.7865895831610159,0.9277137697859952,0.9618905509021546,1.0123841718025424,0.9195729641835543,1.0335262648871193,1.0089993160399517,0.9907687350496487,1.0263951780574518,1.0838775111315604,1.2497360152408243,1.0712308755827484,0.754846360129977,1.0283221426672424,1.1356744020359635,0.7459347869256474,1.0611712721936333,1.129421327804201,1.3209151568196522,0.0,1.4238851602498341,0.11277281066552514,0.8863468516072539,1.2075093963727963,0.9416970178930668,0.8947202977099601,1.3954053370918256,0.8266729969316382,0.5243317930173316,0.9293527909248687,0.9845442245414177,1.3849923687497623
T13_Buffer_256k,1.361141584931754,1.2962660269296409,1.1321812773749351,1.197618193130574,1.1824458319719549,1.4054371591910595,1.3020944997209827,1.036977284614032,0.5419127548809378,0.755796610528882,1.0248897324801007,0.8476417429878798,1.1348625315937184,1.1823076367401528,1.221456609284581,1.2019507480106477,1.3492138383996326,1.3928231428087179,0.7285138240731459,0.8119389549110808,1.110140886224663,0.8828668185734544,1.2098700260185298,0.9012143770344907,1.0577478501723703,0.17346738319153965,1.139367397922281,0.11974219764002658,0.7965170973194406,1.0547306292879954,1.1947321637753108,1.0327125932554488,0.3329179733714267,0.8869300271860379,1.2233736407189697,0.24634694732321472,0.8438524413405614,1.1670824004421994,0.06427560699912749,1.3426471085521592,1.0762688109148377,0.19949363875326975,0.6946366406101268,1.116987222808091,1.2070550375807394,1.0314246745016011,0.07908724476642681,1.4238851602498341,0.0,1.1515718617023667,1.1250486525854462,0.477637674505744,1.067084377430308,1.0315163872566677,0.11878664238439463,0.3513134310216587,0.830355857765019,1.0202014020781702,0.9753961530622903,0.5843205183499199
T14_Buffer_200M,1.2283668037530784,1.2220881664566978,1.2660530201407512,1.1170575320962697,1.0614103753717568,1.0547362715751747,1.1037351038028589,0.97606962762746,0.7438049205711006,0.9220088936305151,1.004888589580628,0.8287840627615456,1.0218954628141992,1.2126603320280123,1.0962001336721245,1.1425138891641784,1.2031202080697234,1.1743153740071288,0.8952728555055665,1.023932790892937,0.9808474087904481,1.0849869116704591,1.0963485783831413,1.0455993261579044,1.0724954419246076,0.7422067913286354,1.0559854967265803,1.219605012917625,1.0054293831131007,0.9673364739496283,1.0357304594121137,0.9968140174211544,0.6175012528215864,0.9200456443258116,1.1078029744536004,0.6366666742863233,1.1911574858911897,1.065809510748184,0.9351331846495154,1.1205928995967673,0.8722994696912596,0.7075176333023709,1.3074219923239847,0.9310000547105937,1.108926743745789,1.155083549842628,1.024958489081741,0.11277281066552514,1.1515718617023667,-2.220446049250313e-16,0.9619873377483366,1.3152736930860562,0.9760288057971758,0.9959189190035913,1.0725759443439435,0.54646057244866,0.72941189554234,0.9957184696722007,0.9253060728939845,1.505143573944299
T15_TransmitSpeed_256k,1.4767492531838329,1.2745270798191333,1.3189861346740799,1.5655878980884803,1.270045834142934,1.1924768698569406,1.098973336876135,0.9138250256266784,0.9118874317129545,1.0910778470991125,1.1479881670197298,0.6667754169171979,1.037329855334185,0.705461000640851,1.0873792679911232,1.1000728129949149,1.2978063511558313,1.2537949399638977,0.7506015350067234,0.942019422224303,0.9350752734085586,1.088479083586991,1.0628736264180962,0.9492740248245682,1.006595652684583,0.9724763939904975,0.5305283660546712,0.9804184763440654,0.42254844990156437,0.9346078374474754,1.0673217391455578,1.0173999918086867,1.0836538107429805,1.0843122606126065,1.1372435361238347,1.0275876775608455,0.8935363737818286,1.1103019250594854,1.233837882761326,1.2204898529697303,0.8747836133458066,1.1776417388352,0.8527471373020052,0.9444085299824095,1.1100370798799857,0.12054548502890272,0.9200057902334539,0.8863468516072539,1.1250486525854462,0.9619873377483366,0.0,0.9683993556428946,0.9896012590498867,0.9547485684498007,0.7826387260337164,0.6720679901947162,1.0077409398261699,0.9688211240407673,0.9508449797460901,0.5819593075228682
T1_ManySmallMsgs_HighRate,1.317835639718449,1.3934674654829964,1.403623462278784,1.2919909104291554,1.4569150398208541,1.5628590415490606,1.5870406865704374,0.9735408760513734,0.8366665892616458,0.8371277255363466,0.9407564194690188,0.757200769589528,1.0020541476032228,1.1731877106440036,1.1112007828158865,1.1309895363726992,1.3689395676106972,1.346786177603918,0.31036105874913367,0.7173201497217322,0.8133820556371043,0.9947839720251286,1.109784696443549,0.8922416605326347,0.9892876436900617,0.6772688641874337,1.1773042778997185,0.7226752646380676,0.3408686850450735,0.8623148676983304,0.9800093677873625,0.8281202311976452,0.9569780380414326,1.087217513226872,1.1395335500634944,0.7468237692784265,0.3527432950581051,1.015552055955738,0.5701190823505866,1.207062759879336,0.5241161879788616,0.6216409406049923,0.18734924211315607,0.6130199982088796,1.1608490246295948,0.8911881261112039,0.5093998186814399,1.2075093963727963,0.477637674505744,1.3152736930860562,0.9683993556428946,1.1102230246251565e-16,1.0316418144984034,0.8123881917551237,0.5984988186871506,0.8531025660369579,0.2951775058675691,0.8784206097346197,1.1031782042727918,0.18695095898754233
T2_FewHugeMsgs_LowRate,1.1050119361651545,1.097123728540584,1.174794654179071,1.1210884134490233,1.132354526097973,1.1653021964235128,1.1500471802949987,0.7477229846481404,1.0191077928401187,0.9916338517144831,1.020839254649751,0.9661801519815427,1.0429936291790314,1.0663589363341974,1.0531560536640043,1.066932554938416,1.1479519336413186,1.0952463808832078,0.9287724923695043,0.9332232275813619,1.0282783988000148,0.984885191783813,1.00568198584486,0.9071686791874367,0.9987833254016166,1.121641510053799,1.0204327814252117,1.0042754636702502,0.8757918992719699,0.9788590173922219,1.0468945513501682,1.040679133530824,1.063230259014188,1.084831033153618,1.052281899039569,1.1459835330802464,1.0027128520292872,1.0884218792135871,1.1022843192005314,1.0825892677262758,0.9625937152009099,1.0263448083674576,0.9454836432774113,0.9716376806479294,1.066350309643513,0.9584357513186111,1.070126175845294,0.9416970178930668,1.067084377430308,0.9760288057971758,0.9896012590498867,1.0316418144984034,1.1102230246251565e-16,1.0445118574439782,1.0492055639147662,0.9510235722549936,0.8909978681718066,1.0001374713367157,1.0593209090049844,0.9120527330183396
T3_MixedBimodal_SmallAndLarge,1.230409872167411,1.2103062651196619,1.2868799395188244,1.2631979804724445,1.2868557446028526,1.2977221442522935,1.3273849044366246,1.0199972452355182,1.0645401312754423,1.0240890564311045,0.5152743993131323,0.9388015297684043,1.0419603726211215,1.126880022170456,1.132715648835033,1.1444096067489795,1.2786375729261654,1.206226826737475,0.837646178900814,0.9072916041431174,0.9907072871686728,0.9923876995890865,1.0547360151706713,0.9868752167213402,1.050425869303218,1.0611042758758555,1.0451306320018614,1.0883719097804576,0.7699695126332499,0.9758276904161376,1.0377667940982476,1.0947985859563485,1.063348879748777,0.5721501727433462,1.0935135769484043,1.0695306577383363,0.8097336357497713,0.6444144461046407,1.060194748901126,1.1687830302307858,0.8448796497879991,1.0157777708299434,0.8396915820210721,0.8575843889742241,1.1359114446177594,1.0184353237429875,1.009288685189106,0.8947202977099601,1.0315163872566677,0.9959189190035913,0.9547485684498007,0.8123881917551237,1.0445118574439782,0.0,1.077109708087482,1.0251085576935457,0.7480008723108655,0.975132738687793,0.5394481713980384,0.865475876964261
T4_VeryShortTtl_5to10min,1.508595894648054,1.4914001284782752,1.0698180834148623,1.3263676275530831,1.1897494493852976,1.3881315731494872,1.2350303799872875,0.9556012614855338,0.43871278735607866,0.7907284992075405,1.0306174375854147,0.7608701212958335,1.1060152060542723,1.1580270061527993,1.2934302878391666,1.3807816070562586,1.3711396110580973,1.4520406248740656,0.7739932144556771,1.0126614189265652,1.1372930309360803,1.0875129907376966,1.3403196666977422,1.0120896988305843,1.193463610059436,0.18428179824790736,1.0471417610557732,0.18316591573348517,0.7926558956521901,1.0903579997503223,1.1740878668703512,0.8906918599738612,0.3673992749819027,0.888436490275271,1.3000686593550748,0.16878070249791322,0.857318374347841,1.0447694528401315,0.1519913061500936,1.2871740815062653,0.9557979806137621,0.23623232284297824,0.7022962819762084,1.093988783566766,1.2442612004200329,0.6456217569552427,0.10537525863244956,1.3954053370918256,0.11878664238439463,1.0725759443439435,0.7826387260337164,0.5984988186871506,1.0492055639147662,1.077109708087482,-2.220446049250313e-16,0.24419623858041783,0.9941011374446591,1.0486053807509752,0.947336024450625,0.5212489910223244
T5_VeryLongTtl_6to24h,1.5925798881148696,1.5143265906016212,1.2747327823615788,1.4223838927851087,1.2386056398375205,1.391447704904086,1.277589049621944,0.8201642976552199,0.45310790820946023,0.8152375581719415,1.0664801990515933,0.6448380760979546,1.1263865695489048,1.1750501579078185,1.2980907309290064,1.347631039439693,1.4804705453186193,1.4963721259940006,0.7942684497090223,0.9508683244170208,1.0583380077100215,1.106976930424399,1.1843957553708322,0.9430240087311682,1.1306520409876464,0.2851758906439106,0.9336130057943169,0.4245744893386907,0.6431427779472678,0.9454599480345869,1.1814507273819659,1.1820675275580423,0.1987646063149099,0.8828179992732305,1.28412007953166,0.22591650062728685,0.9081081468661149,1.343681694505478,0.3491549061337508,1.4254519545511786,0.8860141761923516,0.2034873633735349,0.904960023414156,0.9720877206880443,1.282360349526446,0.8198827140462008,0.2098003985933753,0.8266729969316382,0.3513134310216587,0.54646057244866,0.6720679901947162,0.8531025660369579,0.9510235722549936,1.0251085576935457,0.24419623858041783,0.0,0.7621932442388429,1.0105762078025786,0.9089114702107773,0.8414366124582789
T6_UniformSources_RandomFromTo,1.3040422975405368,1.347826234820331,1.5700301932450382,1.3177826624944893,1.4881441835226652,1.5216113822205326,1.6325385104094803,0.8487015842864352,0.9194830358980879,0.8655782154253588,0.9498224584856831,0.6946489115832992,1.0035950807717837,1.2749749457303028,1.1353243024207684,1.1202603006262535,1.4396602364983941,1.3248046538095082,0.27719342127151125,0.5736534163432178,0.7755186598955549,0.900753464713842,0.9722816495124271,0.7886515023744533,0.9471701304245754,0.8592293799802425,1.2076552357273582,1.064928330252358,0.25961478376068003,0.8594354959018105,0.9264465068264687,1.029859658697205,0.8460823436293684,1.1074077541462837,1.0661835897371907,0.8516914302903018,0.35527811422817557,1.2240903687564788,0.8263787747159159,1.2199503704757804,0.3796773050800921,0.6752976576882107,0.3490333601094121,0.3841463266548485,1.1837120914096628,1.1591911275663922,0.8028017414241568,0.5243317930173316,0.830355857765019,0.72941189554234,1.0077409398261699,0.2951775058675691,0.8909978681718066,0.7480008723108655,0.9941011374446591,0.7621932442388429,-2.220446049250313e-16,0.8315788361259947,1.093275394321266,0.5707024397161458
T7_TargetedToHubs_FewDestinations,1.150442735326167,1.1374282243208065,1.188895260101897,1.1720324142506424,1.1876769381307468,1.1954382705287654,1.2141464471244419,0.9970740484211995,1.0406878820158851,1.0140312975904107,1.0261852066394384,0.9582663805873882,1.0277434252222224,1.0828217322821838,1.086323937200377,1.0939172069197758,1.182664116781167,1.134750104464477,0.8900211957974926,0.9355401850176772,0.9935047675680404,0.9935425643743006,1.033937273129283,0.9839311736553061,1.0308705745384923,1.0410000304613367,1.0285101109363493,1.0558107158439165,0.8457049081209438,0.9828671412959453,1.024397086235424,1.0612020616343214,1.040413605669597,0.2422894472988788,1.060407305530363,1.047068206188787,0.8757485196841163,1.1168240375277616,1.0399723944627937,1.1097442505328103,0.8965977407423071,1.0084590174029475,0.891827626286738,0.904514954780541,1.0883932469526751,1.0100519570919615,1.0061005243383805,0.9293527909248687,1.0202014020781702,0.9957184696722007,0.9688211240407673,0.8784206097346197,1.0001374713367157,0.975132738687793,1.0486053807509752,1.0105762078025786,0.8315788361259947,1.1102230246251565e-16,1.0519367382126306,0.9093935705299272
T8_BurstTraffic_TimeWindows,1.2287898977172396,1.1874443880624446,1.1279703963452006,1.200230206892836,1.13125557607817,1.1677479459540048,1.1384353839192427,1.0790838121236768,0.9632425384563649,1.024897015777046,0.07396175657379156,0.9943294302807776,1.0688725367429552,1.0908347625106696,1.1422922726481437,1.174388662926075,1.20536544908593,1.1849592002195966,1.1044129060235304,1.0939239233898606,1.1002048677790688,1.0719928079163557,1.1155823792984783,1.0876226466437002,1.107971358860063,0.9510668764106156,1.0037629864606699,0.9707025005020131,1.0468983718876508,1.0434229636047945,1.1142039148837863,1.1177278307297578,0.93137267481335,0.7257030386468432,1.1370443554577183,0.9415469418955057,1.0981711562753826,0.8563356676830427,0.9805733897590525,1.1757376932372465,1.0885425761292447,0.9506248017791661,1.144418666336466,1.1262063999994743,1.123972831258412,0.9871348452187636,0.9348561704503886,0.9845442245414177,0.9753961530622903,0.9253060728939845,0.9508449797460901,1.1031782042727918,1.0593209090049844,0.5394481713980384,0.947336024450625,0.9089114702107773,1.093275394321266,1.0519367382126306,2.220446049250313e-16,1.0864084852915057
T9_BufferStress_SmallBufferHighTraffic,1.3811985160269777,1.3698995611426454,1.2548981906706493,1.443884374704023,1.4285773031258626,1.4831819305494514,1.434143883154687,1.0053906455982942,0.9073440248166107,0.974876305241295,1.010372776214336,0.7513988481253766,1.0181605991302827,1.02556853808901,1.1879857273107037,1.2357977846699506,1.3648881353021223,1.321772797088437,0.4301671791361561,0.7238680268156654,0.9101795638165829,0.9192967984625912,1.1610301512539476,0.9308350911360086,1.0772101544504948,0.7923302975642252,0.9393938612485522,0.5989146852092364,0.2637740389476002,0.9513607915921543,0.9718675826048823,0.8639769698170523,1.0007269610415648,1.1319594524845853,1.1285671406992972,0.8190243754534359,0.27638593259575805,1.04998080967369,0.7165539339537982,1.1482641207026911,0.5167315396217506,0.8283089790437492,0.1361026101876489,0.5704984476399562,1.2071066171108484,0.4458045287763812,0.590819182798486,1.3849923687497623,0.5843205183499199,1.505143573944299,0.5819593075228682,0.18695095898754233,0.9120527330183396,0.865475876964261,0.5212489910223244,0.8414366124582789,0.5707024397161458,0.9093935705299272,1.0864084852915057,3.3306690738754696e-16
