,U10_WorkdayLong_HelsinkiMedium,U11_OfficeWaitHeavyTail_HelsinkiMedium,U12_HighTimeVariance_HelsinkiMedium,U1_CBD_Commuting_HelsinkiMedium,U2_RetailHeavy_HelsinkiMedium,U3_NightlifeClusters_HelsinkiMedium,U4_RainyDay_SlowMobility_HelsinkiMedium,U5_SparseSuburb_HelsinkiMedium,U6_DenseDowntown_HelsinkiMedium,U7_MicroMobility_HelsinkiMedium,U8_CongestionHotspot_HelsinkiMedium,U9_WorkdayShort_HelsinkiMedium,C1_Campus_ClassChange,C2_ExamDay_LongStays,C3_Hackathon_24h,C4_Stadium_IngressEgress,C5_Festival_MultiHotspots_HelsinkiMedium,C6_Conference_Networking_HelsinkiMedium,C7_Library_Quiet,C8_EmergencyDrill_Evacuation,V1_TaxiLow_HelsinkiMedium,V2_TaxiHigh_HelsinkiMedium,V3_BusOnlyCarriers_HelsinkiMedium,V4_MixedBusPed_HelsinkiMedium,V5_RushHourBusDensity_HelsinkiMedium,V6_CarOwnership_0_HelsinkiMedium,V7_CarOwnership_100_HelsinkiMedium,V8_RoadClosure_HelsinkiMedium,R1_Rural_RandomWaypoint,R2_VillagesTrails_ThreeClusters,R3_WildlifeTracking,R4_ParkRangers_HelsinkiMedium,R5_MountainRescue,R6_SparseLongRange,R7_SparseTinyBuffer,R8_IntermittentPower,D1_ShelterHotspots_Clusters,D2_PartitionedCity_MuleBridge,D3_Aftershock_ErraticMobility,D4_MedicalTriage_TwoClasses,D5_UAVMule_FastRoute_HelsinkiMedium,D6_ShortTtlCritical_5to10min,D7_HighLoad_TrafficStorm,D8_InfrastructureReturns_BackboneLinks,S1_StrongCommunities_SeparateClusters,S2_WeakCommunities_HighMixing,S3_PeriodicMeetings_RegularRhythm,S4_RandomMixing_NoHotspots,S5_TwoLayer_StudentsStaff,S6_FamilyGroups_SmallPersistent,T10_HighRateLowSpeed_Congestion,T1_ManySmallMsgs_HighRate,T2_FewHugeMsgs_LowRate,T3_MixedBimodal_SmallAndLarge,T4_VeryShortTtl_5to10min,T5_VeryLongTtl_6to24h,T6_UniformSources_RandomFromTo,T7_TargetedToHubs_FewDestinations,T8_BurstTraffic_TimeWindows,T9_BufferStress_SmallBufferHighTraffic
U10_WorkdayLong_HelsinkiMedium,0.0,0.0,0.0,0.0,0.0,0.0,0.5884868897770675,2.4993278588456045,1.4695758611078773,5.1692679391815,0.0,0.0,9.701774534671497,7.225011804164519,9.772969848682921,10.260666920938357,0.3637862428079167,0.7275724856158331,7.527323497846446,11.98890467171522,5.9019299763194555,5.498464093799622,3.4624322031348918,0.0,0.10913587284237504,0.0,0.0,0.0,5.971562474975002,5.9141700569713125,6.900811948502489,6.322129597916782,6.642043378478764,11.082155971616658,6.758068301074475,9.237373587476501,5.681524813936198,5.7686575485434854,4.89153285249509,9.687594782135548,5.437123726298071,6.472868128555755,5.522840358089505,6.449965058369517,5.526958413030821,4.851284582814603,5.135468735993561,4.740391377080584,4.4579247973618505,8.87670045071698,7.392937789142588,4.914229922132928,9.338568528393921,6.08452049393991,6.142549110793411,5.8628570039370755,4.913359289336727,8.39279484454389,9.126679973161453,6.466503243766094
U11_OfficeWaitHeavyTail_HelsinkiMedium,0.0,0.0,0.0,0.0,0.0,0.0,0.5884868897770675,2.4993278588456045,1.4695758611078773,5.1692679391815,0.0,0.0,9.701774534671497,7.225011804164519,9.772969848682921,10.260666920938357,0.3637862428079167,0.7275724856158331,7.527323497846446,11.98890467171522,5.9019299763194555,5.498464093799622,3.4624322031348918,0.0,0.10913587284237504,0.0,0.0,0.0,5.971562474975002,5.9141700569713125,6.900811948502489,6.322129597916782,6.642043378478764,11.082155971616658,6.758068301074475,9.237373587476501,5.681524813936198,5.7686575485434854,4.89153285249509,9.687594782135548,5.437123726298071,6.472868128555755,5.522840358089505,6.449965058369517,5.526958413030821,4.851284582814603,5.135468735993561,4.740391377080584,4.4579247973618505,8.87670045071698,7.392937789142588,4.914229922132928,9.338568528393921,6.08452049393991,6.142549110793411,5.8628570039370755,4.913359289336727,8.39279484454389,9.126679973161453,6.466503243766094
U12_HighTimeVariance_HelsinkiMedium,0.0,0.0,0.0,0.0,0.0,0.0,0.5884868897770675,2.4993278588456045,1.4695758611078773,5.1692679391815,0.0,0.0,9.701774534671497,7.225011804164519,9.772969848682921,10.260666920938357,0.3637862428079167,0.7275724856158331,7.527323497846446,11.98890467171522,5.9019299763194555,5.498464093799622,3.4624322031348918,0.0,0.10913587284237504,0.0,0.0,0.0,5.971562474975002,5.9141700569713125,6.900811948502489,6.322129597916782,6.642043378478764,11.082155971616658,6.758068301074475,9.237373587476501,5.681524813936198,5.7686575485434854,4.89153285249509,9.687594782135548,5.437123726298071,6.472868128555755,5.522840358089505,6.449965058369517,5.526958413030821,4.851284582814603,5.135468735993561,4.740391377080584,4.4579247973618505,8.87670045071698,7.392937789142588,4.914229922132928,9.338568528393921,6.08452049393991,6.142549110793411,5.8628570039370755,4.913359289336727,8.39279484454389,9.126679973161453,6.466503243766094
U1_CBD_Commuting_HelsinkiMedium,0.0,0.0,0.0,0.0,0.0,0.0,0.5884868897770675,2.4993278588456045,1.4695758611078773,5.1692679391815,0.0,0.0,9.701774534671497,7.225011804164519,9.772969848682921,10.260666920938357,0.3637862428079167,0.7275724856158331,7.527323497846446,11.98890467171522,5.9019299763194555,5.498464093799622,3.4624322031348918,0.0,0.10913587284237504,0.0,0.0,0.0,5.971562474975002,5.9141700569713125,6.900811948502489,6.322129597916782,6.642043378478764,11.082155971616658,6.758068301074475,9.237373587476501,5.681524813936198,5.7686575485434854,4.89153285249509,9.687594782135548,5.437123726298071,6.472868128555755,5.522840358089505,6.449965058369517,5.526958413030821,4.851284582814603,5.135468735993561,4.740391377080584,4.4579247973618505,8.87670045071698,7.392937789142588,4.914229922132928,9.338568528393921,6.08452049393991,6.142549110793411,5.8628570039370755,4.913359289336727,8.39279484454389,9.126679973161453,6.466503243766094
U2_RetailHeavy_HelsinkiMedium,0.0,0.0,0.0,0.0,0.0,0.0,0.5884868897770675,2.4993278588456045,1.4695758611078773,5.1692679391815,0.0,0.0,9.701774534671497,7.225011804164519,9.772969848682921,10.260666920938357,0.3637862428079167,0.7275724856158331,7.527323497846446,11.98890467171522,5.9019299763194555,5.498464093799622,3.4624322031348918,0.0,0.10913587284237504,0.0,0.0,0.0,5.971562474975002,5.9141700569713125,6.900811948502489,6.322129597916782,6.642043378478764,11.082155971616658,6.758068301074475,9.237373587476501,5.681524813936198,5.7686575485434854,4.89153285249509,9.687594782135548,5.437123726298071,6.472868128555755,5.522840358089505,6.449965058369517,5.526958413030821,4.851284582814603,5.135468735993561,4.740391377080584,4.4579247973618505,8.87670045071698,7.392937789142588,4.914229922132928,9.338568528393921,6.08452049393991,6.142549110793411,5.8628570039370755,4.913359289336727,8.39279484454389,9.126679973161453,6.466503243766094
U3_NightlifeClusters_HelsinkiMedium,0.0,0.0,0.0,0.0,0.0,0.0,0.5884868897770675,2.4993278588456045,1.4695758611078773,5.1692679391815,0.0,0.0,9.701774534671497,7.225011804164519,9.772969848682921,10.260666920938357,0.3637862428079167,0.7275724856158331,7.527323497846446,11.98890467171522,5.9019299763194555,5.498464093799622,3.4624322031348918,0.0,0.10913587284237504,0.0,0.0,0.0,5.971562474975002,5.9141700569713125,6.900811948502489,6.322129597916782,6.642043378478764,11.082155971616658,6.758068301074475,9.237373587476501,5.681524813936198,5.7686575485434854,4.89153285249509,9.687594782135548,5.437123726298071,6.472868128555755,5.522840358089505,6.449965058369517,5.526958413030821,4.851284582814603,5.135468735993561,4.740391377080584,4.4579247973618505,8.87670045071698,7.392937789142588,4.914229922132928,9.338568528393921,6.08452049393991,6.142549110793411,5.8628570039370755,4.913359289336727,8.39279484454389,9.126679973161453,6.466503243766094
U4_RainyDay_SlowMobility_HelsinkiMedium,0.5884868897770675,0.5884868897770675,0.5884868897770675,0.5884868897770675,0.5884868897770675,0.5884868897770675,0.0,2.567326415226753,1.582574076209865,5.202847232840964,0.5884868897770675,0.5884868897770675,9.565850968439968,6.984279688149444,9.58461087429349,10.140934927706105,0.6916470267700415,0.9354759541285877,7.293889028260757,11.972312526568068,6.061153862848481,5.661752376043801,3.5117860525415576,0.5884868897770675,0.5985916389804804,0.5884868897770675,0.5884868897770675,0.5884868897770675,5.712675183094809,5.652943703629033,6.639233146762978,6.118284595655514,6.454159466733449,10.938983435259896,6.540162712928063,9.086616608185087,5.4800479948607,5.537382210623762,4.594816548336993,9.580661381819219,5.242264197501157,6.288238458137935,5.335416018808611,6.244989418644899,5.2711446786727585,4.6630688513929135,4.844802448540439,4.436415990720645,4.195495814377254,8.694116390125663,7.206312615278739,4.628722078779369,9.191532761977319,5.85634715468335,5.916614059874273,5.625700365608448,4.627797733382964,8.228877059331698,8.976174000513769,6.252285706574069
U5_SparseSuburb_HelsinkiMedium,2.4993278588456045,2.4993278588456045,2.4993278588456045,2.4993278588456045,2.4993278588456045,2.4993278588456045,2.567326415226753,0.0,3.6281154384616188,6.427093066133777,2.4993278588456045,2.4993278588456045,10.62020852784316,8.34190788622424,10.568085369028335,11.218882742236095,2.277633694602267,2.096013265341132,8.588607822469596,12.890836925704328,5.6590942617024576,5.5140982065447,3.0495638269724226,2.4993278588456045,2.5721508244354503,2.4993278588456045,2.4993278588456045,2.4993278588456045,4.931989044743989,6.4671658884148355,6.686572222500003,6.076437032937226,6.816984554779933,10.752383366073019,6.718747508576438,9.549169034348186,6.595117304735366,6.4115479865571094,5.5429757579868895,10.124861498993587,5.791409484965456,7.008450417546132,6.366138816842118,7.106631143975336,6.5135394263790936,6.285390401653195,6.053960567165746,5.517890416262363,5.522227375822066,9.24590199836326,7.855185260480168,5.585522540453937,9.70861825811695,6.638508564693365,6.691734894692207,6.43595358676136,5.58475655946111,8.802693430134603,9.504982569938713,6.990284008820372
U6_DenseDowntown_HelsinkiMedium,1.4695758611078773,1.4695758611078773,1.4695758611078773,1.4695758611078773,1.4695758611078773,1.4695758611078773,1.582574076209865,3.6281154384616188,0.0,4.634577379830274,1.4695758611078773,1.4695758611078773,9.926569700650983,7.590671811001183,10.098769489646255,10.370792804865,1.830130059508538,2.1917526591280985,7.911207043647473,12.104802541819957,6.710348684959098,6.147080763155415,4.698771958520385,1.4695758611078773,1.3617448852406921,1.4695758611078773,1.4695758611078773,1.4695758611078773,6.613533317288853,6.47246136062966,7.4986286551670736,7.097631710060586,7.187978689780897,11.61057705308579,7.222440763925424,9.609906227410642,5.877058235268799,6.040665052243685,5.320152534000243,9.964145984026432,5.8074999431992875,6.841301965872793,5.81554436375585,6.622844995115741,5.4436168914362675,5.07940836442233,5.592703064442478,5.130166893490643,4.760601877787589,9.223680119563468,7.785808801673016,5.487526334302472,9.65257228419378,6.556270218901238,6.61015878179832,6.351092960325061,5.486746672499836,8.740840625745273,9.447728662201454,6.9122321824222555
U7_MicroMobility_HelsinkiMedium,5.1692679391815,5.1692679391815,5.1692679391815,5.1692679391815,5.1692679391815,5.1692679391815,5.202847232840964,6.427093066133777,4.634577379830274,0.0,5.1692679391815,5.1692679391815,11.160376175385617,9.196640975682959,11.391447639711979,11.492116048617381,5.357838881852856,5.563831845199077,9.483685549977572,13.014409531232328,8.69682675507908,8.148736236432018,7.2529658062248465,5.1692679391815,5.116386601682319,5.1692679391815,5.1692679391815,5.1692679391815,8.529891414217659,8.368912363773477,9.249426403460722,9.007912110877607,8.95313786942777,12.693175607881717,6.200344012237578,10.980697966099608,7.688806192380519,7.863659093581327,7.381900861731327,11.23333664224088,7.730590598464353,8.562074906110235,6.509861344524756,8.274534705609334,7.2017230938386225,7.0976325862361795,7.608150920155302,7.219055493461567,6.903077307804268,10.614701253308333,9.38997464889369,7.57713800944433,11.158972416533585,8.383842127616314,8.430380159449902,8.231284057384409,7.582769499427552,10.187217743669768,10.79906448104855,6.117441850798389
U8_CongestionHotspot_HelsinkiMedium,0.0,0.0,0.0,0.0,0.0,0.0,0.5884868897770675,2.4993278588456045,1.4695758611078773,5.1692679391815,0.0,0.0,9.701774534671497,7.225011804164519,9.772969848682921,10.260666920938357,0.3637862428079167,0.7275724856158331,7.527323497846446,11.98890467171522,5.9019299763194555,5.498464093799622,3.4624322031348918,0.0,0.10913587284237504,0.0,0.0,0.0,5.971562474975002,5.9141700569713125,6.900811948502489,6.322129597916782,6.642043378478764,11.082155971616658,6.758068301074475,9.237373587476501,5.681524813936198,5.7686575485434854,4.89153285249509,9.687594782135548,5.437123726298071,6.472868128555755,5.522840358089505,6.449965058369517,5.526958413030821,4.851284582814603,5.135468735993561,4.740391377080584,4.4579247973618505,8.87670045071698,7.392937789142588,4.914229922132928,9.338568528393921,6.08452049393991,6.142549110793411,5.8628570039370755,4.913359289336727,8.39279484454389,9.126679973161453,6.466503243766094
U9_WorkdayShort_HelsinkiMedium,0.0,0.0,0.0,0.0,0.0,0.0,0.5884868897770675,2.4993278588456045,1.4695758611078773,5.1692679391815,0.0,0.0,9.701774534671497,7.225011804164519,9.772969848682921,10.260666920938357,0.3637862428079167,0.7275724856158331,7.527323497846446,11.98890467171522,5.9019299763194555,5.498464093799622,3.4624322031348918,0.0,0.10913587284237504,0.0,0.0,0.0,5.971562474975002,5.9141700569713125,6.900811948502489,6.322129597916782,6.642043378478764,11.082155971616658,6.758068301074475,9.237373587476501,5.681524813936198,5.7686575485434854,4.89153285249509,9.687594782135548,5.437123726298071,6.472868128555755,5.522840358089505,6.449965058369517,5.526958413030821,4.851284582814603,5.135468735993561,4.740391377080584,4.4579247973618505,8.87670045071698,7.392937789142588,4.914229922132928,9.338568528393921,6.08452049393991,6.142549110793411,5.8628570039370755,4.913359289336727,8.39279484454389,9.126679973161453,6.466503243766094
C1_Campus_ClassChange,9.701774534671497,9.701774534671497,9.701774534671497,9.701774534671497,9.701774534671497,9.701774534671497,9.565850968439968,10.62020852784316,9.926569700650983,11.160376175385617,9.701774534671497,9.701774534671497,0.0,7.641288435932554,9.786729535792553,11.109470422664389,9.681271689171918,9.674414441114026,7.729405465659695,11.994246640834055,10.596186607412966,10.461029771553852,9.646303983542936,9.701774534671497,9.710574863008363,9.701774534671497,9.701774534671497,9.701774534671497,10.184517738375666,8.741951741405488,8.043901763775695,9.556318587518817,9.57465502661892,13.2143934953125,9.99803147584923,11.120662822284078,8.888234120994099,8.955352338081683,8.184891312731274,11.731568922473203,9.565094105405354,9.379931049420977,8.81285940154477,9.8149516961467,9.392023325452515,7.66353196533529,7.585771633458408,7.9737626837454165,7.934891124250518,11.278582180287275,9.783134760589162,8.107908086132328,9.853645069563216,8.765206028793523,8.683379054323304,8.188788460840723,7.850678611222552,10.440292279669864,11.17120188708949,9.119903662521773
C2_ExamDay_LongStays,7.225011804164519,7.225011804164519,7.225011804164519,7.225011804164519,7.225011804164519,7.225011804164519,6.984279688149444,8.34190788622424,7.590671811001183,9.196640975682959,7.225011804164519,7.225011804164519,7.641288435932554,0.0,5.100236631634817,8.869955893436268,7.178100359199363,7.149414998730456,0.8024631585729718,10.83756838910101,8.325512783845355,8.19817520341841,7.00289747033919,7.225011804164519,7.242589977298741,7.225011804164519,7.225011804164519,7.225011804164519,7.420775274813791,5.483459034207469,5.335890522018178,6.936606342903896,6.687813366653152,11.32811256043994,7.078857720202662,8.762879844932014,5.966233207828447,6.0385395364367405,4.052020806039146,9.60358967961038,7.0074101409695775,6.425798737202819,5.645494968899115,7.251572096771805,6.681470592195448,4.124712226396969,3.5541763727442457,4.262630548882062,4.417655512427944,8.882980465780648,6.8636326517075235,4.076073370173444,8.89005707048338,5.4267971038143195,5.48784741691242,5.1631293327569905,4.064856833425885,7.927329664441538,8.703976485642867,5.854545672690786
C3_Hackathon_24h,9.772969848682921,9.772969848682921,9.772969848682921,9.772969848682921,9.772969848682921,9.772969848682921,9.58461087429349,10.568085369028335,10.098769489646255,11.391447639711979,9.772969848682921,9.772969848682921,9.786729535792553,5.100236631634817,0.0,12.129289891890643,9.724565006930115,9.689585664292697,5.205626617739364,13.98310918790631,10.52681227000583,10.46506603972468,9.504732238756299,9.772969848682921,9.790080947465151,9.772969848682921,9.772969848682921,9.772969848682921,9.556941296923014,8.186478921890123,6.847924812610997,9.292886290405121,10.37758752233512,12.736777324130514,9.40944101819857,10.773212740230596,8.821456724534015,8.79391542412511,7.238528738623915,11.571043643264163,9.53231383093482,10.25293857797132,9.83447551529336,9.680226519810107,9.26608523944299,7.72294983213573,7.140834019837826,7.57865788020962,7.810769030530215,10.582933319020142,9.313280929929864,7.500914034785452,10.835198211645185,8.308279099239275,8.343110278081094,8.120802268150738,7.483774760896243,10.11778417818361,10.742669397229092,8.597423285665052
C4_Stadium_IngressEgress,10.260666920938357,10.260666920938357,10.260666920938357,10.260666920938357,10.260666920938357,10.260666920938357,10.140934927706105,11.218882742236095,10.370792804865,11.492116048617381,10.260666920938357,10.260666920938357,11.109470422664389,8.869955893436268,12.129289891890643,0.0,10.266653843980686,10.285512019472863,8.935797487261128,12.045540728966168,11.28520864747185,11.071899304420871,10.397610796316641,10.260666920938357,10.261385373496658,10.260666920938357,10.260666920938357,10.260666920938357,11.056755629785938,9.84390556628389,10.64495215695725,10.696112011856219,9.485009620379723,14.088828532670759,10.707204645723627,11.864402849020584,9.629653415898266,9.818215329419091,9.10514330722035,9.691169296735618,10.351623979364744,9.180819880273544,8.501537690618669,9.27621348615617,10.125994013870969,8.564660231501149,8.773766173022258,8.984986910147185,8.849357152207709,12.221626150278803,10.498867019192891,8.92842299275099,11.957818872223736,8.176491316441142,9.660454296837662,9.486840484039366,8.929488592473465,9.716961110199543,4.525139585504204,9.868348635816625
C5_Festival_MultiHotspots_HelsinkiMedium,0.3637862428079167,0.3637862428079167,0.3637862428079167,0.3637862428079167,0.3637862428079167,0.3637862428079167,0.6916470267700415,2.277633694602267,1.830130059508538,5.357838881852856,0.3637862428079167,0.3637862428079167,9.681271689171918,7.178100359199363,9.724565006930115,10.266653843980686,0.0,0.36378624280791644,7.473689228211962,12.00029127965422,5.740521852776228,5.386632540912645,3.18365681801876,0.3637862428079167,0.4729221156502917,0.3637862428079167,0.3637862428079167,0.3637862428079167,5.857414515468361,5.823944166602606,6.792547016487655,6.167423804217398,6.549720419213696,11.012829401447023,6.6871572743714465,9.178426200097142,5.690762372914277,5.75710227872522,4.847994014039288,9.651992652865406,5.402868232191475,6.429744814647527,5.508390758676412,6.4580943790454945,5.607654309506574,4.862297867811661,5.081024334655408,4.709506080668378,4.454893730699702,8.825838576952272,7.3372041985412055,4.829978470401789,9.294509048705457,6.01667897914896,6.075355617201937,5.792419921377613,4.829092648010567,8.343742661393668,9.081592571210436,6.402710402524514
C6_Conference_Networking_HelsinkiMedium,0.7275724856158331,0.7275724856158331,0.7275724856158331,0.7275724856158331,0.7275724856158331,0.7275724856158331,0.9354759541285877,2.096013265341132,2.1917526591280985,5.563831845199077,0.7275724856158331,0.7275724856158331,9.674414441114026,7.149414998730456,9.689585664292697,10.285512019472863,0.36378624280791644,0.0,7.437482314564811,12.022679702401112,5.598132340337914,5.297470503150248,2.9236254153775803,0.7275724856158331,0.8367083584582081,0.7275724856158331,0.7275724856158331,0.7275724856158331,5.764003129806746,5.755338800587294,6.702302981416802,6.030720601197834,6.476543503987964,10.95515051162812,6.635460686590107,9.13359869315285,5.7231555473788855,5.768511440913603,4.831529688845488,9.6300110352994,5.392989589706886,6.407019261264416,5.517939175137199,6.486647641427961,5.71042776606059,4.900367319712838,5.052252794671517,4.706619328213987,4.481489000949786,8.789751028441668,7.299197394848389,4.772044549500309,9.264535369587534,5.970271609902165,6.029399889983906,5.744201050054136,4.771147970975173,8.310340471811699,9.050913809518649,6.359120824175809
C7_Library_Quiet,7.527323497846446,7.527323497846446,7.527323497846446,7.527323497846446,7.527323497846446,7.527323497846446,7.293889028260757,8.588607822469596,7.911207043647473,9.483685549977572,7.527323497846446,7.527323497846446,7.729405465659695,0.8024631585729718,5.205626617739364,8.935797487261128,7.473689228211962,7.437482314564811,0.0,10.556113301476548,8.538060982511013,8.431788504769791,7.24800971079572,7.527323497846446,7.54675972305407,7.527323497846446,7.527323497846446,7.527323497846446,7.692126640919294,5.793567979076353,5.691360845074759,7.176708429291997,6.950372537891914,11.496802198827547,7.347462546701826,8.961075528801162,6.298001609921839,6.37314697067573,4.511738598363007,9.791212920351594,7.2944221672681495,6.714508576580489,5.98338759070356,7.53988830502476,7.018843203665984,4.558034919169249,4.0395079960276545,4.706784185949659,4.852708440118897,9.085685826230439,7.122376720561786,4.497529756105371,9.1086084239977,5.751653432475962,5.811148630748659,5.510105022722909,4.491974986008015,8.153927853458727,8.909180993857213,6.155602618864484
C8_EmergencyDrill_Evacuation,11.98890467171522,11.98890467171522,11.98890467171522,11.98890467171522,11.98890467171522,11.98890467171522,11.972312526568068,12.890836925704328,12.104802541819957,13.014409531232328,11.98890467171522,11.98890467171522,11.994246640834055,10.83756838910101,13.98310918790631,12.045540728966168,12.00029127965422,12.022679702401112,10.556113301476548,0.0,12.81572082404408,12.573031870252859,12.152769660949978,11.98890467171522,11.987639522634638,11.98890467171522,11.98890467171522,11.98890467171522,13.521642200292119,12.122763693027954,13.254216877702964,12.792087062734756,11.962856148355808,16.00226047185167,13.158298187031658,14.04371301058495,12.058768009366656,12.333464785734767,11.891334193044676,14.253948160076297,12.352025466375474,11.683555324072293,11.060192537290717,12.630908171173965,12.296576465679552,11.03324311270897,11.569914357269257,11.738940465317564,11.49609679389151,14.170243673904977,12.909023775328631,11.659881638428157,14.214140404868706,12.199733461418909,12.231225585482077,12.095086294040506,11.663012487462929,13.502147111163104,13.969365499513994,12.399137688450336
V1_TaxiLow_HelsinkiMedium,5.9019299763194555,5.9019299763194555,5.9019299763194555,5.9019299763194555,5.9019299763194555,5.9019299763194555,6.061153862848481,5.6590942617024576,6.710348684959098,8.69682675507908,5.9019299763194555,5.9019299763194555,10.596186607412966,8.325512783845355,10.52681227000583,11.28520864747185,5.740521852776228,5.598132340337914,8.538060982511013,12.81572082404408,0.0,0.9831632747457446,4.758801173421567,5.9019299763194555,5.95383457145134,5.9019299763194555,5.9019299763194555,5.9019299763194555,6.865114946174157,7.100958111837495,7.668511598726756,3.8139057359064457,7.483605507786822,11.536679062999108,7.748663046095259,9.928276782936486,7.5251443007621,7.437558471198953,6.460283577736438,10.492304186049452,4.071594544678644,7.6566637538741755,7.059256077024789,8.034750392033525,7.838820032421168,6.664337734351669,6.61202844399924,6.4522723883224735,6.414945501036143,10.16742154914347,8.354888987176878,6.2688353433076855,10.117188492532222,7.222882421519247,7.271832672196597,7.037167973164418,6.268152865081425,9.251359150769117,9.921941753831423,7.547470108291545
V2_TaxiHigh_HelsinkiMedium,5.498464093799622,5.498464093799622,5.498464093799622,5.498464093799622,5.498464093799622,5.498464093799622,5.661752376043801,5.5140982065447,6.147080763155415,8.148736236432018,5.498464093799622,5.498464093799622,10.461029771553852,8.19817520341841,10.46506603972468,11.071899304420871,5.386632540912645,5.297470503150248,8.431788504769791,12.573031870252859,0.9831632747457446,0.0,4.796945525803336,5.498464093799622,5.536236026099054,5.498464093799622,5.498464093799622,5.498464093799622,6.820007720288801,7.003341612626206,7.67027745740846,3.908840804766471,7.389371021277581,11.53275042544209,7.636184321810616,9.851826281474702,7.191457158721877,7.163486043999007,6.2443484207060935,10.350290278409197,3.5900123639429835,7.4527796622653515,6.749784835644911,7.743741853816541,7.414788323384198,6.28175209342256,6.4069778933084764,6.186150784919804,6.072415702452039,10.087030662650749,8.22450023247429,6.093827334778273,10.015022831914317,7.07194897965113,7.122441895407386,6.883905320576861,6.094256982452243,9.134236467378821,9.812322000146862,7.4028048504189226
V3_BusOnlyCarriers_HelsinkiMedium,3.4624322031348918,3.4624322031348918,3.4624322031348918,3.4624322031348918,3.4624322031348918,3.4624322031348918,3.5117860525415576,3.0495638269724226,4.698771958520385,7.2529658062248465,3.4624322031348918,3.4624322031348918,9.646303983542936,7.00289747033919,9.504732238756299,10.397610796316641,3.18365681801876,2.9236254153775803,7.24800971079572,12.152769660949978,4.758801173421567,4.796945525803336,0.0,3.4624322031348918,3.549067389765931,3.4624322031348918,3.4624322031348918,3.4624322031348918,5.238316994064963,5.379739988730459,6.197554731884614,5.233075964406711,6.073695632828006,10.64110979935242,6.3583162059643135,8.893517560637823,5.913960090329501,5.846866157523122,4.759626501319177,9.51802618247475,5.355805564694029,6.295419329550885,5.586913058883177,6.655551130396987,6.260467985913221,5.122949241315434,4.910052566665835,4.710588839428619,4.645189644378714,8.599432367215526,7.099690825516632,4.460912058243151,9.1081799951089,5.724637133038854,5.786276025415782,5.488458154382392,4.459952933597399,8.135667518181593,8.89080243826725,6.1290900519922165
V4_MixedBusPed_HelsinkiMedium,0.0,0.0,0.0,0.0,0.0,0.0,0.5884868897770675,2.4993278588456045,1.4695758611078773,5.1692679391815,0.0,0.0,9.701774534671497,7.225011804164519,9.772969848682921,10.260666920938357,0.3637862428079167,0.7275724856158331,7.527323497846446,11.98890467171522,5.9019299763194555,5.498464093799622,3.4624322031348918,0.0,0.10913587284237504,0.0,0.0,0.0,5.971562474975002,5.9141700569713125,6.900811948502489,6.322129597916782,6.642043378478764,11.082155971616658,6.758068301074475,9.237373587476501,5.681524813936198,5.7686575485434854,4.89153285249509,9.687594782135548,5.437123726298071,6.472868128555755,5.522840358089505,6.449965058369517,5.526958413030821,4.851284582814603,5.135468735993561,4.740391377080584,4.4579247973618505,8.87670045071698,7.392937789142588,4.914229922132928,9.338568528393921,6.08452049393991,6.142549110793411,5.8628570039370755,4.913359289336727,8.39279484454389,9.126679973161453,6.466503243766094
V5_RushHourBusDensity_HelsinkiMedium,0.10913587284237504,0.10913587284237504,0.10913587284237504,0.10913587284237504,0.10913587284237504,0.10913587284237504,0.5985916389804804,2.5721508244354503,1.3617448852406921,5.116386601682319,0.10913587284237504,0.10913587284237504,9.710574863008363,7.242589977298741,9.790080947465151,10.261385373496658,0.4729221156502917,0.8367083584582081,7.54675972305407,11.987639522634638,5.95383457145134,5.536236026099054,3.549067389765931,0.10913587284237504,0.0,0.10913587284237504,0.10913587284237504,0.10913587284237504,6.009679462031278,5.945312840614485,6.936683032234679,6.371859799331886,6.673359259847334,11.105193587384036,6.783002606133085,9.25777254784757,5.683293176246449,5.776588756320209,4.9097780724774225,9.700910502540754,5.4520937232540545,6.489726928462143,5.531834908059109,6.451525547940133,5.507206805685027,4.853295925015418,5.156696729588363,4.755048058746849,4.4646176623473055,8.894804042318135,7.413058143096072,4.944447148709054,9.354505013003088,6.108951752957725,6.166750477950233,5.888208057414795,4.943581837585174,8.410523597338813,9.142985793016242,6.489496596842309
V6_CarOwnership_0_HelsinkiMedium,0.0,0.0,0.0,0.0,0.0,0.0,0.5884868897770675,2.4993278588456045,1.4695758611078773,5.1692679391815,0.0,0.0,9.701774534671497,7.225011804164519,9.772969848682921,10.260666920938357,0.3637862428079167,0.7275724856158331,7.527323497846446,11.98890467171522,5.9019299763194555,5.498464093799622,3.4624322031348918,0.0,0.10913587284237504,0.0,0.0,0.0,5.971562474975002,5.9141700569713125,6.900811948502489,6.322129597916782,6.642043378478764,11.082155971616658,6.758068301074475,9.237373587476501,5.681524813936198,5.7686575485434854,4.89153285249509,9.687594782135548,5.437123726298071,6.472868128555755,5.522840358089505,6.449965058369517,5.526958413030821,4.851284582814603,5.135468735993561,4.740391377080584,4.4579247973618505,8.87670045071698,7.392937789142588,4.914229922132928,9.338568528393921,6.08452049393991,6.142549110793411,5.8628570039370755,4.913359289336727,8.39279484454389,9.126679973161453,6.466503243766094
V7_CarOwnership_100_HelsinkiMedium,0.0,0.0,0.0,0.0,0.0,0.0,0.5884868897770675,2.4993278588456045,1.4695758611078773,5.1692679391815,0.0,0.0,9.701774534671497,7.225011804164519,9.772969848682921,10.260666920938357,0.3637862428079167,0.7275724856158331,7.527323497846446,11.98890467171522,5.9019299763194555,5.498464093799622,3.4624322031348918,0.0,0.10913587284237504,0.0,0.0,0.0,5.971562474975002,5.9141700569713125,6.900811948502489,6.322129597916782,6.642043378478764,11.082155971616658,6.758068301074475,9.237373587476501,5.681524813936198,5.7686575485434854,4.89153285249509,9.687594782135548,5.437123726298071,6.472868128555755,5.522840358089505,6.449965058369517,5.526958413030821,4.851284582814603,5.135468735993561,4.740391377080584,4.4579247973618505,8.87670045071698,7.392937789142588,4.914229922132928,9.338568528393921,6.08452049393991,6.142549110793411,5.8628570039370755,4.913359289336727,8.39279484454389,9.126679973161453,6.466503243766094
V8_RoadClosure_HelsinkiMedium,0.0,0.0,0.0,0.0,0.0,0.0,0.5884868897770675,2.4993278588456045,1.4695758611078773,5.1692679391815,0.0,0.0,9.701774534671497,7.225011804164519,9.772969848682921,10.260666920938357,0.3637862428079167,0.7275724856158331,7.527323497846446,11.98890467171522,5.9019299763194555,5.498464093799622,3.4624322031348918,0.0,0.10913587284237504,0.0,0.0,0.0,5.971562474975002,5.9141700569713125,6.900811948502489,6.322129597916782,6.642043378478764,11.082155971616658,6.758068301074475,9.237373587476501,5.681524813936198,5.7686575485434854,4.89153285249509,9.687594782135548,5.437123726298071,6.472868128555755,5.522840358089505,6.449965058369517,5.526958413030821,4.851284582814603,5.135468735993561,4.740391377080584,4.4579247973618505,8.87670045071698,7.392937789142588,4.914229922132928,9.338568528393921,6.08452049393991,6.142549110793411,5.8628570039370755,4.913359289336727,8.39279484454389,9.126679973161453,6.466503243766094
R1_Rural_RandomWaypoint,5.971562474975002,5.971562474975002,5.971562474975002,5.971562474975002,5.971562474975002,5.971562474975002,5.712675183094809,4.931989044743989,6.613533317288853,8.529891414217659,5.971562474975002,5.971562474975002,10.184517738375666,7.420775274813791,9.556941296923014,11.056755629785938,5.857414515468361,5.764003129806746,7.692126640919294,13.521642200292119,6.865114946174157,6.820007720288801,5.238316994064963,5.971562474975002,6.009679462031278,5.971562474975002,5.971562474975002,5.971562474975002,0.0,6.111882754609212,4.183837073034168,5.427497930541965,5.865185390052771,9.620686984356078,5.2624304918483285,8.872693584233863,6.240246391191699,5.468575538123752,3.966433871066605,9.849696433105082,5.718094289320405,6.300955503797697,5.8601924578709665,6.8290853000107,6.382607747423019,6.118475690086446,4.936986079202696,4.157545722253343,4.804853671497181,9.270895894063557,7.05283684538435,4.3878041994898975,9.019497401364525,5.663089948664306,5.719732642004593,5.404294867432317,4.372657571731036,8.090143579696207,8.854194413157057,6.075509676390428
R2_VillagesTrails_ThreeClusters,5.9141700569713125,5.9141700569713125,5.9141700569713125,5.9141700569713125,5.9141700569713125,5.9141700569713125,5.652943703629033,6.4671658884148355,6.47246136062966,8.368912363773477,5.9141700569713125,5.9141700569713125,8.741951741405488,5.483459034207469,8.186478921890123,9.84390556628389,5.823944166602606,5.755338800587294,5.793567979076353,12.122763693027954,7.100958111837495,7.003341612626206,5.379739988730459,5.9141700569713125,5.945312840614485,5.9141700569713125,5.9141700569713125,5.9141700569713125,6.111882754609212,0.0,5.767188401214072,5.726095187146617,6.332283957807386,10.862213651636605,6.545717339217456,8.775557859320234,2.9678864373187577,3.0645196534103802,4.274067855381743,9.521185697830811,5.703433120860181,6.307297009854202,5.616151705578473,4.439488902507468,3.039085597657634,4.788701938359476,4.15528624443427,4.28487567342963,4.292727794706569,5.959720545828662,6.911577873393348,4.157922871029311,8.882931999385539,5.484441517149836,5.539988211214439,5.2064354718517425,4.13443630160141,7.964925861831894,8.742477127127607,5.911328663395569
R3_WildlifeTracking,6.900811948502489,6.900811948502489,6.900811948502489,6.900811948502489,6.900811948502489,6.900811948502489,6.639233146762978,6.686572222500003,7.4986286551670736,9.249426403460722,6.900811948502489,6.900811948502489,8.043901763775695,5.335890522018178,6.847924812610997,10.64495215695725,6.792547016487655,6.702302981416802,5.691360845074759,13.254216877702964,7.668511598726756,7.67027745740846,6.197554731884614,6.900811948502489,6.936683032234679,6.900811948502489,6.900811948502489,6.900811948502489,4.183837073034168,5.767188401214072,0.0,5.881785569475419,6.346901918718488,10.018250108485049,6.034012994380658,8.886635500174737,6.474278639699516,5.888801179987459,3.867635305561726,9.958960466722901,6.457610100075221,6.617473684826459,6.1756296000183575,7.18208647663083,6.739058834231408,5.897668937814751,4.482412111816821,4.31496724506062,5.005180892044498,8.877128972452649,7.1245286097826455,4.497462651213442,8.770554088545591,5.7078982426916625,5.7387996397300975,5.302191934317156,4.368801213952521,8.104639114136754,8.910169285879771,6.15989786348452
R4_ParkRangers_HelsinkiMedium,6.322129597916782,6.322129597916782,6.322129597916782,6.322129597916782,6.322129597916782,6.322129597916782,6.118284595655514,6.076437032937226,7.097631710060586,9.007912110877607,6.322129597916782,6.322129597916782,9.556318587518817,6.936606342903896,9.292886290405121,10.696112011856219,6.167423804217398,6.030720601197834,7.176708429291997,12.792087062734756,3.8139057359064457,3.908840804766471,5.233075964406711,6.322129597916782,6.371859799331886,6.322129597916782,6.322129597916782,6.322129597916782,5.427497930541965,5.726095187146617,5.881785569475419,0.0,6.535823984191702,10.679720390067343,6.60757625529523,9.113936256594746,6.71160933538977,6.402094912138878,5.049769552742707,9.98439921011323,2.428533182035676,6.797818127887973,6.30501460954743,7.097089394253803,6.801188249781474,5.981257115381784,5.2012603294145405,5.088093961928064,5.398052339362796,9.169082643685806,7.396531273750855,4.922924391154161,9.239750726584468,6.0826782583525985,6.130168212700331,5.823993705541016,4.896770147312085,8.386955936457625,9.131068884963122,6.472029075697578
R5_MountainRescue,6.642043378478764,6.642043378478764,6.642043378478764,6.642043378478764,6.642043378478764,6.642043378478764,6.454159466733449,6.816984554779933,7.187978689780897,8.95313786942777,6.642043378478764,6.642043378478764,9.57465502661892,6.687813366653152,10.37758752233512,9.485009620379723,6.549720419213696,6.476543503987964,6.950372537891914,11.962856148355808,7.483605507786822,7.389371021277581,6.073695632828006,6.642043378478764,6.673359259847334,6.642043378478764,6.642043378478764,6.642043378478764,5.865185390052771,6.332283957807386,6.346901918718488,6.535823984191702,0.0,10.8868682537532,6.672252000296245,9.06109673523773,6.327991355610445,6.1063889788282575,4.904757196107451,8.3134051319004,6.5816340888200395,1.0774224665250611,4.49011701870832,7.339264119896473,6.971235823183277,5.407478554671222,4.947346282396597,4.837811140173447,4.997377748265929,9.566921994172267,7.2837182730346,4.721837295965505,9.449796194765835,5.930053877081495,2.9609669500235527,3.054116066527661,4.729410905525282,8.285646487236745,9.027858043727413,6.334497537084822
R6_SparseLongRange,11.082155971616658,11.082155971616658,11.082155971616658,11.082155971616658,11.082155971616658,11.082155971616658,10.938983435259896,10.752383366073019,11.61057705308579,12.693175607881717,11.082155971616658,11.082155971616658,13.2143934953125,11.32811256043994,12.736777324130514,14.088828532670759,11.012829401447023,10.95515051162812,11.496802198827547,16.00226047185167,11.536679062999108,11.53275042544209,10.64110979935242,11.082155971616658,11.105193587384036,11.082155971616658,11.082155971616658,11.082155971616658,9.620686984356078,10.862213651636605,10.018250108485049,10.679720390067343,10.8868682537532,0.0,10.701825219664057,12.67084416144223,11.043539354472827,10.713318886718646,9.942717174904782,13.374270760312127,10.904608553097441,11.086317177163776,10.832292555297586,11.474755156576082,11.226402823915453,10.826025933687186,10.237345345646071,10.02679315483438,10.287803254168361,12.915769888546714,8.418184012570983,10.064886410665284,12.814342331614387,10.679411408160405,10.707280038259244,10.533580204053278,10.052469866634034,12.141536504431782,12.667804632164723,10.9103880117405
R7_SparseTinyBuffer,6.758068301074475,6.758068301074475,6.758068301074475,6.758068301074475,6.758068301074475,6.758068301074475,6.540162712928063,6.718747508576438,7.222440763925424,6.200344012237578,6.758068301074475,6.758068301074475,9.99803147584923,7.078857720202662,9.40944101819857,10.707204645723627,6.6871572743714465,6.635460686590107,7.347462546701826,13.158298187031658,7.748663046095259,7.636184321810616,6.3583162059643135,6.758068301074475,6.783002606133085,6.758068301074475,6.758068301074475,6.758068301074475,5.2624304918483285,6.545717339217456,6.034012994380658,6.60757625529523,6.672252000296245,10.701825219664057,0.0,9.223600293225946,6.5644709646050385,6.194140126787196,4.920747930311187,10.048735559442298,6.63341599876164,6.799380094859015,4.627251163654047,7.398927806815985,6.9273268686352045,5.95138376946091,5.2602354930440605,4.954360214316192,5.257408161985387,9.642046774881301,7.455321020048886,5.017938511389394,9.305660399756292,6.168570991693103,6.223543353440647,5.946608511841824,5.013568114491828,8.4522090596104,9.181590972746374,1.9429874088563421
R8_IntermittentPower,9.237373587476501,9.237373587476501,9.237373587476501,9.237373587476501,9.237373587476501,9.237373587476501,9.086616608185087,9.549169034348186,9.609906227410642,10.980697966099608,9.237373587476501,9.237373587476501,11.120662822284078,8.762879844932014,10.773212740230596,11.864402849020584,9.178426200097142,9.13359869315285,8.961075528801162,14.04371301058495,9.928276782936486,9.851826281474702,8.893517560637823,9.237373587476501,9.25777254784757,9.237373587476501,9.237373587476501,9.237373587476501,8.872693584233863,8.775557859320234,8.886635500174737,9.113936256594746,9.06109673523773,12.67084416144223,9.223600293225946,0.0,8.841471776807834,8.75097810621189,7.8664388720854985,11.601843295516698,9.153344836313584,9.062288654755598,8.583258404451646,9.647233684031605,9.319365666869325,8.103027439352049,7.808801592629052,7.837183766299332,7.925960556356752,11.334414915256367,9.525083400404364,7.760849530180993,11.078338515176295,8.548159788537715,8.587361377030586,8.384318939813191,7.7556313082808845,10.318265984673635,10.925925263169432,8.82568416835936
D1_ShelterHotspots_Clusters,5.681524813936198,5.681524813936198,5.681524813936198,5.681524813936198,5.681524813936198,5.681524813936198,5.4800479948607,6.595117304735366,5.877058235268799,7.688806192380519,5.681524813936198,5.681524813936198,8.888234120994099,5.966233207828447,8.821456724534015,9.629653415898266,5.690762372914277,5.7231555473788855,6.298001609921839,12.058768009366656,7.5251443007621,7.191457158721877,5.913960090329501,5.681524813936198,5.683293176246449,5.681524813936198,5.681524813936198,5.681524813936198,6.240246391191699,2.9678864373187577,6.474278639699516,6.71160933538977,6.327991355610445,11.043539354472827,6.5644709646050385,8.841471776807834,0.0,1.7486628082241102,4.259744988917658,9.313452346902064,5.887878147984193,6.077569093941713,5.102314477753643,4.586763845044441,2.546460840776,4.069918724581698,4.154981209449088,4.038169140828134,3.58623327929,6.084362245939032,6.911589815737742,4.1387190744827915,9.055633221741157,5.475038128674087,5.540267164327247,5.2234252880434395,4.136620662049491,7.963425703565829,8.735466720223764,5.906351334138141
D2_PartitionedCity_MuleBridge,5.7686575485434854,5.7686575485434854,5.7686575485434854,5.7686575485434854,5.7686575485434854,5.7686575485434854,5.537382210623762,6.4115479865571094,6.040665052243685,7.863659093581327,5.7686575485434854,5.7686575485434854,8.955352338081683,6.0385395364367405,8.79391542412511,9.818215329419091,5.75710227872522,5.768511440913603,6.37314697067573,12.333464785734767,7.437558471198953,7.163486043999007,5.846866157523122,5.7686575485434854,5.776588756320209,5.7686575485434854,5.7686575485434854,5.7686575485434854,5.468575538123752,3.0645196534103802,5.888801179987459,6.402094912138878,6.1063889788282575,10.713318886718646,6.194140126787196,8.75097810621189,1.7486628082241102,0.0,3.9703759238060403,9.376053388946248,5.829829579060142,6.01803793350635,5.146327655673645,4.165421622450701,2.7572337131528837,4.37568204194834,4.052571584483334,3.7926122928300363,3.6919351287239266,6.635003144858633,6.81161908149789,3.983640378834832,8.865340085093376,5.356097434228078,5.416993553307111,5.083419175054428,3.9687812148387733,7.879016486888304,8.661560132877746,5.792571115670505
D3_Aftershock_ErraticMobility,4.89153285249509,4.89153285249509,4.89153285249509,4.89153285249509,4.89153285249509,4.89153285249509,4.594816548336993,5.5429757579868895,5.320152534000243,7.381900861731327,4.89153285249509,4.89153285249509,8.184891312731274,4.052020806039146,7.238528738623915,9.10514330722035,4.847994014039288,4.831529688845488,4.511738598363007,11.891334193044676,6.460283577736438,6.2443484207060935,4.759626501319177,4.89153285249509,4.9097780724774225,4.89153285249509,4.89153285249509,4.89153285249509,3.966433871066605,4.274067855381743,3.867635305561726,5.049769552742707,4.904757196107451,9.942717174904782,4.920747930311187,7.8664388720854985,4.259744988917658,3.9703759238060403,0.0,8.771430637749269,4.849927355629397,4.800980142300164,3.7941688888398795,5.6249126994126115,4.788635150530352,2.685842277665247,1.2520143678478477,0.7299687193198334,1.6005231629827947,8.243874299727072,5.653696283004033,1.1695723820084623,8.097284727393122,3.770572031476927,3.863439226421721,3.393649209394779,1.1577931218999507,6.902626465525054,7.780525844959856,4.369729165090405
D4_MedicalTriage_TwoClasses,9.687594782135548,9.687594782135548,9.687594782135548,9.687594782135548,9.687594782135548,9.687594782135548,9.580661381819219,10.124861498993587,9.964145984026432,11.23333664224088,9.687594782135548,9.687594782135548,11.731568922473203,9.60358967961038,11.571043643264163,9.691169296735618,9.651992652865406,9.6300110352994,9.791212920351594,14.253948160076297,10.492304186049452,10.350290278409197,9.51802618247475,9.687594782135548,9.700910502540754,9.687594782135548,9.687594782135548,9.687594782135548,9.849696433105082,9.521185697830811,9.958960466722901,9.98439921011323,8.3134051319004,13.374270760312127,10.048735559442298,11.601843295516698,9.313452346902064,9.376053388946248,8.771430637749269,0.0,9.767392556040265,8.225931465712753,9.21213672805328,8.895079462158629,9.813077250320323,8.688730415195351,8.666021500266373,8.68131081991768,8.602383992010772,11.620384079872236,10.24729631839796,8.616982449863263,11.8869422423267,7.834708527065895,7.793328314570101,7.830225420958062,8.62185054943847,5.289230057360761,8.723854215016843,9.595870361750524
D5_UAVMule_FastRoute_HelsinkiMedium,5.437123726298071,5.437123726298071,5.437123726298071,5.437123726298071,5.437123726298071,5.437123726298071,5.242264197501157,5.791409484965456,5.8074999431992875,7.730590598464353,5.437123726298071,5.437123726298071,9.565094105405354,7.0074101409695775,9.53231383093482,10.351623979364744,5.402868232191475,5.392989589706886,7.2944221672681495,12.352025466375474,4.071594544678644,3.5900123639429835,5.355805564694029,5.437123726298071,5.4520937232540545,5.437123726298071,5.437123726298071,5.437123726298071,5.718094289320405,5.703433120860181,6.457610100075221,2.428533182035676,6.5816340888200395,10.904608553097441,6.63341599876164,9.153344836313584,5.887878147984193,5.829829579060142,4.849927355629397,9.767392556040265,0.0,6.537108694347496,5.761585674963474,6.54271663901408,5.720174550003035,5.243407271176102,5.028662222934078,4.72299950949017,4.688691605831194,8.713656761811476,7.338255652323626,4.82366806355149,9.32243733910541,6.007619851127936,6.063660651316663,5.769425019519728,4.814490489739158,8.336714779320857,9.079296893323011,6.402096858136599
D6_ShortTtlCritical_5to10min,6.472868128555755,6.472868128555755,6.472868128555755,6.472868128555755,6.472868128555755,6.472868128555755,6.288238458137935,7.008450417546132,6.841301965872793,8.562074906110235,6.472868128555755,6.472868128555755,9.379931049420977,6.425798737202819,10.25293857797132,9.180819880273544,6.429744814647527,6.407019261264416,6.714508576580489,11.683555324072293,7.6566637538741755,7.4527796622653515,6.295419329550885,6.472868128555755,6.489726928462143,6.472868128555755,6.472868128555755,6.472868128555755,6.300955503797697,6.307297009854202,6.617473684826459,6.797818127887973,1.0774224665250611,11.086317177163776,6.799380094859015,9.062288654755598,6.077569093941713,6.01803793350635,4.800980142300164,8.225931465712753,6.537108694347496,0.0,4.202442160882686,7.224621442098631,6.676815517726008,4.975438081024067,4.765098522982358,4.68330955949707,4.717024051643164,9.553533993623855,7.238465574796422,4.651271864482868,9.426619676027991,5.875042611317127,2.8503214465807214,2.9528779980650244,4.6619457003964735,8.246884752787123,8.991193361106635,6.282230949036922
D7_HighLoad_TrafficStorm,5.522840358089505,5.522840358089505,5.522840358089505,5.522840358089505,5.522840358089505,5.522840358089505,5.335416018808611,6.366138816842118,5.81554436375585,6.509861344524756,5.522840358089505,5.522840358089505,8.81285940154477,5.645494968899115,9.83447551529336,8.501537690618669,5.508390758676412,5.517939175137199,5.98338759070356,11.060192537290717,7.059256077024789,6.749784835644911,5.586913058883177,5.522840358089505,5.531834908059109,5.522840358089505,5.522840358089505,5.522840358089505,5.8601924578709665,5.616151705578473,6.1756296000183575,6.30501460954743,4.49011701870832,10.832292555297586,4.627251163654047,8.583258404451646,5.102314477753643,5.146327655673645,3.7941688888398795,9.21213672805328,5.761585674963474,4.202442160882686,0.0,6.489514770346772,5.795697250597333,3.5875588342448794,3.665990058329287,3.559268549942918,3.43968083012044,9.124801904359467,6.593887918793548,3.5803369644481666,8.863817574593451,5.070418294497396,5.146003628023211,4.815901444307198,3.5920992109878433,7.692941783721207,8.485393623025677,3.850453510952145
D8_InfrastructureReturns_BackboneLinks,6.449965058369517,6.449965058369517,6.449965058369517,6.449965058369517,6.449965058369517,6.449965058369517,6.244989418644899,7.106631143975336,6.622844995115741,8.274534705609334,6.449965058369517,6.449965058369517,9.8149516961467,7.251572096771805,9.680226519810107,9.27621348615617,6.4580943790454945,6.486647641427961,7.53988830502476,12.630908171173965,8.034750392033525,7.743741853816541,6.655551130396987,6.449965058369517,6.451525547940133,6.449965058369517,6.449965058369517,6.449965058369517,6.8290853000107,4.439488902507468,7.18208647663083,7.097089394253803,7.339264119896473,11.474755156576082,7.398927806815985,9.647233684031605,4.586763845044441,4.165421622450701,5.6249126994126115,8.895079462158629,6.54271663901408,7.224621442098631,6.489514770346772,0.0,4.123712370450216,5.877552054940337,5.695348150127272,5.491020027028508,5.478266888701224,7.869241134552688,7.916343655550176,5.664474771877482,9.783983789615386,4.3777325848116595,6.751776162480203,6.488818529576097,5.656661518042128,8.84982000752878,8.093619609640683,7.057290204807536
S1_StrongCommunities_SeparateClusters,5.526958413030821,5.526958413030821,5.526958413030821,5.526958413030821,5.526958413030821,5.526958413030821,5.2711446786727585,6.5135394263790936,5.4436168914362675,7.2017230938386225,5.526958413030821,5.526958413030821,9.392023325452515,6.681470592195448,9.26608523944299,10.125994013870969,5.607654309506574,5.71042776606059,7.018843203665984,12.296576465679552,7.838820032421168,7.414788323384198,6.260467985913221,5.526958413030821,5.507206805685027,5.526958413030821,5.526958413030821,5.526958413030821,6.382607747423019,3.039085597657634,6.739058834231408,6.801188249781474,6.971235823183277,11.226402823915453,6.9273268686352045,9.319365666869325,2.546460840776,2.7572337131528837,4.788635150530352,9.813077250320323,5.720174550003035,6.676815517726008,5.795697250597333,4.123712370450216,0.0,5.05262453915529,4.964161844905462,4.650033282111595,4.3736482925945985,5.97925400823694,7.4603709410383745,5.00892091825715,9.40428143975679,6.156972048489022,6.210928267157603,5.922772250147339,4.998564548502508,8.444566986167157,9.178879141135985,6.542115525954532
S2_WeakCommunities_HighMixing,4.851284582814603,4.851284582814603,4.851284582814603,4.851284582814603,4.851284582814603,4.851284582814603,4.6630688513929135,6.285390401653195,5.07940836442233,7.0976325862361795,4.851284582814603,4.851284582814603,7.66353196533529,4.124712226396969,7.72294983213573,8.564660231501149,4.862297867811661,4.900367319712838,4.558034919169249,11.03324311270897,6.664337734351669,6.28175209342256,5.122949241315434,4.851284582814603,4.853295925015418,4.851284582814603,4.851284582814603,4.851284582814603,6.118475690086446,4.788701938359476,5.897668937814751,5.981257115381784,5.407478554671222,10.826025933687186,5.95138376946091,8.103027439352049,4.069918724581698,4.37568204194834,2.685842277665247,8.688730415195351,5.243407271176102,4.975438081024067,3.5875588342448794,5.877552054940337,5.05262453915529,0.0,1.880569179806814,2.201197289432662,1.5901916119291508,8.671192859962453,5.935844695167313,2.1515902192991696,8.292730889111796,4.178979681249415,4.261289907460331,3.8352830172874532,2.1382903275447522,7.133454789274489,7.987513619087666,4.728903045874319
S3_PeriodicMeetings_RegularRhythm,5.135468735993561,5.135468735993561,5.135468735993561,5.135468735993561,5.135468735993561,5.135468735993561,4.844802448540439,6.053960567165746,5.592703064442478,7.608150920155302,5.135468735993561,5.135468735993561,7.585771633458408,3.5541763727442457,7.140834019837826,8.773766173022258,5.081024334655408,5.052252794671517,4.0395079960276545,11.569914357269257,6.61202844399924,6.4069778933084764,4.910052566665835,5.135468735993561,5.156696729588363,5.135468735993561,5.135468735993561,5.135468735993561,4.936986079202696,4.15528624443427,4.482412111816821,5.2012603294145405,4.947346282396597,10.237345345646071,5.2602354930440605,7.808801592629052,4.154981209449088,4.052571584483334,1.2520143678478477,8.666021500266373,5.028662222934078,4.765098522982358,3.665990058329287,5.695348150127272,4.964161844905462,1.880569179806814,0.0,1.0178418024308253,1.3879161960834563,8.257459232253172,5.590923549504997,0.8474768931176052,7.95461564773101,3.6755861727302905,3.7602171336158667,3.250252080377172,0.7384075366398483,6.847467232197748,7.7378776924470145,4.290914476037508
S4_RandomMixing_NoHotspots,4.740391377080584,4.740391377080584,4.740391377080584,4.740391377080584,4.740391377080584,4.740391377080584,4.436415990720645,5.517890416262363,5.130166893490643,7.219055493461567,4.740391377080584,4.740391377080584,7.9737626837454165,4.262630548882062,7.57865788020962,8.984986910147185,4.709506080668378,4.706619328213987,4.706784185949659,11.738940465317564,6.4522723883224735,6.186150784919804,4.710588839428619,4.740391377080584,4.755048058746849,4.740391377080584,4.740391377080584,4.740391377080584,4.157545722253343,4.28487567342963,4.31496724506062,5.088093961928064,4.837811140173447,10.02679315483438,4.954360214316192,7.837183766299332,4.038169140828134,3.7926122928300363,0.7299687193198334,8.68131081991768,4.72299950949017,4.68330955949707,3.559268549942918,5.491020027028508,4.650033282111595,2.201197289432662,1.0178418024308253,0.0,1.0861677769645341,8.295202885470154,5.605578004711746,0.9178949624228072,8.021793137078024,3.6957756643895476,3.7850028630754213,3.289915224764861,0.8583910799065921,6.860235239068224,7.746484031312214,4.30820464510703
S5_TwoLayer_StudentsStaff,4.4579247973618505,4.4579247973618505,4.4579247973618505,4.4579247973618505,4.4579247973618505,4.4579247973618505,4.195495814377254,5.522227375822066,4.760601877787589,6.903077307804268,4.4579247973618505,4.4579247973618505,7.934891124250518,4.417655512427944,7.810769030530215,8.849357152207709,4.454893730699702,4.481489000949786,4.852708440118897,11.49609679389151,6.414945501036143,6.072415702452039,4.645189644378714,4.4579247973618505,4.4646176623473055,4.4579247973618505,4.4579247973618505,4.4579247973618505,4.804853671497181,4.292727794706569,5.005180892044498,5.398052339362796,4.997377748265929,10.287803254168361,5.257408161985387,7.925960556356752,3.58623327929,3.6919351287239266,1.6005231629827947,8.602383992010772,4.688691605831194,4.717024051643164,3.43968083012044,5.478266888701224,4.3736482925945985,1.5901916119291508,1.3879161960834563,1.0861677769645341,0.0,7.868485660961213,5.704357794011733,1.3914508129071523,8.123799742907963,3.8426772458690004,3.9313473175297697,3.463192522657175,1.3670171232151627,6.941565105429358,7.817093054671951,4.434944668798288
S6_FamilyGroups_SmallPersistent,8.87670045071698,8.87670045071698,8.87670045071698,8.87670045071698,8.87670045071698,8.87670045071698,8.694116390125663,9.24590199836326,9.223680119563468,10.614701253308333,8.87670045071698,8.87670045071698,11.278582180287275,8.882980465780648,10.582933319020142,12.221626150278803,8.825838576952272,8.789751028441668,9.085685826230439,14.170243673904977,10.16742154914347,10.087030662650749,8.599432367215526,8.87670045071698,8.894804042318135,8.87670045071698,8.87670045071698,8.87670045071698,9.270895894063557,5.959720545828662,8.877128972452649,9.169082643685806,9.566921994172267,12.915769888546714,9.642046774881301,11.334414915256367,6.084362245939032,6.635003144858633,8.243874299727072,11.620384079872236,8.713656761811476,9.553533993623855,9.124801904359467,7.869241134552688,5.97925400823694,8.671192859962453,8.257459232253172,8.295202885470154,7.868485660961213,0.0,9.95844870982195,8.279728850066679,11.488618679902169,9.01776019882952,9.052147117303468,8.848971533065892,8.267426558904505,10.70996895408132,11.301736379215217,9.289745735304965
T10_HighRateLowSpeed_Congestion,7.392937789142588,7.392937789142588,7.392937789142588,7.392937789142588,7.392937789142588,7.392937789142588,7.206312615278739,7.855185260480168,7.785808801673016,9.38997464889369,7.392937789142588,7.392937789142588,9.783134760589162,6.8636326517075235,9.313280929929864,10.498867019192891,7.3372041985412055,7.299197394848389,7.122376720561786,12.909023775328631,8.354888987176878,8.22450023247429,7.099690825516632,7.392937789142588,7.413058143096072,7.392937789142588,7.392937789142588,7.392937789142588,7.05283684538435,6.911577873393348,7.1245286097826455,7.396531273750855,7.2837182730346,8.418184012570983,7.455321020048886,9.525083400404364,6.911589815737742,6.81161908149789,5.653696283004033,10.24729631839796,7.338255652323626,7.238465574796422,6.593887918793548,7.916343655550176,7.4603709410383745,5.935844695167313,5.590923549504997,5.605578004711746,5.704357794011733,9.95844870982195,0.0,5.546368326695042,9.49297852848331,6.60554101219198,6.654214898099849,6.394648949877217,5.538356353175332,8.774119466727711,9.479091813783802,6.948065624463593
T1_ManySmallMsgs_HighRate,4.914229922132928,4.914229922132928,4.914229922132928,4.914229922132928,4.914229922132928,4.914229922132928,4.628722078779369,5.585522540453937,5.487526334302472,7.57713800944433,4.914229922132928,4.914229922132928,8.107908086132328,4.076073370173444,7.500914034785452,8.92842299275099,4.829978470401789,4.772044549500309,4.497529756105371,11.659881638428157,6.2688353433076855,6.093827334778273,4.460912058243151,4.914229922132928,4.944447148709054,4.914229922132928,4.914229922132928,4.914229922132928,4.3878041994898975,4.157922871029311,4.497462651213442,4.922924391154161,4.721837295965505,10.064886410665284,5.017938511389394,7.760849530180993,4.1387190744827915,3.983640378834832,1.1695723820084623,8.616982449863263,4.82366806355149,4.651271864482868,3.5803369644481666,5.664474771877482,5.00892091825715,2.1515902192991696,0.8474768931176052,0.9178949624228072,1.3914508129071523,8.279728850066679,5.546368326695042,0.0,8.205067555498506,3.589955730764284,3.699280396450497,3.225055895683214,0.33609295497983255,6.810783677708968,7.694632735796386,4.222848609350754
T2_FewHugeMsgs_LowRate,9.338568528393921,9.338568528393921,9.338568528393921,9.338568528393921,9.338568528393921,9.338568528393921,9.191532761977319,9.70861825811695,9.65257228419378,11.158972416533585,9.338568528393921,9.338568528393921,9.853645069563216,8.89005707048338,10.835198211645185,11.957818872223736,9.294509048705457,9.264535369587534,9.1086084239977,14.214140404868706,10.117188492532222,10.015022831914317,9.1081799951089,9.338568528393921,9.354505013003088,9.338568528393921,9.338568528393921,9.338568528393921,9.019497401364525,8.882931999385539,8.770554088545591,9.239750726584468,9.449796194765835,12.814342331614387,9.305660399756292,11.078338515176295,9.055633221741157,8.865340085093376,8.097284727393122,11.8869422423267,9.32243733910541,9.426619676027991,8.863817574593451,9.783983789615386,9.40428143975679,8.292730889111796,7.95461564773101,8.021793137078024,8.123799742907963,11.488618679902169,9.49297852848331,8.205067555498506,0.0,8.919188467294576,8.800765141087235,8.451191863526407,7.956532800677571,10.508207586736125,11.164480712191532,8.943815414108771
T3_MixedBimodal_SmallAndLarge,6.08452049393991,6.08452049393991,6.08452049393991,6.08452049393991,6.08452049393991,6.08452049393991,5.85634715468335,6.638508564693365,6.556270218901238,8.383842127616314,6.08452049393991,6.08452049393991,8.765206028793523,5.4267971038143195,8.308279099239275,8.176491316441142,6.01667897914896,5.970271609902165,5.751653432475962,12.199733461418909,7.222882421519247,7.07194897965113,5.724637133038854,6.08452049393991,6.108951752957725,6.08452049393991,6.08452049393991,6.08452049393991,5.663089948664306,5.484441517149836,5.7078982426916625,6.0826782583525985,5.930053877081495,10.679411408160405,6.168570991693103,8.548159788537715,5.475038128674087,5.356097434228078,3.770572031476927,7.834708527065895,6.007619851127936,5.875042611317127,5.070418294497396,4.3777325848116595,6.156972048489022,4.178979681249415,3.6755861727302905,3.6957756643895476,3.8426772458690004,9.01776019882952,6.60554101219198,3.589955730764284,8.919188467294576,0.0,5.1482142031055,4.8099074208679875,3.5956740094327264,7.695531204005037,6.807814720853826,5.541771837115705
T4_VeryShortTtl_5to10min,6.142549110793411,6.142549110793411,6.142549110793411,6.142549110793411,6.142549110793411,6.142549110793411,5.916614059874273,6.691734894692207,6.61015878179832,8.430380159449902,6.142549110793411,6.142549110793411,8.683379054323304,5.48784741691242,8.343110278081094,9.660454296837662,6.075355617201937,6.029399889983906,5.811148630748659,12.231225585482077,7.271832672196597,7.122441895407386,5.786276025415782,6.142549110793411,6.166750477950233,6.142549110793411,6.142549110793411,6.142549110793411,5.719732642004593,5.539988211214439,5.7387996397300975,6.130168212700331,2.9609669500235527,10.707280038259244,6.223543353440647,8.587361377030586,5.540267164327247,5.416993553307111,3.863439226421721,7.793328314570101,6.063660651316663,2.8503214465807214,5.146003628023211,6.751776162480203,6.210928267157603,4.261289907460331,3.7602171336158667,3.7850028630754213,3.9313473175297697,9.052147117303468,6.654214898099849,3.699280396450497,8.800765141087235,5.1482142031055,0.0,0.6347629767693329,3.686559051875765,7.740416013404169,8.535420853335768,5.604610642978436
T5_VeryLongTtl_6to24h,5.8628570039370755,5.8628570039370755,5.8628570039370755,5.8628570039370755,5.8628570039370755,5.8628570039370755,5.625700365608448,6.43595358676136,6.351092960325061,8.231284057384409,5.8628570039370755,5.8628570039370755,8.188788460840723,5.1631293327569905,8.120802268150738,9.486840484039366,5.792419921377613,5.744201050054136,5.510105022722909,12.095086294040506,7.037167973164418,6.883905320576861,5.488458154382392,5.8628570039370755,5.888208057414795,5.8628570039370755,5.8628570039370755,5.8628570039370755,5.404294867432317,5.2064354718517425,5.302191934317156,5.823993705541016,3.054116066527661,10.533580204053278,5.946608511841824,8.384318939813191,5.2234252880434395,5.083419175054428,3.393649209394779,7.830225420958062,5.769425019519728,2.9528779980650244,4.815901444307198,6.488818529576097,5.922772250147339,3.8352830172874532,3.250252080377172,3.289915224764861,3.463192522657175,8.848971533065892,6.394648949877217,3.225055895683214,8.451191863526407,4.8099074208679875,0.6347629767693329,0.0,3.1756697306739454,7.5142397643009105,8.339479654222659,5.297741176950511
T6_UniformSources_RandomFromTo,4.913359289336727,4.913359289336727,4.913359289336727,4.913359289336727,4.913359289336727,4.913359289336727,4.627797733382964,5.58475655946111,5.486746672499836,7.582769499427552,4.913359289336727,4.913359289336727,7.850678611222552,4.064856833425885,7.483774760896243,8.929488592473465,4.829092648010567,4.771147970975173,4.491974986008015,11.663012487462929,6.268152865081425,6.094256982452243,4.459952933597399,4.913359289336727,4.943581837585174,4.913359289336727,4.913359289336727,4.913359289336727,4.372657571731036,4.13443630160141,4.368801213952521,4.896770147312085,4.729410905525282,10.052469866634034,5.013568114491828,7.7556313082808845,4.136620662049491,3.9687812148387733,1.1577931218999507,8.62185054943847,4.814490489739158,4.6619457003964735,3.5920992109878433,5.656661518042128,4.998564548502508,2.1382903275447522,0.7384075366398483,0.8583910799065921,1.3670171232151627,8.267426558904505,5.538356353175332,0.33609295497983255,7.956532800677571,3.5956740094327264,3.686559051875765,3.1756697306739454,0.0,6.8064159808838784,7.698947462633729,4.221173523178775
T7_TargetedToHubs_FewDestinations,8.39279484454389,8.39279484454389,8.39279484454389,8.39279484454389,8.39279484454389,8.39279484454389,8.228877059331698,8.802693430134603,8.740840625745273,10.187217743669768,8.39279484454389,8.39279484454389,10.440292279669864,7.927329664441538,10.11778417818361,9.716961110199543,8.343742661393668,8.310340471811699,8.153927853458727,13.502147111163104,9.251359150769117,9.134236467378821,8.135667518181593,8.39279484454389,8.410523597338813,8.39279484454389,8.39279484454389,8.39279484454389,8.090143579696207,7.964925861831894,8.104639114136754,8.386955936457625,8.285646487236745,12.141536504431782,8.4522090596104,10.318265984673635,7.963425703565829,7.879016486888304,6.902626465525054,5.289230057360761,8.336714779320857,8.246884752787123,7.692941783721207,8.84982000752878,8.444566986167157,7.133454789274489,6.847467232197748,6.860235239068224,6.941565105429358,10.70996895408132,8.774119466727711,6.810783677708968,10.508207586736125,7.695531204005037,7.740416013404169,7.5142397643009105,6.8064159808838784,0.0,8.599367113240888,8.007228502764345
T8_BurstTraffic_TimeWindows,9.126679973161453,9.126679973161453,9.126679973161453,9.126679973161453,9.126679973161453,9.126679973161453,8.976174000513769,9.504982569938713,9.447728662201454,10.79906448104855,9.126679973161453,9.126679973161453,11.17120188708949,8.703976485642867,10.742669397229092,4.525139585504204,9.081592571210436,9.050913809518649,8.909180993857213,13.969365499513994,9.921941753831423,9.812322000146862,8.89080243826725,9.126679973161453,9.142985793016242,9.126679973161453,9.126679973161453,9.126679973161453,8.854194413157057,8.742477127127607,8.910169285879771,9.131068884963122,9.027858043727413,12.667804632164723,9.181590972746374,10.925925263169432,8.735466720223764,8.661560132877746,7.780525844959856,8.723854215016843,9.079296893323011,8.991193361106635,8.485393623025677,8.093619609640683,9.178879141135985,7.987513619087666,7.7378776924470145,7.746484031312214,7.817093054671951,11.301736379215217,9.479091813783802,7.694632735796386,11.164480712191532,6.807814720853826,8.535420853335768,8.339479654222659,7.698947462633729,8.599367113240888,0.0,8.772912079052936
T9_BufferStress_SmallBufferHighTraffic,6.466503243766094,6.466503243766094,6.466503243766094,6.466503243766094,6.466503243766094,6.466503243766094,6.252285706574069,6.990284008820372,6.9122321824222555,6.117441850798389,6.466503243766094,6.466503243766094,9.119903662521773,5.854545672690786,8.597423285665052,9.868348635816625,6.402710402524514,6.359120824175809,6.155602618864484,12.399137688450336,7.547470108291545,7.4028048504189226,6.1290900519922165,6.466503243766094,6.489496596842309,6.466503243766094,6.466503243766094,6.466503243766094,6.075509676390428,5.911328663395569,6.15989786348452,6.472029075697578,6.334497537084822,10.9103880117405,1.9429874088563421,8.82568416835936,5.906351334138141,5.792571115670505,4.369729165090405,9.595870361750524,6.402096858136599,6.282230949036922,3.850453510952145,7.057290204807536,6.542115525954532,4.728903045874319,4.290914476037508,4.30820464510703,4.434944668798288,9.289745735304965,6.948065624463593,4.222848609350754,8.943815414108771,5.541771837115705,5.604610642978436,5.297741176950511,4.221173523178775,8.007228502764345,8.772912079052936,0.0
