,world_area,aspect_ratio,N,density,speed_mean,pause_ratio,wait_mean,mm_WDM,mm_RWP,mm_MapRoute,mm_Cluster,mm_Bus,mm_ShortestPath,mm_External,mm_Linear,transmitRange,contact_rate_proxy,event_interval_mean,event_size_mean,msgTtl,pattern_uniform,pattern_burst,pattern_hub_target,nrof_event_generators,bufferSize,transmitSpeed,workDayLength,timeDiffSTD,probGoShoppingAfterWork,nrOfMeetingSpots,nrOfOffices,officeSize,nrOfShops,ownCarProb,shopSize,officeWaitTime_mean,shoppingWaitTime_mean,eveningGroupSize_mean,eveningWaitTime_mean,afterShoppingStopTime_mean,clusterRange_mean,event2_interval_mean,event2_size_mean,Scenario.endTime,nrofHostGroups,has_active_times
U11_OfficeWaitHeavyTail_HelsinkiMedium,0.4424900273649235,0.7539613688657356,1.1337719642217634,-0.2738531910856879,1.5455164898843332,-1.4990379035014647,-0.5850498763953883,2.3605554901806953,-1.4566845315858212,-0.26502470684465484,-0.3305438840143004,2.2173557826083448,0.0,0.0,-0.12909944487358055,-0.30288166123318133,-0.20618245993638107,-0.3384059690463571,-0.1708410654138565,-0.33193768071845786,0.2650247068446548,-0.18414137497317518,-0.18414137497317515,-0.2989881927333239,0.4595865863846503,-0.43988336129762,0.0,0.5962847939999438,-1.4213381090374029,-0.9333333333333331,-1.0484972127901713,-0.471404520791032,0.3333333333333337,-0.3333333333333333,0.0,2.6666666666666665,0.0,0.0,0.0,0.0,0.0,0.0,0.0,0.19790672829553885,0.2699279434318112,-0.12909944487358055
U12_HighTimeVariance_HelsinkiMedium,0.39679634371410044,0.7361924605511752,1.1337719642217634,-0.27314304998326233,1.5455164898843332,-1.4990379035014647,-0.5850498763953883,2.3605554901806953,-1.4566845315858212,-0.26502470684465484,-0.3305438840143004,2.2173557826083448,0.0,0.0,-0.12909944487358055,-0.15773070537063436,-0.13643677036848414,-0.3088365154403647,-0.052422253625803716,-0.9202432329524144,0.2650247068446548,-0.18414137497317518,-0.18414137497317515,-0.2989881927333239,0.029800545439087413,-1.006256787861079,0.5282705437953743,2.3851391759997753,-0.1421338109037405,0.2666666666666668,0.25308553412176577,-0.471404520791032,0.3333333333333337,-0.3333333333333333,0.0,-0.3333333333333333,0.0,0.0,0.0,0.0,0.0,0.0,0.0,0.19790672829553885,0.2699279434318112,-0.12909944487358055
U1_CBD_Commuting_HelsinkiMedium,0.7798821033193123,0.8772045925805319,1.1337719642217634,-0.2780967738531001,1.5455164898843332,-1.4990379035014647,-0.5850498763953883,2.3605554901806953,-1.4566845315858212,-0.26502470684465484,-0.3305438840143004,2.2173557826083448,0.0,0.0,-0.12909944487358055,-0.18676089654314376,-0.16893941458146322,-0.30144415203886665,-0.052422253625803716,0.6093512028558726,0.2650247068446548,-0.18414137497317518,-0.18414137497317515,-0.2989881927333239,-0.1236944691843279,1.1459622330800652,0.35218036253024954,-1.1925695879998877,-0.1421338109037405,0.2666666666666668,0.9038769075777343,2.357022603955158,0.3333333333333337,-0.3333333333333333,0.0,-0.3333333333333333,0.0,0.0,0.0,0.0,0.0,0.0,0.0,0.19790672829553885,0.2699279434318112,-0.12909944487358055
U5_SparseSuburb_HelsinkiMedium,2.9307474487918106,1.232833447943123,-0.582138519746152,-0.2946073124011637,1.5455164898843332,-1.4990379035014647,-0.5850498763953883,2.3605554901806953,-1.4566845315858212,-0.26502470684465484,-0.3305438840143004,2.2173557826083448,0.0,0.0,-0.12909944487358055,-0.12870051419812498,-0.21429594850682837,-0.3260853633771936,-0.052422253625803716,0.7270123133026639,0.2650247068446548,-0.18414137497317518,-0.18414137497317515,-0.2989881927333239,0.09119855128845354,0.2397647505785308,0.35218036253024954,-0.2981423969999719,-0.1421338109037405,-2.1333333333333333,-1.6992885862461398,0.942809041582063,-2.6666666666666665,-0.3333333333333333,0.0,-0.3333333333333333,0.0,0.0,0.0,0.0,0.0,0.0,0.0,0.19790672829553885,0.2699279434318112,-0.12909944487358055
U7_MicroMobility_HelsinkiMedium,0.17778179104291417,0.6399442071806437,3.802966050394076,-0.24315491795761143,1.5455164898843332,-1.4990379035014647,-0.5850498763953883,2.3605554901806953,-1.4566845315858212,-0.26502470684465484,-0.3305438840143004,2.2173557826083448,0.0,0.0,-0.12909944487358055,-0.21579108771565314,-0.09303302191529543,-0.3260853633771936,-0.3076805812578286,-1.5320810072757292,0.2650247068446548,-0.18414137497317518,-0.18414137497317515,-0.2989881927333239,-1.3823535890963334,-0.1000593053595446,0.35218036253024954,-0.2981423969999719,-0.1421338109037405,0.2666666666666668,0.25308553412176577,-0.471404520791032,0.3333333333333337,-0.3333333333333333,0.0,-0.3333333333333333,0.0,0.0,0.0,0.0,0.0,0.0,0.0,0.19790672829553885,0.2699279434318112,-0.12909944487358055
U8_CongestionHotspot_HelsinkiMedium,-0.06423716788006575,0.5051966524618978,1.1337719642217634,-0.2628606965726249,1.5455164898843332,-1.4990379035014647,-0.5850498763953883,2.3605554901806953,-1.4566845315858212,-0.26502470684465484,-0.3305438840143004,2.2173557826083448,0.0,0.0,-0.12909944487358055,-0.24482127888816255,-0.16212305291864232,-0.31869299997569556,-0.052422253625803716,-0.44959879116524915,0.2650247068446548,-0.18414137497317518,-0.18414137497317515,-0.2989881927333239,-0.09299546625964483,1.5990609743308326,0.17609018126512477,-0.2981423969999719,-0.1421338109037405,0.2666666666666668,1.5546682810337027,-0.471404520791032,0.3333333333333337,-0.3333333333333333,0.0,-0.3333333333333333,0.0,0.0,0.0,0.0,0.0,0.0,0.0,0.19790672829553885,0.2699279434318112,-0.12909944487358055
U9_WorkdayShort_HelsinkiMedium,0.2634968389948029,0.6800042910159464,1.1337719642217634,-0.2708229385895748,1.5455164898843332,-1.4990379035014647,-0.5850498763953883,2.3605554901806953,-1.4566845315858212,-0.26502470684465484,-0.3305438840143004,2.2173557826083448,0.0,0.0,-0.12909944487358055,-0.27385147006067195,-0.1912893038028169,-0.3260853633771936,-0.052422253625803716,-1.2026298980247137,0.2650247068446548,-0.18414137497317518,-0.18414137497317515,-0.2989881927333239,0.029800545439087413,0.013215379953147201,-2.4652625377117467,-0.2981423969999719,-0.1421338109037405,0.2666666666666668,0.25308553412176577,-0.471404520791032,0.3333333333333337,-0.3333333333333333,0.0,-0.3333333333333333,0.0,0.0,0.0,0.0,0.0,0.0,0.0,0.19790672829553885,0.2699279434318112,-0.12909944487358055
C1_Campus_ClassChange,-1.2138272227642204,-0.5458342743443176,0.33301373837006953,1.7689764332319133,-0.43493613844340456,0.48486733606754434,-0.18708496366274974,-0.4165686159142404,0.6750489292714781,-0.26502470684465484,-0.3305438840143004,-0.4434711565216689,0.0,0.0,-0.12909944487358055,-0.18676089654314376,0.6391266745864806,6.9923544041059165,-0.052422253625803716,0.7270123133026639,0.2650247068446548,-0.18414137497317518,-0.18414137497317515,-0.2989881927333239,0.09119855128845354,0.2397647505785308,0.0,0.0,0.0,0.0,0.0,0.0,0.0,0.0,0.0,0.0,0.0,0.0,0.0,0.0,0.0,0.0,0.0,0.19790672829553885,-0.3778991208045356,-0.12909944487358055
C2_ExamDay_LongStays,-1.2159543425203794,-0.7237010465730623,-0.12456239068804123,1.6260898036144626,-0.6504956081933624,1.2878765997026196,2.3499413550078208,-0.4165686159142404,0.6750489292714781,-0.26502470684465484,-0.3305438840143004,-0.4434711565216689,0.0,0.0,-0.12909944487358055,-0.09967032302561558,0.18375760673419625,-0.17823809534723178,-0.052422253625803716,-1.6120905623795474,0.2650247068446548,-0.18414137497317518,-0.18414137497317515,-0.2989881927333239,0.029800545439087413,0.013215379953147201,0.0,0.0,0.0,0.0,0.0,0.0,0.0,0.0,0.0,0.0,0.0,0.0,0.0,0.0,0.0,0.0,0.0,0.19790672829553885,-0.3778991208045356,-0.12909944487358055
C3_Hackathon_24h,-1.2138272227642204,-0.5458342743443176,-0.4296131433934484,1.0796111149021073,-0.6774405419121071,1.380044090507219,5.334678200502609,-0.4165686159142404,0.6750489292714781,-0.26502470684465484,-0.3305438840143004,-0.4434711565216689,0.0,0.0,-0.12909944487358055,-0.15773070537063436,-0.0813692311179783,0.11745644071269187,-0.052422253625803716,-0.8731787887736979,0.2650247068446548,-0.18414137497317518,-0.18414137497317515,-0.2989881927333239,-0.03159746041027871,1.0326875477673734,0.0,0.0,0.0,0.0,0.0,0.0,0.0,0.0,0.0,0.0,0.0,0.0,0.0,0.0,0.0,0.0,0.0,4.269130853232338,-0.3778991208045356,-0.12909944487358055
C4_Stadium_IngressEgress,-1.203743099475763,-0.012233957658084828,1.0956406201335875,1.3553572422340299,-0.5157709395996387,0.03397978162004225,-0.37363101650617403,-0.4165686159142404,0.6750489292714781,-0.26502470684465484,-0.3305438840143004,-0.4434711565216689,0.0,0.0,-0.12909944487358055,-0.21579108771565314,0.18388469212801825,-0.3753677860538476,-0.052422253625803716,0.06811009480063261,-3.710345895825168,5.34009987422208,-0.18414137497317515,3.288870120066566,-0.1236944691843279,1.0326875477673734,0.0,0.0,0.0,0.0,0.0,0.0,0.0,0.0,0.0,0.0,0.0,0.0,0.0,0.0,0.0,-0.7220884336416493,-0.4723678278008195,-2.8555113654070605,-0.3778991208045356,-0.12909944487358055
C7_Library_Quiet,-1.2211539685909902,0.1818025211369088,-0.3533504552170966,2.508477411076614,-0.6909130087714794,1.2878765997026196,2.3499413550078208,-0.4165686159142404,0.6750489292714781,-0.26502470684465484,-0.3305438840143004,-0.4434711565216689,0.0,0.0,-0.12909944487358055,-0.27385147006067195,-0.1335064743855376,-0.2521617293622127,-0.052422253625803716,-0.026018793556800437,0.2650247068446548,-0.18414137497317518,-0.18414137497317515,-0.2989881927333239,0.21399456298718578,-0.43988336129762,0.0,0.0,0.0,0.0,0.0,0.0,0.0,0.0,0.0,0.0,0.0,0.0,0.0,0.0,0.0,0.0,0.0,0.19790672829553885,-0.3778991208045356,-0.12909944487358055
C8_EmergencyDrill_Evacuation,-1.2226508306416206,-0.012233957658084828,1.0956406201335875,6.3187875342086315,0.06354513535337299,-2.185774332583045,-0.6223590869640732,-0.4165686159142404,-1.4566845315858212,-0.26502470684465484,-0.3305438840143004,-0.4434711565216689,0.0,0.0,7.6168672475412516,-0.18676089654314376,7.0590111067861825,-0.3507265747155206,-0.23662929418499692,0.7270123133026639,0.2650247068446548,-0.18414137497317518,-0.18414137497317515,-0.2989881927333239,0.09119855128845354,0.2397647505785308,0.0,0.0,0.0,0.0,0.0,0.0,0.0,0.0,0.0,0.0,0.0,0.0,0.0,0.0,0.0,0.0,0.0,-3.194780042485127,-0.3778991208045356,-0.12909944487358055
V1_TaxiLow_HelsinkiMedium,0.4888139687212751,0.7712804314001799,-1.764210186479605,-0.29760193162359166,2.2191398328529517,-1.6351882630797299,-0.5937553588614147,-0.4165686159142404,-1.4566845315858212,3.710345895825168,-0.3305438840143004,-0.4434711565216689,0.0,0.0,-0.12909944487358055,-0.24482127888816255,-0.23066052260110675,-0.28912354636970317,-0.10505283664271606,0.7270123133026639,0.2650247068446548,-0.18414137497317518,-0.18414137497317515,-0.2989881927333239,-0.5227815072052077,-2.0257289556753055,0.0,0.0,0.0,0.0,0.0,0.0,0.0,0.0,0.0,0.0,0.0,0.0,0.0,0.0,0.0,0.0,0.0,0.19790672829553885,-0.3778991208045356,-0.12909944487358055
V2_TaxiHigh_HelsinkiMedium,-0.21297798638481383,0.40087596493770783,-0.9634519606279109,-0.2857769672091855,3.0274878444152935,-2.103159423821351,-0.6186281659072046,-0.4165686159142404,-1.4566845315858212,3.710345895825168,-0.3305438840143004,-0.4434711565216689,0.0,0.0,-0.12909944487358055,-0.01257974950808741,-0.058911685397910044,-0.35811893811701867,0.00020832939110862413,0.7270123133026639,0.2650247068446548,-0.18414137497317518,-0.18414137497317515,-0.2989881927333239,0.09119855128845354,0.2397647505785308,0.0,0.0,0.0,0.0,0.0,0.0,0.0,0.0,0.0,0.0,0.0,0.0,0.0,0.0,0.0,0.0,0.0,0.19790672829553885,-0.3778991208045356,-0.12909944487358055
V3_BusOnlyCarriers_HelsinkiMedium,0.5833526245505641,0.8046356629479989,-1.7260788423914288,-0.29739341141426845,1.5455164898843332,-1.4990379035014647,-0.5850498763953883,-0.4165686159142404,-1.4566845315858212,-0.26502470684465484,-0.3305438840143004,2.2173557826083448,0.0,0.0,-0.12909944487358055,-0.18676089654314376,-0.22919542612733357,-0.3260853633771936,-0.052422253625803716,0.7270123133026639,0.2650247068446548,-0.18414137497317518,-0.18414137497317515,-0.2989881927333239,0.09119855128845354,0.2397647505785308,0.0,0.0,0.0,0.0,0.0,0.0,0.0,0.0,0.0,0.0,0.0,0.0,0.0,0.0,0.0,0.0,0.0,0.19790672829553885,0.2699279434318112,-0.12909944487358055
V6_CarOwnership_0_HelsinkiMedium,-0.10236775906454566,0.48032018082151373,1.1337719642217634,-0.26163347479713667,1.5455164898843332,-1.4990379035014647,-0.5850498763953883,2.3605554901806953,-1.4566845315858212,-0.26502470684465484,-0.3305438840143004,2.2173557826083448,0.0,0.0,-0.12909944487358055,-0.12870051419812498,-0.06602682215578247,-0.3384059690463571,-0.13136812815117224,0.06811009480063261,0.2650247068446548,-0.18414137497317518,-0.18414137497317515,-0.2989881927333239,-0.21579147795837708,0.2397647505785308,-0.35218036253024954,-0.2981423969999719,2.416274785363585,0.2666666666666668,0.25308553412176577,-0.471404520791032,0.3333333333333337,-0.3333333333333333,0.0,-0.3333333333333333,0.0,0.0,0.0,0.0,0.0,0.0,0.0,0.19790672829553885,0.2699279434318112,-0.12909944487358055
V7_CarOwnership_100_HelsinkiMedium,0.7298875410859621,0.8516903645958145,1.1337719642217634,-0.2775602202962247,1.5455164898843332,-1.4990379035014647,-0.5850498763953883,2.3605554901806953,-1.4566845315858212,-0.26502470684465484,-0.3305438840143004,2.2173557826083448,0.0,0.0,-0.12909944487358055,-0.07064013185310619,-0.10263537636116309,-0.3260853633771936,-0.052422253625803716,0.7270123133026639,0.2650247068446548,-0.18414137497317518,-0.18414137497317515,-0.2989881927333239,0.09119855128845354,0.2397647505785308,1.0565410875907486,-0.2981423969999719,-0.1421338109037405,1.4666666666666668,-0.7231015260621869,-0.471404520791032,0.3333333333333337,2.6666666666666665,0.0,-0.3333333333333333,0.0,0.0,0.0,0.0,0.0,0.0,0.0,0.19790672829553885,0.2699279434318112,-0.12909944487358055
R10_TinyRange_5m,0.11223498966794043,-0.6862554103143792,-0.7346638960988556,-0.2866798468402747,-0.6504956081933624,0.9477785586336466,0.3352439842988383,-0.4165686159142404,0.6750489292714781,-0.26502470684465484,-0.3305438840143004,-0.4434711565216689,0.0,0.0,-0.12909944487358055,-0.3319118524056907,-0.2341855396722574,0.0065709896902205025,-0.1445257739054003,0.7270123133026639,0.2650247068446548,-0.18414137497317518,-0.18414137497317515,-0.2989881927333239,0.09119855128845354,0.2397647505785308,0.0,0.0,0.0,0.0,0.0,0.0,0.0,0.0,0.0,0.0,0.0,0.0,0.0,0.0,0.0,0.0,0.0,0.19790672829553885,-0.3778991208045356,-0.12909944487358055
R11_SpeedExtremeLow,1.583571603224442,0.08940419790119716,-0.8871892724515592,-0.29392900641949166,-0.6774405419121071,1.1161099122940474,0.8575729322604262,-0.4165686159142404,0.6750489292714781,-0.26502470684465484,-0.3305438840143004,-0.4434711565216689,0.0,0.0,-0.12909944487358055,-0.18676089654314376,-0.23410870224767458,0.11745644071269187,-0.10505283664271606,0.7270123133026639,0.2650247068446548,-0.18414137497317518,-0.18414137497317515,-0.2989881927333239,0.09119855128845354,0.2397647505785308,0.0,0.0,0.0,0.0,0.0,0.0,0.0,0.0,0.0,0.0,0.0,0.0,0.0,0.0,0.0,0.0,0.0,0.19790672829553885,-0.3778991208045356,-0.12909944487358055
R12_SpeedExtremeHigh,-0.9926067681236841,0.34349958679940334,-0.4296131433934484,-0.2108807610112891,2.8927631758215697,-1.5950333183193202,-0.5912680781568357,-0.4165686159142404,0.6750489292714781,-0.26502470684465484,-0.3305438840143004,-0.4434711565216689,0.0,0.0,-0.12909944487358055,-0.18676089654314376,0.20303038297907536,-0.2521617293622127,-0.18399871116808458,0.7270123133026639,0.2650247068446548,-0.18414137497317518,-0.18414137497317515,-0.2989881927333239,0.09119855128845354,0.2397647505785308,0.0,0.0,0.0,0.0,0.0,0.0,0.0,0.0,0.0,0.0,0.0,0.0,0.0,0.0,0.0,0.0,0.0,0.19790672829553885,-0.3778991208045356,-0.12909944487358055
R1_Rural_RandomWaypoint,4.443365942060435,-0.012233957658084828,-1.001583304716087,-0.2968216373630716,-0.5561883401777559,0.9099898874037603,0.26062556316146857,-0.4165686159142404,0.6750489292714781,-0.26502470684465484,-0.3305438840143004,-0.4434711565216689,0.0,0.0,-0.12909944487358055,-0.18676089654314376,-0.23399449151793747,-0.10431446133225088,-0.052422253625803716,0.7270123133026639,0.2650247068446548,-0.18414137497317518,-0.18414137497317515,-0.2989881927333239,0.09119855128845354,0.2397647505785308,0.0,0.0,0.0,0.0,0.0,0.0,0.0,0.0,0.0,0.0,0.0,0.0,0.0,0.0,0.0,0.0,0.0,0.19790672829553885,-0.3778991208045356,-0.12909944487358055
R2_VillagesTrails_ThreeClusters,-0.44113127578616473,2.1221673090868443,-0.582138519746152,-0.2752950563560262,-0.5831332738965005,0.8663875744461998,0.18600714202409885,-0.4165686159142404,-1.4566845315858212,-0.26502470684465484,2.9748949561287037,-0.4434711565216689,0.0,0.0,-0.12909944487358055,-0.18676089654314376,-0.2293340184116537,0.0065709896902205025,-0.052422253625803716,0.7270123133026639,0.2650247068446548,-0.18414137497317518,-0.18414137497317515,-0.2989881927333239,0.09119855128845354,0.2397647505785308,0.0,0.0,0.0,0.0,0.0,0.0,0.0,0.0,0.0,0.0,0.0,0.0,0.0,0.0,0.6123724356957945,0.0,0.0,0.19790672829553885,0.917755007668158,-0.12909944487358055
R3_WildlifeTracking,1.2920774144174676,-0.012233957658084828,-1.1922400251569663,-0.29498332984752546,-0.7111217090605381,1.3242118605005866,3.096125566381518,-0.4165686159142404,0.6750489292714781,-0.26502470684465484,-0.3305438840143004,-0.4434711565216689,0.0,0.0,-0.12909944487358055,-0.18676089654314376,-0.23439547049299267,1.8177000230572529,-0.23662929418499692,0.7458380909741505,0.2650247068446548,-0.18414137497317518,-0.18414137497317515,-0.2989881927333239,0.09119855128845354,0.2397647505785308,0.0,0.0,0.0,0.0,0.0,0.0,0.0,0.0,0.0,0.0,0.0,0.0,0.0,0.0,0.0,0.0,0.0,0.19790672829553885,-0.3778991208045356,-0.12909944487358055
R4_ParkRangers_HelsinkiMedium,0.4424900273649235,0.7539613688657356,-1.8404728746559567,-0.2981837317326222,-0.3136839367090532,0.48486733606754434,-0.18708496366274974,-0.4165686159142404,-1.4566845315858212,3.710345895825168,-0.3305438840143004,-0.4434711565216689,0.0,0.0,-0.12909944487358055,-0.18676089654314376,-0.2340353629162046,0.11745644071269187,-0.052422253625803716,0.7270123133026639,0.2650247068446548,-0.18414137497317518,-0.18414137497317515,-0.2989881927333239,0.09119855128845354,0.2397647505785308,0.0,0.0,0.0,0.0,0.0,0.0,0.0,0.0,0.0,0.0,0.0,0.0,0.0,0.0,0.0,0.0,0.0,0.19790672829553885,-0.3778991208045356,-0.12909944487358055
R5_MountainRescue,0.37820374140100693,-1.0166580831851104,-0.9634519606279109,-0.29068493433323367,-0.5561883401777559,0.15421646280604268,-0.33632180593748917,-0.4165686159142404,0.6750489292714781,-0.26502470684465484,-0.3305438840143004,-0.4434711565216689,0.0,0.0,-0.12909944487358055,-0.12870051419812498,-0.23146203245358632,-0.2829632435351214,-0.3076805812578286,-1.6238566734242266,0.2650247068446548,-0.18414137497317518,-0.18414137497317515,-0.2989881927333239,-0.21579147795837708,0.2397647505785308,0.0,0.0,0.0,0.0,0.0,0.0,0.0,0.0,0.0,0.0,0.0,0.0,0.0,0.0,0.0,0.0,0.0,-2.516242688328994,-0.3778991208045356,-0.12909944487358055
R6_SparseLongRange,2.5525928254746546,0.34349958679940334,-1.2685027133333182,-0.296637806611517,-0.5966057407558728,1.0516974045158327,0.6088448618025273,-0.4165686159142404,0.6750489292714781,-0.26502470684465484,-0.3305438840143004,-0.4434711565216689,0.0,0.0,-0.12909944487358055,5.32897542623364,-0.03401150374829803,0.1913800747276728,-0.18399871116808458,0.7270123133026639,0.2650247068446548,-0.18414137497317518,-0.18414137497317515,-0.2989881927333239,0.09119855128845354,-3.7248492353656824,0.0,0.0,0.0,0.0,0.0,0.0,0.0,0.0,0.0,0.0,0.0,0.0,0.0,0.0,0.0,0.0,0.0,0.19790672829553885,-0.3778991208045356,-0.12909944487358055
R7_SparseTinyBuffer,1.0163396682487078,-0.12457086643413409,-0.5058758315698002,-0.29029564568288274,-0.5561883401777559,0.7088566373092064,-0.012975314342220406,-0.4165686159142404,0.6750489292714781,-0.26502470684465484,-0.3305438840143004,-0.4434711565216689,0.0,0.0,-0.12909944487358055,-0.12870051419812498,-0.23131787666364895,-0.33224566621177537,0.052838912408020966,-1.5979712291259325,0.2650247068446548,-0.18414137497317518,-0.18414137497317515,-0.2989881927333239,-1.4284020934833581,-0.1000593053595446,0.0,0.0,0.0,0.0,0.0,0.0,0.0,0.0,0.0,0.0,0.0,0.0,0.0,0.0,0.0,0.0,0.0,0.19790672829553885,-0.3778991208045356,-0.12909944487358055
R8_IntermittentPower,-0.28356684940401633,0.34349958679940334,-0.6202698638343279,-0.2798172928442697,-0.5561883401777559,0.48486733606754434,-0.18708496366274974,-0.4165686159142404,0.6750489292714781,-0.26502470684465484,-0.3305438840143004,-0.4434711565216689,0.0,0.0,-0.12909944487358055,-0.18676089654314376,-0.22962171027417755,-0.19671900385097701,-0.052422253625803716,0.7270123133026639,0.2650247068446548,-0.18414137497317518,-0.18414137497317515,-0.2989881927333239,-0.15439347210901097,-0.3266086759849282,0.0,0.0,0.0,0.0,0.0,0.0,0.0,0.0,0.0,0.0,0.0,0.0,0.0,0.0,0.0,0.0,0.0,0.19790672829553885,-0.3778991208045356,7.6168672475412516
R9_ExtremeRange_200m,-0.28356684940401633,0.34349958679940334,-0.4296131433934484,-0.2770598315709505,-0.5157709395996387,0.48486733606754434,-0.18708496366274974,-0.4165686159142404,0.6750489292714781,-0.26502470684465484,-0.3305438840143004,-0.4434711565216689,0.0,0.0,-0.12909944487358055,5.32897542623364,2.520773275424502,-0.10431446133225088,-0.052422253625803716,0.7270123133026639,0.2650247068446548,-0.18414137497317518,-0.18414137497317515,-0.2989881927333239,0.09119855128845354,0.2397647505785308,0.0,0.0,0.0,0.0,0.0,0.0,0.0,0.0,0.0,0.0,0.0,0.0,0.0,0.0,0.0,0.0,0.0,0.19790672829553885,-0.3778991208045356,-0.12909944487358055
D1_ShelterHotspots_Clusters,-0.41718148297607816,0.21645189235029966,1.0956406201335875,-0.24773825579503428,-0.529243406459011,-0.354477188365498,-0.46068584116643874,-0.4165686159142404,0.6750489292714781,-0.26502470684465484,2.9748949561287037,-0.4434711565216689,0.0,0.0,-0.12909944487358055,-0.18676089654314376,-0.21948479400018564,-0.21519991235472224,-0.19715635692231265,0.7270123133026639,0.2650247068446548,-0.18414137497317518,-0.18414137497317515,-0.2989881927333239,0.09119855128845354,0.2397647505785308,0.0,0.0,0.0,0.0,0.0,0.0,0.0,0.0,0.0,0.0,0.0,0.0,0.0,0.0,-0.7484551991837488,0.0,0.0,0.19790672829553885,1.565582071904505,-0.12909944487358055
D2_PartitionedCity_MuleBridge,0.03156200336028046,-4.281036491147944,0.7524585233400044,-0.2697525591966546,-0.5427158733183834,0.2559551930403509,-0.2990125953688043,-0.4165686159142404,0.6750489292714781,-0.26502470684465484,2.9748949561287037,-0.4434711565216689,0.0,0.0,-0.12909944487358055,-0.18676089654314376,-0.2264940742687469,-0.10431446133225088,-0.09189519088848798,0.7270123133026639,0.2650247068446548,-0.18414137497317518,-0.18414137497317515,-0.2989881927333239,0.09119855128845354,0.2397647505785308,0.0,0.0,0.0,0.0,0.0,0.0,0.0,0.0,0.0,0.0,0.0,0.0,0.0,0.0,1.292786253135566,0.0,0.0,0.19790672829553885,0.917755007668158,-0.12909944487358055
D3_Aftershock_ErraticMobility,-0.06423716788006575,0.5051966524618978,0.10422567384101415,-0.2749469716342513,-0.2597940692715638,1.010018723012282,0.4844808265735777,-0.4165686159142404,0.6750489292714781,-0.26502470684465484,-0.3305438840143004,-0.4434711565216689,0.0,0.0,-0.12909944487358055,-0.24482127888816255,-0.2243554283751393,-0.22752051802388573,-0.15110459678251437,-1.6191502290063549,0.2650247068446548,-0.18414137497317518,-0.18414137497317515,-0.2989881927333239,0.09119855128845354,0.2397647505785308,0.0,0.0,0.0,0.0,0.0,0.0,0.0,0.0,0.0,0.0,0.0,0.0,0.0,0.0,0.0,0.0,0.0,0.19790672829553885,-0.3778991208045356,-0.12909944487358055
D4_MedicalTriage_TwoClasses,-0.4490094971052721,0.1818025211369088,-0.048299702511689434,-0.2656957487475743,-0.4214636715840322,-0.5070852837169602,-0.4855586482122286,-0.4165686159142404,0.6750489292714781,-0.26502470684465484,-0.3305438840143004,-0.4434711565216689,0.0,0.0,-0.12909944487358055,-0.18676089654314376,-0.21985086948872,-0.3260853633771936,-0.30373328753156015,-1.6238566734242266,-3.710345895825168,-0.18414137497317518,5.340099874222079,3.288870120066566,0.09119855128845354,0.2397647505785308,0.0,0.0,0.0,0.0,0.0,0.0,0.0,0.0,0.0,0.0,0.0,0.0,0.0,0.0,0.0,0.02719161465596169,-0.4637987969110087,0.19790672829553885,0.2699279434318112,-0.12909944487358055
D5_UAVMule_FastRoute_HelsinkiMedium,0.6315673390235015,0.820703122047253,0.4092764265464213,-0.2817452738971596,-0.3945187378652874,-0.42772907413419975,-0.47312224468933367,-0.4165686159142404,-1.4566845315858212,3.710345895825168,-0.3305438840143004,-0.4434711565216689,0.0,0.0,-0.12909944487358055,-0.18676089654314376,-0.22628787121687957,-0.12279536983599611,-0.1445257739054003,0.7270123133026639,0.2650247068446548,-0.18414137497317518,-0.18414137497317515,-0.2989881927333239,0.09119855128845354,0.2397647505785308,0.0,0.0,0.0,0.0,0.0,0.0,0.0,0.0,0.0,0.0,0.0,0.0,0.0,0.0,0.0,0.0,0.0,0.19790672829553885,0.2699279434318112,-0.12909944487358055
D6_ShortTtlCritical_5to10min,-0.1575153082982976,-0.7027755439579149,0.10422567384101415,-0.2728425378588152,-0.4214636715840322,-0.1938370879955376,-0.4295948323592013,-0.4165686159142404,0.6750489292714781,-0.26502470684465484,-0.3305438840143004,-0.4434711565216689,0.0,0.0,-0.12909944487358055,-0.24482127888816255,-0.2271716815625953,-0.34210215074710615,-0.30833846354554,-1.6245626400869073,0.2650247068446548,-0.18414137497317518,-0.18414137497317515,-0.2989881927333239,-0.06229646333496177,0.2397647505785308,0.0,0.0,0.0,0.0,0.0,0.0,0.0,0.0,0.0,0.0,0.0,0.0,0.0,0.0,0.0,0.0,0.0,-2.516242688328994,-0.3778991208045356,-0.12909944487358055
D7_HighLoad_TrafficStorm,-0.28356684940401633,0.34349958679940334,0.7143271792518285,-0.2605150639310352,-0.3945187378652874,-0.5070852837169602,-0.4855586482122286,-0.4165686159142404,0.6750489292714781,-0.26502470684465484,-0.3305438840143004,-0.4434711565216689,0.0,0.0,-0.12909944487358055,-0.18676089654314376,-0.21614881671232458,-0.3926166339906765,-0.2037351797994267,0.7270123133026639,0.2650247068446548,-0.18414137497317518,-0.18414137497317515,-0.2989881927333239,-0.5227815072052077,0.2397647505785308,0.0,0.0,0.0,0.0,0.0,0.0,0.0,0.0,0.0,0.0,0.0,0.0,0.0,0.0,0.0,0.0,0.0,-2.516242688328994,-0.3778991208045356,-0.12909944487358055
D8_InfrastructureReturns_BackboneLinks,0.03156200336028046,-4.281036491147944,1.0956406201335875,-0.2660299864776736,-0.529243406459011,0.2559551930403509,-0.2990125953688043,-0.4165686159142404,-1.4566845315858212,-0.26502470684465484,2.9748949561287037,-0.4434711565216689,0.0,0.0,-0.12909944487358055,-0.18676089654314376,-0.22486061254931758,-0.12279536983599611,-0.1445257739054003,0.7270123133026639,0.2650247068446548,-0.18414137497317518,-0.18414137497317515,3.288870120066566,0.09119855128845354,0.2397647505785308,0.0,0.0,0.0,0.0,0.0,0.0,0.0,0.0,0.0,0.0,0.0,0.0,0.0,0.0,0.6123724356957945,0.0,0.0,0.19790672829553885,0.2699279434318112,-0.12909944487358055
D9_Critical_1minTTL,0.19668952220877198,-0.6142445713553728,-0.27708776704074484,-0.2830282358124054,-0.5561883401777559,0.6962670747101437,-0.025411717865115358,-0.4165686159142404,0.6750489292714781,-0.26502470684465484,-0.3305438840143004,-0.4434711565216689,0.0,0.0,-0.12909944487358055,-0.09967032302561558,-0.22759221814054467,-0.3199250605426119,-0.23926082333584253,-1.6259745734122688,0.2650247068446548,-0.18414137497317518,-0.18414137497317515,-0.2989881927333239,-0.7683735306026722,0.8061381771419899,0.0,0.0,0.0,0.0,0.0,0.0,0.0,0.0,0.0,0.0,0.0,0.0,0.0,0.0,0.0,0.0,0.0,0.19790672829553885,-0.3778991208045356,-0.12909944487358055
S1_StrongCommunities_SeparateClusters,0.2836650855717179,-0.5458342743443176,2.2395809427788644,-0.261204429249365,-0.5561883401777559,0.48486733606754434,-0.18708496366274974,-0.4165686159142404,-1.4566845315858212,-0.26502470684465484,2.9748949561287037,-0.4434711565216689,0.0,0.0,-0.12909944487358055,-0.18676089654314376,-0.2248352875614173,-0.10431446133225088,-0.13136812815117224,0.7270123133026639,0.2650247068446548,-0.18414137497317518,-0.18414137497317515,-0.2989881927333239,0.09119855128845354,0.2397647505785308,0.0,0.0,0.0,0.0,0.0,0.0,0.0,0.0,0.0,0.0,0.0,0.0,0.0,0.0,-0.40824829046386296,0.0,0.0,0.19790672829553885,1.565582071904505,-0.12909944487358055
S2_WeakCommunities_HighMixing,-0.9201271319878959,-0.012233957658084828,1.0956406201335875,-0.164060194084726,-0.2463216024121914,-0.6874403054959612,-0.5104314552580185,-0.4165686159142404,0.6750489292714781,-0.26502470684465484,-0.3305438840143004,-0.4434711565216689,0.0,0.0,-0.12909944487358055,-0.18676089654314376,-0.14279524768336482,-0.1659174896780683,-0.16426224253674246,0.7270123133026639,0.2650247068446548,-0.18414137497317518,-0.18414137497317515,-0.2989881927333239,0.09119855128845354,0.2397647505785308,0.0,0.0,0.0,0.0,0.0,0.0,0.0,0.0,0.0,0.0,0.0,0.0,0.0,0.0,0.0,0.0,0.0,0.19790672829553885,-0.3778991208045356,-0.12909944487358055
S3_PeriodicMeetings_RegularRhythm,-0.8255884761586068,-0.012233957658084828,-0.048299702511689434,-0.23449152316408498,-0.529243406459011,0.7553998687360457,0.03677029974935941,-0.4165686159142404,0.6750489292714781,-0.26502470684465484,-0.3305438840143004,-0.4434711565216689,0.0,0.0,-0.12909944487358055,-0.15773070537063436,-0.2116029813845914,-0.09199385566308739,-0.1576834196596284,-1.5979712291259325,0.2650247068446548,-0.18414137497317518,-0.18414137497317515,-0.2989881927333239,-0.2771894838077432,0.8061381771419899,0.0,0.0,0.0,0.0,0.0,0.0,0.0,0.0,0.0,0.0,0.0,0.0,0.0,0.0,0.0,0.0,0.0,0.19790672829553885,-0.3778991208045356,-0.12909944487358055
S4_RandomMixing_NoHotspots,-0.09322902233438106,-0.23195173511712208,0.33301373837006953,-0.27157551347795594,-0.4753535390215216,0.6558936498234935,-0.06272092843380021,-0.4165686159142404,0.6750489292714781,-0.26502470684465484,-0.3305438840143004,-0.4434711565216689,0.0,0.0,-0.12909944487358055,-0.09967032302561558,-0.21748471685087015,-0.09199385566308739,-0.1445257739054003,0.7270123133026639,0.2650247068446548,-0.18414137497317518,-0.18414137497317515,-0.2989881927333239,-0.6762765218286231,0.2397647505785308,0.0,0.0,0.0,0.0,0.0,0.0,0.0,0.0,0.0,0.0,0.0,0.0,0.0,0.0,0.0,0.0,0.0,0.19790672829553885,-0.3778991208045356,-0.12909944487358055
S5_TwoLayer_StudentsStaff,-0.28356684940401633,0.34349958679940334,0.904983899692708,-0.2577576026577159,-0.3136839367090532,0.03397978162004225,-0.37363101650617403,-0.4165686159142404,0.6750489292714781,-0.26502470684465484,-0.3305438840143004,-0.4434711565216689,0.0,0.0,-0.12909944487358055,-0.15773070537063436,-0.20516790195965276,-0.14743658117432307,-0.16426224253674246,0.7270123133026639,0.2650247068446548,-0.18414137497317518,-0.18414137497317515,-0.2989881927333239,0.09119855128845354,0.2397647505785308,0.0,0.0,0.0,0.0,0.0,0.0,0.0,0.0,0.0,0.0,0.0,0.0,0.0,0.0,0.0,0.0,0.0,0.19790672829553885,0.2699279434318112,-0.12909944487358055
S6_FamilyGroups_SmallPersistent,-0.28356684940401633,0.34349958679940334,-0.3533504552170966,-0.2759568470616228,-0.5966057407558728,1.1161099122940474,0.8575729322604262,-0.4165686159142404,-1.4566845315858212,-0.26502470684465484,2.9748949561287037,-0.4434711565216689,0.0,0.0,-0.12909944487358055,-0.18676089654314376,-0.22990535013863764,0.11745644071269187,-0.19715635692231265,0.7270123133026639,0.2650247068446548,-0.18414137497317518,-0.18414137497317515,-0.2989881927333239,0.09119855128845354,0.2397647505785308,0.0,0.0,0.0,0.0,0.0,0.0,0.0,0.0,0.0,0.0,0.0,0.0,0.0,0.0,-1.3608276348795432,0.0,0.0,0.19790672829553885,6.748198585795278,-0.12909944487358055
T10_HighRateLowSpeed_Congestion,-0.355416227834276,-1.7585622668130276,-0.12456239068804123,-0.2704705734632786,-0.5157709395996387,0.48486733606754434,-0.18708496366274974,-0.4165686159142404,0.6750489292714781,-0.26502470684465484,-0.3305438840143004,-0.4434711565216689,0.0,0.0,-0.12909944487358055,-0.27385147006067195,-0.23020188272420955,-0.3384059690463571,0.18441536995030183,0.7270123133026639,0.2650247068446548,-0.18414137497317518,-0.18414137497317515,-0.2989881927333239,-0.8297715364520384,-3.8381239206783744,0.0,0.0,0.0,0.0,0.0,0.0,0.0,0.0,0.0,0.0,0.0,0.0,0.0,0.0,0.0,0.0,0.0,0.19790672829553885,-0.3778991208045356,-0.12909944487358055
T11_TTL_1min,-0.7789494059494908,0.08940419790119716,-0.8109265842752074,-0.2643616065475981,-0.42146367158403214,0.223827172966359,-0.3114489988916993,-0.4165686159142404,0.6750489292714781,-0.26502470684465484,-0.3305438840143004,-0.4434711565216689,0.0,0.0,-0.12909944487358055,-0.18676089654314376,-0.21926272614868436,-0.22752051802388573,-0.2524184690900706,-1.6259745734122688,0.2650247068446548,-0.18414137497317518,-0.18414137497317515,-0.2989881927333239,-1.136761565698869,0.2397647505785308,0.0,0.0,0.0,0.0,0.0,0.0,0.0,0.0,0.0,0.0,0.0,0.0,0.0,0.0,0.0,0.0,0.0,0.19790672829553885,-0.3778991208045356,-0.12909944487358055
T12_TTL_Infinite_Buffer200M,-0.35163468160110445,0.2821662170653531,-0.3533504552170966,-0.27415974299039064,-0.5157709395996387,0.48486733606754434,-0.18708496366274974,-0.4165686159142404,0.6750489292714781,-0.26502470684465484,-0.3305438840143004,-0.4434711565216689,0.0,0.0,-0.12909944487358055,-0.18676089654314376,-0.22679142455769527,-0.030390827317269956,-0.07873754513425989,0.7270123133026639,0.2650247068446548,-0.18414137497317518,-0.18414137497317515,-0.2989881927333239,4.6960489899909135,0.2397647505785308,0.0,0.0,0.0,0.0,0.0,0.0,0.0,0.0,0.0,0.0,0.0,0.0,0.0,0.0,0.0,0.0,0.0,0.19790672829553885,-0.3778991208045356,-0.12909944487358055
T13_Buffer_256k,0.04164612664873796,-0.24938965396307733,-0.8109265842752074,-0.2868094267873292,-0.5696608070371282,0.6414914339282556,-0.07515733195669518,-0.4165686159142404,0.6750489292714781,-0.26502470684465484,-0.3305438840143004,-0.4434711565216689,0.0,0.0,-0.12909944487358055,-0.30288166123318133,-0.23352718519362503,-0.1535968840089048,-0.24320811706211096,-1.6191502290063549,0.2650247068446548,-0.18414137497317518,-0.18414137497317515,-0.2989881927333239,-1.4358926501969806,0.6928634918292981,0.0,0.0,0.0,0.0,0.0,0.0,0.0,0.0,0.0,0.0,0.0,0.0,0.0,0.0,0.0,0.0,0.0,0.19790672829553885,-0.3778991208045356,-0.12909944487358055
T14_Buffer_200M,-0.7071000275192312,-0.19783406780981794,-0.20082507886439302,-0.25316183386885055,-0.43493613844340456,0.15421646280604268,-0.33632180593748917,-0.4165686159142404,0.6750489292714781,-0.26502470684465484,-0.3305438840143004,-0.4434711565216689,0.0,0.0,-0.12909944487358055,-0.0416099406805968,-0.19089980377779356,-0.12895567267057784,0.01336597514533671,-1.5979712291259325,0.2650247068446548,-0.18414137497317518,-0.18414137497317515,-0.2989881927333239,4.6960489899909135,0.2397647505785308,0.0,0.0,0.0,0.0,0.0,0.0,0.0,0.0,0.0,0.0,0.0,0.0,0.0,0.0,0.0,0.0,0.0,0.19790672829553885,-0.3778991208045356,-0.12909944487358055
T15_TransmitSpeed_256k,-0.8697065155456083,-0.12457086643413409,-0.8871892724515592,-0.258483250361221,-0.48882600588089403,0.48486733606754434,-0.18708496366274974,-0.4165686159142404,0.6750489292714781,-0.26502470684465484,-0.3305438840143004,-0.4434711565216689,0.0,0.0,-0.12909944487358055,-0.07064013185310619,-0.20678870118514112,0.06817401803603794,-0.19715635692231265,0.7270123133026639,0.2650247068446548,-0.18414137497317518,-0.18414137497317515,-0.2989881927333239,0.09119855128845354,-3.6115745500529908,0.0,0.0,0.0,0.0,0.0,0.0,0.0,0.0,0.0,0.0,0.0,0.0,0.0,0.0,0.0,0.0,0.0,0.19790672829553885,-0.3778991208045356,-0.12909944487358055
T1_ManySmallMsgs_HighRate,-0.6302085874447427,-0.4391142110070711,-0.582138519746152,-0.26777154096608574,-0.5157709395996387,0.48486733606754434,-0.18708496366274974,-0.4165686159142404,0.6750489292714781,-0.26502470684465484,-0.3305438840143004,-0.4434711565216689,0.0,0.0,-0.12909944487358055,-0.15773070537063436,-0.22274099103587777,-0.3753677860538476,-0.3076805812578286,0.7270123133026639,0.2650247068446548,-0.18414137497317518,-0.18414137497317515,-0.2989881927333239,-1.0753635598495028,0.8061381771419899,0.0,0.0,0.0,0.0,0.0,0.0,0.0,0.0,0.0,0.0,0.0,0.0,0.0,0.0,0.0,0.0,0.0,0.19790672829553885,-0.3778991208045356,-0.12909944487358055
T2_FewHugeMsgs_LowRate,-0.28356684940401633,0.34349958679940334,-0.23895642295256891,-0.27430237029763127,-0.5157709395996387,0.48486733606754434,-0.18708496366274974,-0.4165686159142404,0.6750489292714781,-0.26502470684465484,-0.3305438840143004,-0.4434711565216689,0.0,0.0,-0.12909944487358055,-0.18676089654314376,-0.22683596160537903,1.8177000230572529,7.5790122838264855,0.7270123133026639,0.2650247068446548,-0.18414137497317518,-0.18414137497317515,-0.2989881927333239,0.09119855128845354,0.2397647505785308,0.0,0.0,0.0,0.0,0.0,0.0,0.0,0.0,0.0,0.0,0.0,0.0,0.0,0.0,0.0,0.0,0.0,0.19790672829553885,-0.3778991208045356,-0.12909944487358055
T3_MixedBimodal_SmallAndLarge,-0.28356684940401633,0.34349958679940334,-0.23895642295256891,-0.27430237029763127,-0.5157709395996387,0.48486733606754434,-0.18708496366274974,-0.4165686159142404,0.6750489292714781,-0.26502470684465484,-0.3305438840143004,-0.4434711565216689,0.0,0.0,-0.12909944487358055,-0.18676089654314376,-0.22683596160537903,-0.2521617293622127,-0.29978599380529175,0.7270123133026639,0.2650247068446548,-0.18414137497317518,-0.18414137497317515,3.288870120066566,0.09119855128845354,0.2397647505785308,0.0,0.0,0.0,0.0,0.0,0.0,0.0,0.0,0.0,0.0,0.0,0.0,0.0,0.0,0.0,1.4049000905580207,1.498509276855661,0.19790672829553885,-0.3778991208045356,-0.12909944487358055
T4_VeryShortTtl_5to10min,-0.39701323639916314,-0.7237010465730623,-0.3533504552170966,-0.27279830051218446,-0.5763970404668144,0.5611713837432756,-0.13733934957116994,-0.4165686159142404,0.6750489292714781,-0.26502470684465484,-0.3305438840143004,-0.4434711565216689,0.0,0.0,-0.12909944487358055,-0.30288166123318133,-0.23240976121460924,-0.030390827317269956,-0.16426224253674246,-1.6250332845286943,0.2650247068446548,-0.18414137497317518,-0.18414137497317515,-0.2989881927333239,-1.1981595715482352,-0.3266086759849282,0.0,0.0,0.0,0.0,0.0,0.0,0.0,0.0,0.0,0.0,0.0,0.0,0.0,0.0,0.0,0.0,0.0,-1.1591679800167276,-0.3778991208045356,-0.12909944487358055
T5_VeryLongTtl_6to24h,-0.4490094971052721,0.1818025211369088,-0.4296131433934484,-0.2723805033495603,-0.5157709395996387,0.48486733606754434,-0.18708496366274974,-0.4165686159142404,0.6750489292714781,-0.26502470684465484,-0.3305438840143004,-0.4434711565216689,0.0,0.0,-0.12909944487358055,-0.07064013185310619,-0.21822024723762362,0.24066249740432674,-0.07873754513425989,-1.2873458975464034,0.2650247068446548,-0.18414137497317518,-0.18414137497317515,-0.2989881927333239,0.15259655713781967,-0.3266086759849282,0.0,0.0,0.0,0.0,0.0,0.0,0.0,0.0,0.0,0.0,0.0,0.0,0.0,0.0,0.0,0.0,0.0,0.19790672829553885,-0.3778991208045356,-0.12909944487358055
T6_UniformSources_RandomFromTo,-0.41718148297607816,0.21645189235029966,-0.3533504552170966,-0.2721443571272075,-0.5157709395996387,0.48486733606754434,-0.18708496366274974,-0.4165686159142404,0.6750489292714781,-0.26502470684465484,-0.3305438840143004,-0.4434711565216689,0.0,0.0,-0.12909944487358055,-0.24482127888816255,-0.2291944887391988,-0.09199385566308739,-0.12478930527405818,0.7270123133026639,0.2650247068446548,-0.18414137497317518,-0.18414137497317515,-0.2989881927333239,0.33679057468591805,0.8061381771419899,0.0,0.0,0.0,0.0,0.0,0.0,0.0,0.0,0.0,0.0,0.0,0.0,0.0,0.0,0.0,0.0,0.0,0.19790672829553885,-0.3778991208045356,-0.12909944487358055
T7_TargetedToHubs_FewDestinations,-0.28356684940401633,0.34349958679940334,-0.23895642295256891,-0.27430237029763127,-0.5157709395996387,0.48486733606754434,-0.18708496366274974,-0.4165686159142404,0.6750489292714781,-0.26502470684465484,-0.3305438840143004,-0.4434711565216689,0.0,0.0,-0.12909944487358055,-0.18676089654314376,-0.22683596160537903,-0.1659174896780683,-0.1576834196596284,0.7270123133026639,-3.710345895825168,-0.18414137497317518,5.340099874222079,-0.2989881927333239,0.09119855128845354,0.2397647505785308,0.0,0.0,0.0,0.0,0.0,0.0,0.0,0.0,0.0,0.0,0.0,0.0,0.0,0.0,0.0,0.0,0.0,0.19790672829553885,-0.3778991208045356,-0.12909944487358055
T8_BurstTraffic_TimeWindows,-0.28356684940401633,0.34349958679940334,-0.23895642295256891,-0.27430237029763127,-0.5157709395996387,0.48486733606754434,-0.18708496366274974,-0.4165686159142404,0.6750489292714781,-0.26502470684465484,-0.3305438840143004,-0.4434711565216689,0.0,0.0,-0.12909944487358055,-0.12870051419812498,-0.2234262052347561,-0.36920748321926583,-0.19057753404519862,-0.9202432329524144,-3.710345895825168,5.34009987422208,-0.18414137497317515,3.288870120066566,0.30609157176123497,-0.5531580466103119,0.0,0.0,0.0,0.0,0.0,0.0,0.0,0.0,0.0,0.0,0.0,0.0,0.0,0.0,0.0,-0.710003271572333,-0.5623426521438327,0.19790672829553885,-0.3778991208045356,-0.12909944487358055
T9_BufferStress_SmallBufferHighTraffic,-0.29112994187035945,-0.2876405727219474,-0.12456239068804123,-0.27243441266086665,-0.5157709395996387,0.48486733606754434,-0.18708496366274974,-0.4165686159142404,0.6750489292714781,-0.26502470684465484,-0.3305438840143004,-0.4434711565216689,0.0,0.0,-0.12909944487358055,-0.27385147006067195,-0.2305023663049609,-0.35935099868393505,0.01336597514533671,0.7270123133026639,0.2650247068446548,-0.18414137497317518,-0.18414137497317515,-0.2989881927333239,-1.3209555832469673,-0.3266086759849282,0.0,0.0,0.0,0.0,0.0,0.0,0.0,0.0,0.0,0.0,0.0,0.0,0.0,0.0,0.0,0.0,0.0,0.19790672829553885,-0.3778991208045356,-0.12909944487358055
