scenario_name,tree,family,map_name,group_id,movement_model,route_file,route_file_exists,route_validation_status,uses_poi_files,settings_path,notes
U1_CBD_Commuting_HelsinkiDowntown,base_scenarios,01_urban,HelsinkiDowntown,1,BusMovement,data/HelsinkiDowntown/A_bus.wkt,True,WARNING,True,scenarios/base_scenarios/01_urban/U1_CBD_Commuting_HelsinkiDowntown.settings,
U1_CBD_Commuting_HelsinkiDowntown,base_scenarios,01_urban,HelsinkiDowntown,2,WorkingDayMovement,data/HelsinkiDowntown/A_bus.wkt,True,WARNING,True,scenarios/base_scenarios/01_urban/U1_CBD_Commuting_HelsinkiDowntown.settings,
U2_SparseSuburb_HelsinkiDowntown,base_scenarios,01_urban,HelsinkiDowntown,1,BusMovement,data/HelsinkiDowntown/A_bus.wkt,True,WARNING,True,scenarios/base_scenarios/01_urban/U2_SparseSuburb_HelsinkiDowntown.settings,
U2_SparseSuburb_HelsinkiDowntown,base_scenarios,01_urban,HelsinkiDowntown,2,WorkingDayMovement,data/HelsinkiDowntown/A_bus.wkt,True,WARNING,True,scenarios/base_scenarios/01_urban/U2_SparseSuburb_HelsinkiDowntown.settings,
U3_MicroMobility_HelsinkiDowntown,base_scenarios,01_urban,HelsinkiDowntown,1,BusMovement,data/HelsinkiDowntown/A_bus.wkt,True,WARNING,True,scenarios/base_scenarios/01_urban/U3_MicroMobility_HelsinkiDowntown.settings,
U3_MicroMobility_HelsinkiDowntown,base_scenarios,01_urban,HelsinkiDowntown,2,WorkingDayMovement,data/HelsinkiDowntown/A_bus.wkt,True,WARNING,True,scenarios/base_scenarios/01_urban/U3_MicroMobility_HelsinkiDowntown.settings,
U4_CongestionHotspot_HelsinkiDowntown,base_scenarios,01_urban,HelsinkiDowntown,1,BusMovement,data/HelsinkiDowntown/A_bus.wkt,True,WARNING,True,scenarios/base_scenarios/01_urban/U4_CongestionHotspot_HelsinkiDowntown.settings,
U4_CongestionHotspot_HelsinkiDowntown,base_scenarios,01_urban,HelsinkiDowntown,2,WorkingDayMovement,data/HelsinkiDowntown/A_bus.wkt,True,WARNING,True,scenarios/base_scenarios/01_urban/U4_CongestionHotspot_HelsinkiDowntown.settings,
U5_WorkdayShort_HelsinkiDowntown,base_scenarios,01_urban,HelsinkiDowntown,1,BusMovement,data/HelsinkiDowntown/A_bus.wkt,True,WARNING,True,scenarios/base_scenarios/01_urban/U5_WorkdayShort_HelsinkiDowntown.settings,
U5_WorkdayShort_HelsinkiDowntown,base_scenarios,01_urban,HelsinkiDowntown,2,WorkingDayMovement,data/HelsinkiDowntown/A_bus.wkt,True,WARNING,True,scenarios/base_scenarios/01_urban/U5_WorkdayShort_HelsinkiDowntown.settings,
U6_OfficeWaitHeavyTail_HelsinkiDowntown,base_scenarios,01_urban,HelsinkiDowntown,1,BusMovement,data/HelsinkiDowntown/A_bus.wkt,True,WARNING,True,scenarios/base_scenarios/01_urban/U6_OfficeWaitHeavyTail_HelsinkiDowntown.settings,
U6_OfficeWaitHeavyTail_HelsinkiDowntown,base_scenarios,01_urban,HelsinkiDowntown,2,WorkingDayMovement,data/HelsinkiDowntown/A_bus.wkt,True,WARNING,True,scenarios/base_scenarios/01_urban/U6_OfficeWaitHeavyTail_HelsinkiDowntown.settings,
U7_HighTimeVariance_HelsinkiDowntown,base_scenarios,01_urban,HelsinkiDowntown,1,BusMovement,data/HelsinkiDowntown/A_bus.wkt,True,WARNING,True,scenarios/base_scenarios/01_urban/U7_HighTimeVariance_HelsinkiDowntown.settings,
U7_HighTimeVariance_HelsinkiDowntown,base_scenarios,01_urban,HelsinkiDowntown,2,WorkingDayMovement,data/HelsinkiDowntown/A_bus.wkt,True,WARNING,True,scenarios/base_scenarios/01_urban/U7_HighTimeVariance_HelsinkiDowntown.settings,
V1_TaxiLow_ManhattanMidtownGrid,base_scenarios,03_vehicles,ManhattanMidtownGrid,1,MapRouteMovement,data/ManhattanMidtownGrid/A_vehicle_route.wkt,True,WARNING,False,scenarios/base_scenarios/03_vehicles/V1_TaxiLow_ManhattanMidtownGrid.settings,
V2_TaxiHigh_ManhattanMidtownGrid,base_scenarios,03_vehicles,ManhattanMidtownGrid,1,MapRouteMovement,data/ManhattanMidtownGrid/A_vehicle_route.wkt,True,WARNING,False,scenarios/base_scenarios/03_vehicles/V2_TaxiHigh_ManhattanMidtownGrid.settings,
V3_BusOnlyCarriers_ManhattanMidtownGrid,base_scenarios,03_vehicles,ManhattanMidtownGrid,1,BusMovement,data/ManhattanMidtownGrid/A_vehicle_route.wkt,True,WARNING,False,scenarios/base_scenarios/03_vehicles/V3_BusOnlyCarriers_ManhattanMidtownGrid.settings,
V3_BusOnlyCarriers_ManhattanMidtownGrid,base_scenarios,03_vehicles,ManhattanMidtownGrid,2,BusMovement,data/ManhattanMidtownGrid/B_vehicle_route.wkt,True,PASS,False,scenarios/base_scenarios/03_vehicles/V3_BusOnlyCarriers_ManhattanMidtownGrid.settings,
V4_CarOwnership_0_ManhattanMidtownGrid,base_scenarios,03_vehicles,ManhattanMidtownGrid,1,BusMovement,data/ManhattanMidtownGrid/A_vehicle_route.wkt,True,WARNING,True,scenarios/base_scenarios/03_vehicles/V4_CarOwnership_0_ManhattanMidtownGrid.settings,
V4_CarOwnership_0_ManhattanMidtownGrid,base_scenarios,03_vehicles,ManhattanMidtownGrid,2,WorkingDayMovement,data/ManhattanMidtownGrid/A_vehicle_route.wkt,True,WARNING,True,scenarios/base_scenarios/03_vehicles/V4_CarOwnership_0_ManhattanMidtownGrid.settings,
V5_CarOwnership_100_ManhattanMidtownGrid,base_scenarios,03_vehicles,ManhattanMidtownGrid,1,BusMovement,data/ManhattanMidtownGrid/A_vehicle_route.wkt,True,WARNING,True,scenarios/base_scenarios/03_vehicles/V5_CarOwnership_100_ManhattanMidtownGrid.settings,
V5_CarOwnership_100_ManhattanMidtownGrid,base_scenarios,03_vehicles,ManhattanMidtownGrid,2,WorkingDayMovement,data/ManhattanMidtownGrid/A_vehicle_route.wkt,True,WARNING,True,scenarios/base_scenarios/03_vehicles/V5_CarOwnership_100_ManhattanMidtownGrid.settings,
R4_ParkRangers_NuuksioSparseTrails,base_scenarios,04_rural,NuuksioSparseTrails,1,MapRouteMovement,data/NuuksioSparseTrails/A_ranger_patrol.wkt,True,PASS,False,scenarios/base_scenarios/04_rural/R4_ParkRangers_NuuksioSparseTrails.settings,
D5_UAVMule_FastRoute_HelsinkiDisrupted,base_scenarios,05_disaster,HelsinkiDisrupted,1,MapRouteMovement,data/HelsinkiDisrupted/roads.wkt,True,,False,scenarios/base_scenarios/05_disaster/D5_UAVMule_FastRoute_HelsinkiDisrupted.settings,
D5_UAVMule_FastRoute_HelsinkiDisrupted,base_scenarios,05_disaster,HelsinkiDisrupted,2,MapRouteMovement,data/HelsinkiDisrupted/A_emergency_route.wkt,True,WARNING,False,scenarios/base_scenarios/05_disaster/D5_UAVMule_FastRoute_HelsinkiDisrupted.settings,
U1_CBD_Commuting_HelsinkiDowntown__TP01_Baseline,corpus_v1,01_urban,HelsinkiDowntown,1,BusMovement,data/HelsinkiDowntown/A_bus.wkt,True,WARNING,True,scenarios/corpus_v1/01_urban/U1_CBD_Commuting_HelsinkiDowntown__TP01_Baseline.settings,
U1_CBD_Commuting_HelsinkiDowntown__TP01_Baseline,corpus_v1,01_urban,HelsinkiDowntown,2,WorkingDayMovement,data/HelsinkiDowntown/A_bus.wkt,True,WARNING,True,scenarios/corpus_v1/01_urban/U1_CBD_Commuting_HelsinkiDowntown__TP01_Baseline.settings,
U1_CBD_Commuting_HelsinkiDowntown__TP02_LowLoad,corpus_v1,01_urban,HelsinkiDowntown,1,BusMovement,data/HelsinkiDowntown/A_bus.wkt,True,WARNING,True,scenarios/corpus_v1/01_urban/U1_CBD_Commuting_HelsinkiDowntown__TP02_LowLoad.settings,
U1_CBD_Commuting_HelsinkiDowntown__TP02_LowLoad,corpus_v1,01_urban,HelsinkiDowntown,2,WorkingDayMovement,data/HelsinkiDowntown/A_bus.wkt,True,WARNING,True,scenarios/corpus_v1/01_urban/U1_CBD_Commuting_HelsinkiDowntown__TP02_LowLoad.settings,
U1_CBD_Commuting_HelsinkiDowntown__TP03_ManySmall,corpus_v1,01_urban,HelsinkiDowntown,1,BusMovement,data/HelsinkiDowntown/A_bus.wkt,True,WARNING,True,scenarios/corpus_v1/01_urban/U1_CBD_Commuting_HelsinkiDowntown__TP03_ManySmall.settings,
U1_CBD_Commuting_HelsinkiDowntown__TP03_ManySmall,corpus_v1,01_urban,HelsinkiDowntown,2,WorkingDayMovement,data/HelsinkiDowntown/A_bus.wkt,True,WARNING,True,scenarios/corpus_v1/01_urban/U1_CBD_Commuting_HelsinkiDowntown__TP03_ManySmall.settings,
U1_CBD_Commuting_HelsinkiDowntown__TP04_FewLarge,corpus_v1,01_urban,HelsinkiDowntown,1,BusMovement,data/HelsinkiDowntown/A_bus.wkt,True,WARNING,True,scenarios/corpus_v1/01_urban/U1_CBD_Commuting_HelsinkiDowntown__TP04_FewLarge.settings,
U1_CBD_Commuting_HelsinkiDowntown__TP04_FewLarge,corpus_v1,01_urban,HelsinkiDowntown,2,WorkingDayMovement,data/HelsinkiDowntown/A_bus.wkt,True,WARNING,True,scenarios/corpus_v1/01_urban/U1_CBD_Commuting_HelsinkiDowntown__TP04_FewLarge.settings,
U1_CBD_Commuting_HelsinkiDowntown__TP05_CriticalTTL,corpus_v1,01_urban,HelsinkiDowntown,1,BusMovement,data/HelsinkiDowntown/A_bus.wkt,True,WARNING,True,scenarios/corpus_v1/01_urban/U1_CBD_Commuting_HelsinkiDowntown__TP05_CriticalTTL.settings,
U1_CBD_Commuting_HelsinkiDowntown__TP05_CriticalTTL,corpus_v1,01_urban,HelsinkiDowntown,2,WorkingDayMovement,data/HelsinkiDowntown/A_bus.wkt,True,WARNING,True,scenarios/corpus_v1/01_urban/U1_CBD_Commuting_HelsinkiDowntown__TP05_CriticalTTL.settings,
U1_CBD_Commuting_HelsinkiDowntown__TP06_OneToMany,corpus_v1,01_urban,HelsinkiDowntown,1,BusMovement,data/HelsinkiDowntown/A_bus.wkt,True,WARNING,True,scenarios/corpus_v1/01_urban/U1_CBD_Commuting_HelsinkiDowntown__TP06_OneToMany.settings,
U1_CBD_Commuting_HelsinkiDowntown__TP06_OneToMany,corpus_v1,01_urban,HelsinkiDowntown,2,WorkingDayMovement,data/HelsinkiDowntown/A_bus.wkt,True,WARNING,True,scenarios/corpus_v1/01_urban/U1_CBD_Commuting_HelsinkiDowntown__TP06_OneToMany.settings,
U1_CBD_Commuting_HelsinkiDowntown__TP07_BurstWindow,corpus_v1,01_urban,HelsinkiDowntown,1,BusMovement,data/HelsinkiDowntown/A_bus.wkt,True,WARNING,True,scenarios/corpus_v1/01_urban/U1_CBD_Commuting_HelsinkiDowntown__TP07_BurstWindow.settings,
U1_CBD_Commuting_HelsinkiDowntown__TP07_BurstWindow,corpus_v1,01_urban,HelsinkiDowntown,2,WorkingDayMovement,data/HelsinkiDowntown/A_bus.wkt,True,WARNING,True,scenarios/corpus_v1/01_urban/U1_CBD_Commuting_HelsinkiDowntown__TP07_BurstWindow.settings,
U1_CBD_Commuting_HelsinkiDowntown__TP08_HubTarget,corpus_v1,01_urban,HelsinkiDowntown,1,BusMovement,data/HelsinkiDowntown/A_bus.wkt,True,WARNING,True,scenarios/corpus_v1/01_urban/U1_CBD_Commuting_HelsinkiDowntown__TP08_HubTarget.settings,
U1_CBD_Commuting_HelsinkiDowntown__TP08_HubTarget,corpus_v1,01_urban,HelsinkiDowntown,2,WorkingDayMovement,data/HelsinkiDowntown/A_bus.wkt,True,WARNING,True,scenarios/corpus_v1/01_urban/U1_CBD_Commuting_HelsinkiDowntown__TP08_HubTarget.settings,
U1_CBD_Commuting_HelsinkiDowntown__TP09_Bimodal,corpus_v1,01_urban,HelsinkiDowntown,1,BusMovement,data/HelsinkiDowntown/A_bus.wkt,True,WARNING,True,scenarios/corpus_v1/01_urban/U1_CBD_Commuting_HelsinkiDowntown__TP09_Bimodal.settings,
U1_CBD_Commuting_HelsinkiDowntown__TP09_Bimodal,corpus_v1,01_urban,HelsinkiDowntown,2,WorkingDayMovement,data/HelsinkiDowntown/A_bus.wkt,True,WARNING,True,scenarios/corpus_v1/01_urban/U1_CBD_Commuting_HelsinkiDowntown__TP09_Bimodal.settings,
U1_CBD_Commuting_HelsinkiDowntown__TP10_Storm,corpus_v1,01_urban,HelsinkiDowntown,1,BusMovement,data/HelsinkiDowntown/A_bus.wkt,True,WARNING,True,scenarios/corpus_v1/01_urban/U1_CBD_Commuting_HelsinkiDowntown__TP10_Storm.settings,
U1_CBD_Commuting_HelsinkiDowntown__TP10_Storm,corpus_v1,01_urban,HelsinkiDowntown,2,WorkingDayMovement,data/HelsinkiDowntown/A_bus.wkt,True,WARNING,True,scenarios/corpus_v1/01_urban/U1_CBD_Commuting_HelsinkiDowntown__TP10_Storm.settings,
U1_CBD_Commuting_HelsinkiDowntown__TP11_ManyToOne,corpus_v1,01_urban,HelsinkiDowntown,1,BusMovement,data/HelsinkiDowntown/A_bus.wkt,True,WARNING,True,scenarios/corpus_v1/01_urban/U1_CBD_Commuting_HelsinkiDowntown__TP11_ManyToOne.settings,
U1_CBD_Commuting_HelsinkiDowntown__TP11_ManyToOne,corpus_v1,01_urban,HelsinkiDowntown,2,WorkingDayMovement,data/HelsinkiDowntown/A_bus.wkt,True,WARNING,True,scenarios/corpus_v1/01_urban/U1_CBD_Commuting_HelsinkiDowntown__TP11_ManyToOne.settings,
U1_CBD_Commuting_HelsinkiDowntown__TP12_GroupToGroup,corpus_v1,01_urban,HelsinkiDowntown,1,BusMovement,data/HelsinkiDowntown/A_bus.wkt,True,WARNING,True,scenarios/corpus_v1/01_urban/U1_CBD_Commuting_HelsinkiDowntown__TP12_GroupToGroup.settings,
U1_CBD_Commuting_HelsinkiDowntown__TP12_GroupToGroup,corpus_v1,01_urban,HelsinkiDowntown,2,WorkingDayMovement,data/HelsinkiDowntown/A_bus.wkt,True,WARNING,True,scenarios/corpus_v1/01_urban/U1_CBD_Commuting_HelsinkiDowntown__TP12_GroupToGroup.settings,
U2_SparseSuburb_HelsinkiDowntown__TP01_Baseline,corpus_v1,01_urban,HelsinkiDowntown,1,BusMovement,data/HelsinkiDowntown/A_bus.wkt,True,WARNING,True,scenarios/corpus_v1/01_urban/U2_SparseSuburb_HelsinkiDowntown__TP01_Baseline.settings,
U2_SparseSuburb_HelsinkiDowntown__TP01_Baseline,corpus_v1,01_urban,HelsinkiDowntown,2,WorkingDayMovement,data/HelsinkiDowntown/A_bus.wkt,True,WARNING,True,scenarios/corpus_v1/01_urban/U2_SparseSuburb_HelsinkiDowntown__TP01_Baseline.settings,
U2_SparseSuburb_HelsinkiDowntown__TP02_LowLoad,corpus_v1,01_urban,HelsinkiDowntown,1,BusMovement,data/HelsinkiDowntown/A_bus.wkt,True,WARNING,True,scenarios/corpus_v1/01_urban/U2_SparseSuburb_HelsinkiDowntown__TP02_LowLoad.settings,
U2_SparseSuburb_HelsinkiDowntown__TP02_LowLoad,corpus_v1,01_urban,HelsinkiDowntown,2,WorkingDayMovement,data/HelsinkiDowntown/A_bus.wkt,True,WARNING,True,scenarios/corpus_v1/01_urban/U2_SparseSuburb_HelsinkiDowntown__TP02_LowLoad.settings,
U2_SparseSuburb_HelsinkiDowntown__TP03_ManySmall,corpus_v1,01_urban,HelsinkiDowntown,1,BusMovement,data/HelsinkiDowntown/A_bus.wkt,True,WARNING,True,scenarios/corpus_v1/01_urban/U2_SparseSuburb_HelsinkiDowntown__TP03_ManySmall.settings,
U2_SparseSuburb_HelsinkiDowntown__TP03_ManySmall,corpus_v1,01_urban,HelsinkiDowntown,2,WorkingDayMovement,data/HelsinkiDowntown/A_bus.wkt,True,WARNING,True,scenarios/corpus_v1/01_urban/U2_SparseSuburb_HelsinkiDowntown__TP03_ManySmall.settings,
U2_SparseSuburb_HelsinkiDowntown__TP04_FewLarge,corpus_v1,01_urban,HelsinkiDowntown,1,BusMovement,data/HelsinkiDowntown/A_bus.wkt,True,WARNING,True,scenarios/corpus_v1/01_urban/U2_SparseSuburb_HelsinkiDowntown__TP04_FewLarge.settings,
U2_SparseSuburb_HelsinkiDowntown__TP04_FewLarge,corpus_v1,01_urban,HelsinkiDowntown,2,WorkingDayMovement,data/HelsinkiDowntown/A_bus.wkt,True,WARNING,True,scenarios/corpus_v1/01_urban/U2_SparseSuburb_HelsinkiDowntown__TP04_FewLarge.settings,
U2_SparseSuburb_HelsinkiDowntown__TP05_CriticalTTL,corpus_v1,01_urban,HelsinkiDowntown,1,BusMovement,data/HelsinkiDowntown/A_bus.wkt,True,WARNING,True,scenarios/corpus_v1/01_urban/U2_SparseSuburb_HelsinkiDowntown__TP05_CriticalTTL.settings,
U2_SparseSuburb_HelsinkiDowntown__TP05_CriticalTTL,corpus_v1,01_urban,HelsinkiDowntown,2,WorkingDayMovement,data/HelsinkiDowntown/A_bus.wkt,True,WARNING,True,scenarios/corpus_v1/01_urban/U2_SparseSuburb_HelsinkiDowntown__TP05_CriticalTTL.settings,
U2_SparseSuburb_HelsinkiDowntown__TP06_OneToMany,corpus_v1,01_urban,HelsinkiDowntown,1,BusMovement,data/HelsinkiDowntown/A_bus.wkt,True,WARNING,True,scenarios/corpus_v1/01_urban/U2_SparseSuburb_HelsinkiDowntown__TP06_OneToMany.settings,
U2_SparseSuburb_HelsinkiDowntown__TP06_OneToMany,corpus_v1,01_urban,HelsinkiDowntown,2,WorkingDayMovement,data/HelsinkiDowntown/A_bus.wkt,True,WARNING,True,scenarios/corpus_v1/01_urban/U2_SparseSuburb_HelsinkiDowntown__TP06_OneToMany.settings,
U2_SparseSuburb_HelsinkiDowntown__TP07_BurstWindow,corpus_v1,01_urban,HelsinkiDowntown,1,BusMovement,data/HelsinkiDowntown/A_bus.wkt,True,WARNING,True,scenarios/corpus_v1/01_urban/U2_SparseSuburb_HelsinkiDowntown__TP07_BurstWindow.settings,
U2_SparseSuburb_HelsinkiDowntown__TP07_BurstWindow,corpus_v1,01_urban,HelsinkiDowntown,2,WorkingDayMovement,data/HelsinkiDowntown/A_bus.wkt,True,WARNING,True,scenarios/corpus_v1/01_urban/U2_SparseSuburb_HelsinkiDowntown__TP07_BurstWindow.settings,
U2_SparseSuburb_HelsinkiDowntown__TP08_HubTarget,corpus_v1,01_urban,HelsinkiDowntown,1,BusMovement,data/HelsinkiDowntown/A_bus.wkt,True,WARNING,True,scenarios/corpus_v1/01_urban/U2_SparseSuburb_HelsinkiDowntown__TP08_HubTarget.settings,
U2_SparseSuburb_HelsinkiDowntown__TP08_HubTarget,corpus_v1,01_urban,HelsinkiDowntown,2,WorkingDayMovement,data/HelsinkiDowntown/A_bus.wkt,True,WARNING,True,scenarios/corpus_v1/01_urban/U2_SparseSuburb_HelsinkiDowntown__TP08_HubTarget.settings,
U2_SparseSuburb_HelsinkiDowntown__TP09_Bimodal,corpus_v1,01_urban,HelsinkiDowntown,1,BusMovement,data/HelsinkiDowntown/A_bus.wkt,True,WARNING,True,scenarios/corpus_v1/01_urban/U2_SparseSuburb_HelsinkiDowntown__TP09_Bimodal.settings,
U2_SparseSuburb_HelsinkiDowntown__TP09_Bimodal,corpus_v1,01_urban,HelsinkiDowntown,2,WorkingDayMovement,data/HelsinkiDowntown/A_bus.wkt,True,WARNING,True,scenarios/corpus_v1/01_urban/U2_SparseSuburb_HelsinkiDowntown__TP09_Bimodal.settings,
U2_SparseSuburb_HelsinkiDowntown__TP10_Storm,corpus_v1,01_urban,HelsinkiDowntown,1,BusMovement,data/HelsinkiDowntown/A_bus.wkt,True,WARNING,True,scenarios/corpus_v1/01_urban/U2_SparseSuburb_HelsinkiDowntown__TP10_Storm.settings,
U2_SparseSuburb_HelsinkiDowntown__TP10_Storm,corpus_v1,01_urban,HelsinkiDowntown,2,WorkingDayMovement,data/HelsinkiDowntown/A_bus.wkt,True,WARNING,True,scenarios/corpus_v1/01_urban/U2_SparseSuburb_HelsinkiDowntown__TP10_Storm.settings,
U2_SparseSuburb_HelsinkiDowntown__TP11_ManyToOne,corpus_v1,01_urban,HelsinkiDowntown,1,BusMovement,data/HelsinkiDowntown/A_bus.wkt,True,WARNING,True,scenarios/corpus_v1/01_urban/U2_SparseSuburb_HelsinkiDowntown__TP11_ManyToOne.settings,
U2_SparseSuburb_HelsinkiDowntown__TP11_ManyToOne,corpus_v1,01_urban,HelsinkiDowntown,2,WorkingDayMovement,data/HelsinkiDowntown/A_bus.wkt,True,WARNING,True,scenarios/corpus_v1/01_urban/U2_SparseSuburb_HelsinkiDowntown__TP11_ManyToOne.settings,
U2_SparseSuburb_HelsinkiDowntown__TP12_GroupToGroup,corpus_v1,01_urban,HelsinkiDowntown,1,BusMovement,data/HelsinkiDowntown/A_bus.wkt,True,WARNING,True,scenarios/corpus_v1/01_urban/U2_SparseSuburb_HelsinkiDowntown__TP12_GroupToGroup.settings,
U2_SparseSuburb_HelsinkiDowntown__TP12_GroupToGroup,corpus_v1,01_urban,HelsinkiDowntown,2,WorkingDayMovement,data/HelsinkiDowntown/A_bus.wkt,True,WARNING,True,scenarios/corpus_v1/01_urban/U2_SparseSuburb_HelsinkiDowntown__TP12_GroupToGroup.settings,
U3_MicroMobility_HelsinkiDowntown__TP01_Baseline,corpus_v1,01_urban,HelsinkiDowntown,1,BusMovement,data/HelsinkiDowntown/A_bus.wkt,True,WARNING,True,scenarios/corpus_v1/01_urban/U3_MicroMobility_HelsinkiDowntown__TP01_Baseline.settings,
U3_MicroMobility_HelsinkiDowntown__TP01_Baseline,corpus_v1,01_urban,HelsinkiDowntown,2,WorkingDayMovement,data/HelsinkiDowntown/A_bus.wkt,True,WARNING,True,scenarios/corpus_v1/01_urban/U3_MicroMobility_HelsinkiDowntown__TP01_Baseline.settings,
U3_MicroMobility_HelsinkiDowntown__TP02_LowLoad,corpus_v1,01_urban,HelsinkiDowntown,1,BusMovement,data/HelsinkiDowntown/A_bus.wkt,True,WARNING,True,scenarios/corpus_v1/01_urban/U3_MicroMobility_HelsinkiDowntown__TP02_LowLoad.settings,
U3_MicroMobility_HelsinkiDowntown__TP02_LowLoad,corpus_v1,01_urban,HelsinkiDowntown,2,WorkingDayMovement,data/HelsinkiDowntown/A_bus.wkt,True,WARNING,True,scenarios/corpus_v1/01_urban/U3_MicroMobility_HelsinkiDowntown__TP02_LowLoad.settings,
U3_MicroMobility_HelsinkiDowntown__TP03_ManySmall,corpus_v1,01_urban,HelsinkiDowntown,1,BusMovement,data/HelsinkiDowntown/A_bus.wkt,True,WARNING,True,scenarios/corpus_v1/01_urban/U3_MicroMobility_HelsinkiDowntown__TP03_ManySmall.settings,
U3_MicroMobility_HelsinkiDowntown__TP03_ManySmall,corpus_v1,01_urban,HelsinkiDowntown,2,WorkingDayMovement,data/HelsinkiDowntown/A_bus.wkt,True,WARNING,True,scenarios/corpus_v1/01_urban/U3_MicroMobility_HelsinkiDowntown__TP03_ManySmall.settings,
U3_MicroMobility_HelsinkiDowntown__TP04_FewLarge,corpus_v1,01_urban,HelsinkiDowntown,1,BusMovement,data/HelsinkiDowntown/A_bus.wkt,True,WARNING,True,scenarios/corpus_v1/01_urban/U3_MicroMobility_HelsinkiDowntown__TP04_FewLarge.settings,
U3_MicroMobility_HelsinkiDowntown__TP04_FewLarge,corpus_v1,01_urban,HelsinkiDowntown,2,WorkingDayMovement,data/HelsinkiDowntown/A_bus.wkt,True,WARNING,True,scenarios/corpus_v1/01_urban/U3_MicroMobility_HelsinkiDowntown__TP04_FewLarge.settings,
U3_MicroMobility_HelsinkiDowntown__TP05_CriticalTTL,corpus_v1,01_urban,HelsinkiDowntown,1,BusMovement,data/HelsinkiDowntown/A_bus.wkt,True,WARNING,True,scenarios/corpus_v1/01_urban/U3_MicroMobility_HelsinkiDowntown__TP05_CriticalTTL.settings,
U3_MicroMobility_HelsinkiDowntown__TP05_CriticalTTL,corpus_v1,01_urban,HelsinkiDowntown,2,WorkingDayMovement,data/HelsinkiDowntown/A_bus.wkt,True,WARNING,True,scenarios/corpus_v1/01_urban/U3_MicroMobility_HelsinkiDowntown__TP05_CriticalTTL.settings,
U3_MicroMobility_HelsinkiDowntown__TP06_OneToMany,corpus_v1,01_urban,HelsinkiDowntown,1,BusMovement,data/HelsinkiDowntown/A_bus.wkt,True,WARNING,True,scenarios/corpus_v1/01_urban/U3_MicroMobility_HelsinkiDowntown__TP06_OneToMany.settings,
U3_MicroMobility_HelsinkiDowntown__TP06_OneToMany,corpus_v1,01_urban,HelsinkiDowntown,2,WorkingDayMovement,data/HelsinkiDowntown/A_bus.wkt,True,WARNING,True,scenarios/corpus_v1/01_urban/U3_MicroMobility_HelsinkiDowntown__TP06_OneToMany.settings,
U3_MicroMobility_HelsinkiDowntown__TP07_BurstWindow,corpus_v1,01_urban,HelsinkiDowntown,1,BusMovement,data/HelsinkiDowntown/A_bus.wkt,True,WARNING,True,scenarios/corpus_v1/01_urban/U3_MicroMobility_HelsinkiDowntown__TP07_BurstWindow.settings,
U3_MicroMobility_HelsinkiDowntown__TP07_BurstWindow,corpus_v1,01_urban,HelsinkiDowntown,2,WorkingDayMovement,data/HelsinkiDowntown/A_bus.wkt,True,WARNING,True,scenarios/corpus_v1/01_urban/U3_MicroMobility_HelsinkiDowntown__TP07_BurstWindow.settings,
U3_MicroMobility_HelsinkiDowntown__TP08_HubTarget,corpus_v1,01_urban,HelsinkiDowntown,1,BusMovement,data/HelsinkiDowntown/A_bus.wkt,True,WARNING,True,scenarios/corpus_v1/01_urban/U3_MicroMobility_HelsinkiDowntown__TP08_HubTarget.settings,
U3_MicroMobility_HelsinkiDowntown__TP08_HubTarget,corpus_v1,01_urban,HelsinkiDowntown,2,WorkingDayMovement,data/HelsinkiDowntown/A_bus.wkt,True,WARNING,True,scenarios/corpus_v1/01_urban/U3_MicroMobility_HelsinkiDowntown__TP08_HubTarget.settings,
U3_MicroMobility_HelsinkiDowntown__TP09_Bimodal,corpus_v1,01_urban,HelsinkiDowntown,1,BusMovement,data/HelsinkiDowntown/A_bus.wkt,True,WARNING,True,scenarios/corpus_v1/01_urban/U3_MicroMobility_HelsinkiDowntown__TP09_Bimodal.settings,
U3_MicroMobility_HelsinkiDowntown__TP09_Bimodal,corpus_v1,01_urban,HelsinkiDowntown,2,WorkingDayMovement,data/HelsinkiDowntown/A_bus.wkt,True,WARNING,True,scenarios/corpus_v1/01_urban/U3_MicroMobility_HelsinkiDowntown__TP09_Bimodal.settings,
U3_MicroMobility_HelsinkiDowntown__TP10_Storm,corpus_v1,01_urban,HelsinkiDowntown,1,BusMovement,data/HelsinkiDowntown/A_bus.wkt,True,WARNING,True,scenarios/corpus_v1/01_urban/U3_MicroMobility_HelsinkiDowntown__TP10_Storm.settings,
U3_MicroMobility_HelsinkiDowntown__TP10_Storm,corpus_v1,01_urban,HelsinkiDowntown,2,WorkingDayMovement,data/HelsinkiDowntown/A_bus.wkt,True,WARNING,True,scenarios/corpus_v1/01_urban/U3_MicroMobility_HelsinkiDowntown__TP10_Storm.settings,
U3_MicroMobility_HelsinkiDowntown__TP11_ManyToOne,corpus_v1,01_urban,HelsinkiDowntown,1,BusMovement,data/HelsinkiDowntown/A_bus.wkt,True,WARNING,True,scenarios/corpus_v1/01_urban/U3_MicroMobility_HelsinkiDowntown__TP11_ManyToOne.settings,
U3_MicroMobility_HelsinkiDowntown__TP11_ManyToOne,corpus_v1,01_urban,HelsinkiDowntown,2,WorkingDayMovement,data/HelsinkiDowntown/A_bus.wkt,True,WARNING,True,scenarios/corpus_v1/01_urban/U3_MicroMobility_HelsinkiDowntown__TP11_ManyToOne.settings,
U3_MicroMobility_HelsinkiDowntown__TP12_GroupToGroup,corpus_v1,01_urban,HelsinkiDowntown,1,BusMovement,data/HelsinkiDowntown/A_bus.wkt,True,WARNING,True,scenarios/corpus_v1/01_urban/U3_MicroMobility_HelsinkiDowntown__TP12_GroupToGroup.settings,
U3_MicroMobility_HelsinkiDowntown__TP12_GroupToGroup,corpus_v1,01_urban,HelsinkiDowntown,2,WorkingDayMovement,data/HelsinkiDowntown/A_bus.wkt,True,WARNING,True,scenarios/corpus_v1/01_urban/U3_MicroMobility_HelsinkiDowntown__TP12_GroupToGroup.settings,
U4_CongestionHotspot_HelsinkiDowntown__TP01_Baseline,corpus_v1,01_urban,HelsinkiDowntown,1,BusMovement,data/HelsinkiDowntown/A_bus.wkt,True,WARNING,True,scenarios/corpus_v1/01_urban/U4_CongestionHotspot_HelsinkiDowntown__TP01_Baseline.settings,
U4_CongestionHotspot_HelsinkiDowntown__TP01_Baseline,corpus_v1,01_urban,HelsinkiDowntown,2,WorkingDayMovement,data/HelsinkiDowntown/A_bus.wkt,True,WARNING,True,scenarios/corpus_v1/01_urban/U4_CongestionHotspot_HelsinkiDowntown__TP01_Baseline.settings,
U4_CongestionHotspot_HelsinkiDowntown__TP02_LowLoad,corpus_v1,01_urban,HelsinkiDowntown,1,BusMovement,data/HelsinkiDowntown/A_bus.wkt,True,WARNING,True,scenarios/corpus_v1/01_urban/U4_CongestionHotspot_HelsinkiDowntown__TP02_LowLoad.settings,
U4_CongestionHotspot_HelsinkiDowntown__TP02_LowLoad,corpus_v1,01_urban,HelsinkiDowntown,2,WorkingDayMovement,data/HelsinkiDowntown/A_bus.wkt,True,WARNING,True,scenarios/corpus_v1/01_urban/U4_CongestionHotspot_HelsinkiDowntown__TP02_LowLoad.settings,
U4_CongestionHotspot_HelsinkiDowntown__TP03_ManySmall,corpus_v1,01_urban,HelsinkiDowntown,1,BusMovement,data/HelsinkiDowntown/A_bus.wkt,True,WARNING,True,scenarios/corpus_v1/01_urban/U4_CongestionHotspot_HelsinkiDowntown__TP03_ManySmall.settings,
U4_CongestionHotspot_HelsinkiDowntown__TP03_ManySmall,corpus_v1,01_urban,HelsinkiDowntown,2,WorkingDayMovement,data/HelsinkiDowntown/A_bus.wkt,True,WARNING,True,scenarios/corpus_v1/01_urban/U4_CongestionHotspot_HelsinkiDowntown__TP03_ManySmall.settings,
U4_CongestionHotspot_HelsinkiDowntown__TP04_FewLarge,corpus_v1,01_urban,HelsinkiDowntown,1,BusMovement,data/HelsinkiDowntown/A_bus.wkt,True,WARNING,True,scenarios/corpus_v1/01_urban/U4_CongestionHotspot_HelsinkiDowntown__TP04_FewLarge.settings,
U4_CongestionHotspot_HelsinkiDowntown__TP04_FewLarge,corpus_v1,01_urban,HelsinkiDowntown,2,WorkingDayMovement,data/HelsinkiDowntown/A_bus.wkt,True,WARNING,True,scenarios/corpus_v1/01_urban/U4_CongestionHotspot_HelsinkiDowntown__TP04_FewLarge.settings,
U4_CongestionHotspot_HelsinkiDowntown__TP05_CriticalTTL,corpus_v1,01_urban,HelsinkiDowntown,1,BusMovement,data/HelsinkiDowntown/A_bus.wkt,True,WARNING,True,scenarios/corpus_v1/01_urban/U4_CongestionHotspot_HelsinkiDowntown__TP05_CriticalTTL.settings,
U4_CongestionHotspot_HelsinkiDowntown__TP05_CriticalTTL,corpus_v1,01_urban,HelsinkiDowntown,2,WorkingDayMovement,data/HelsinkiDowntown/A_bus.wkt,True,WARNING,True,scenarios/corpus_v1/01_urban/U4_CongestionHotspot_HelsinkiDowntown__TP05_CriticalTTL.settings,
U4_CongestionHotspot_HelsinkiDowntown__TP06_OneToMany,corpus_v1,01_urban,HelsinkiDowntown,1,BusMovement,data/HelsinkiDowntown/A_bus.wkt,True,WARNING,True,scenarios/corpus_v1/01_urban/U4_CongestionHotspot_HelsinkiDowntown__TP06_OneToMany.settings,
U4_CongestionHotspot_HelsinkiDowntown__TP06_OneToMany,corpus_v1,01_urban,HelsinkiDowntown,2,WorkingDayMovement,data/HelsinkiDowntown/A_bus.wkt,True,WARNING,True,scenarios/corpus_v1/01_urban/U4_CongestionHotspot_HelsinkiDowntown__TP06_OneToMany.settings,
U4_CongestionHotspot_HelsinkiDowntown__TP07_BurstWindow,corpus_v1,01_urban,HelsinkiDowntown,1,BusMovement,data/HelsinkiDowntown/A_bus.wkt,True,WARNING,True,scenarios/corpus_v1/01_urban/U4_CongestionHotspot_HelsinkiDowntown__TP07_BurstWindow.settings,
U4_CongestionHotspot_HelsinkiDowntown__TP07_BurstWindow,corpus_v1,01_urban,HelsinkiDowntown,2,WorkingDayMovement,data/HelsinkiDowntown/A_bus.wkt,True,WARNING,True,scenarios/corpus_v1/01_urban/U4_CongestionHotspot_HelsinkiDowntown__TP07_BurstWindow.settings,
U4_CongestionHotspot_HelsinkiDowntown__TP08_HubTarget,corpus_v1,01_urban,HelsinkiDowntown,1,BusMovement,data/HelsinkiDowntown/A_bus.wkt,True,WARNING,True,scenarios/corpus_v1/01_urban/U4_CongestionHotspot_HelsinkiDowntown__TP08_HubTarget.settings,
U4_CongestionHotspot_HelsinkiDowntown__TP08_HubTarget,corpus_v1,01_urban,HelsinkiDowntown,2,WorkingDayMovement,data/HelsinkiDowntown/A_bus.wkt,True,WARNING,True,scenarios/corpus_v1/01_urban/U4_CongestionHotspot_HelsinkiDowntown__TP08_HubTarget.settings,
U4_CongestionHotspot_HelsinkiDowntown__TP09_Bimodal,corpus_v1,01_urban,HelsinkiDowntown,1,BusMovement,data/HelsinkiDowntown/A_bus.wkt,True,WARNING,True,scenarios/corpus_v1/01_urban/U4_CongestionHotspot_HelsinkiDowntown__TP09_Bimodal.settings,
U4_CongestionHotspot_HelsinkiDowntown__TP09_Bimodal,corpus_v1,01_urban,HelsinkiDowntown,2,WorkingDayMovement,data/HelsinkiDowntown/A_bus.wkt,True,WARNING,True,scenarios/corpus_v1/01_urban/U4_CongestionHotspot_HelsinkiDowntown__TP09_Bimodal.settings,
U4_CongestionHotspot_HelsinkiDowntown__TP10_Storm,corpus_v1,01_urban,HelsinkiDowntown,1,BusMovement,data/HelsinkiDowntown/A_bus.wkt,True,WARNING,True,scenarios/corpus_v1/01_urban/U4_CongestionHotspot_HelsinkiDowntown__TP10_Storm.settings,
U4_CongestionHotspot_HelsinkiDowntown__TP10_Storm,corpus_v1,01_urban,HelsinkiDowntown,2,WorkingDayMovement,data/HelsinkiDowntown/A_bus.wkt,True,WARNING,True,scenarios/corpus_v1/01_urban/U4_CongestionHotspot_HelsinkiDowntown__TP10_Storm.settings,
U4_CongestionHotspot_HelsinkiDowntown__TP11_ManyToOne,corpus_v1,01_urban,HelsinkiDowntown,1,BusMovement,data/HelsinkiDowntown/A_bus.wkt,True,WARNING,True,scenarios/corpus_v1/01_urban/U4_CongestionHotspot_HelsinkiDowntown__TP11_ManyToOne.settings,
U4_CongestionHotspot_HelsinkiDowntown__TP11_ManyToOne,corpus_v1,01_urban,HelsinkiDowntown,2,WorkingDayMovement,data/HelsinkiDowntown/A_bus.wkt,True,WARNING,True,scenarios/corpus_v1/01_urban/U4_CongestionHotspot_HelsinkiDowntown__TP11_ManyToOne.settings,
U4_CongestionHotspot_HelsinkiDowntown__TP12_GroupToGroup,corpus_v1,01_urban,HelsinkiDowntown,1,BusMovement,data/HelsinkiDowntown/A_bus.wkt,True,WARNING,True,scenarios/corpus_v1/01_urban/U4_CongestionHotspot_HelsinkiDowntown__TP12_GroupToGroup.settings,
U4_CongestionHotspot_HelsinkiDowntown__TP12_GroupToGroup,corpus_v1,01_urban,HelsinkiDowntown,2,WorkingDayMovement,data/HelsinkiDowntown/A_bus.wkt,True,WARNING,True,scenarios/corpus_v1/01_urban/U4_CongestionHotspot_HelsinkiDowntown__TP12_GroupToGroup.settings,
U5_WorkdayShort_HelsinkiDowntown__TP01_Baseline,corpus_v1,01_urban,HelsinkiDowntown,1,BusMovement,data/HelsinkiDowntown/A_bus.wkt,True,WARNING,True,scenarios/corpus_v1/01_urban/U5_WorkdayShort_HelsinkiDowntown__TP01_Baseline.settings,
U5_WorkdayShort_HelsinkiDowntown__TP01_Baseline,corpus_v1,01_urban,HelsinkiDowntown,2,WorkingDayMovement,data/HelsinkiDowntown/A_bus.wkt,True,WARNING,True,scenarios/corpus_v1/01_urban/U5_WorkdayShort_HelsinkiDowntown__TP01_Baseline.settings,
U5_WorkdayShort_HelsinkiDowntown__TP02_LowLoad,corpus_v1,01_urban,HelsinkiDowntown,1,BusMovement,data/HelsinkiDowntown/A_bus.wkt,True,WARNING,True,scenarios/corpus_v1/01_urban/U5_WorkdayShort_HelsinkiDowntown__TP02_LowLoad.settings,
U5_WorkdayShort_HelsinkiDowntown__TP02_LowLoad,corpus_v1,01_urban,HelsinkiDowntown,2,WorkingDayMovement,data/HelsinkiDowntown/A_bus.wkt,True,WARNING,True,scenarios/corpus_v1/01_urban/U5_WorkdayShort_HelsinkiDowntown__TP02_LowLoad.settings,
U5_WorkdayShort_HelsinkiDowntown__TP03_ManySmall,corpus_v1,01_urban,HelsinkiDowntown,1,BusMovement,data/HelsinkiDowntown/A_bus.wkt,True,WARNING,True,scenarios/corpus_v1/01_urban/U5_WorkdayShort_HelsinkiDowntown__TP03_ManySmall.settings,
U5_WorkdayShort_HelsinkiDowntown__TP03_ManySmall,corpus_v1,01_urban,HelsinkiDowntown,2,WorkingDayMovement,data/HelsinkiDowntown/A_bus.wkt,True,WARNING,True,scenarios/corpus_v1/01_urban/U5_WorkdayShort_HelsinkiDowntown__TP03_ManySmall.settings,
U5_WorkdayShort_HelsinkiDowntown__TP04_FewLarge,corpus_v1,01_urban,HelsinkiDowntown,1,BusMovement,data/HelsinkiDowntown/A_bus.wkt,True,WARNING,True,scenarios/corpus_v1/01_urban/U5_WorkdayShort_HelsinkiDowntown__TP04_FewLarge.settings,
U5_WorkdayShort_HelsinkiDowntown__TP04_FewLarge,corpus_v1,01_urban,HelsinkiDowntown,2,WorkingDayMovement,data/HelsinkiDowntown/A_bus.wkt,True,WARNING,True,scenarios/corpus_v1/01_urban/U5_WorkdayShort_HelsinkiDowntown__TP04_FewLarge.settings,
U5_WorkdayShort_HelsinkiDowntown__TP05_CriticalTTL,corpus_v1,01_urban,HelsinkiDowntown,1,BusMovement,data/HelsinkiDowntown/A_bus.wkt,True,WARNING,True,scenarios/corpus_v1/01_urban/U5_WorkdayShort_HelsinkiDowntown__TP05_CriticalTTL.settings,
U5_WorkdayShort_HelsinkiDowntown__TP05_CriticalTTL,corpus_v1,01_urban,HelsinkiDowntown,2,WorkingDayMovement,data/HelsinkiDowntown/A_bus.wkt,True,WARNING,True,scenarios/corpus_v1/01_urban/U5_WorkdayShort_HelsinkiDowntown__TP05_CriticalTTL.settings,
U5_WorkdayShort_HelsinkiDowntown__TP06_OneToMany,corpus_v1,01_urban,HelsinkiDowntown,1,BusMovement,data/HelsinkiDowntown/A_bus.wkt,True,WARNING,True,scenarios/corpus_v1/01_urban/U5_WorkdayShort_HelsinkiDowntown__TP06_OneToMany.settings,
U5_WorkdayShort_HelsinkiDowntown__TP06_OneToMany,corpus_v1,01_urban,HelsinkiDowntown,2,WorkingDayMovement,data/HelsinkiDowntown/A_bus.wkt,True,WARNING,True,scenarios/corpus_v1/01_urban/U5_WorkdayShort_HelsinkiDowntown__TP06_OneToMany.settings,
U5_WorkdayShort_HelsinkiDowntown__TP07_BurstWindow,corpus_v1,01_urban,HelsinkiDowntown,1,BusMovement,data/HelsinkiDowntown/A_bus.wkt,True,WARNING,True,scenarios/corpus_v1/01_urban/U5_WorkdayShort_HelsinkiDowntown__TP07_BurstWindow.settings,
U5_WorkdayShort_HelsinkiDowntown__TP07_BurstWindow,corpus_v1,01_urban,HelsinkiDowntown,2,WorkingDayMovement,data/HelsinkiDowntown/A_bus.wkt,True,WARNING,True,scenarios/corpus_v1/01_urban/U5_WorkdayShort_HelsinkiDowntown__TP07_BurstWindow.settings,
U5_WorkdayShort_HelsinkiDowntown__TP08_HubTarget,corpus_v1,01_urban,HelsinkiDowntown,1,BusMovement,data/HelsinkiDowntown/A_bus.wkt,True,WARNING,True,scenarios/corpus_v1/01_urban/U5_WorkdayShort_HelsinkiDowntown__TP08_HubTarget.settings,
U5_WorkdayShort_HelsinkiDowntown__TP08_HubTarget,corpus_v1,01_urban,HelsinkiDowntown,2,WorkingDayMovement,data/HelsinkiDowntown/A_bus.wkt,True,WARNING,True,scenarios/corpus_v1/01_urban/U5_WorkdayShort_HelsinkiDowntown__TP08_HubTarget.settings,
U5_WorkdayShort_HelsinkiDowntown__TP09_Bimodal,corpus_v1,01_urban,HelsinkiDowntown,1,BusMovement,data/HelsinkiDowntown/A_bus.wkt,True,WARNING,True,scenarios/corpus_v1/01_urban/U5_WorkdayShort_HelsinkiDowntown__TP09_Bimodal.settings,
U5_WorkdayShort_HelsinkiDowntown__TP09_Bimodal,corpus_v1,01_urban,HelsinkiDowntown,2,WorkingDayMovement,data/HelsinkiDowntown/A_bus.wkt,True,WARNING,True,scenarios/corpus_v1/01_urban/U5_WorkdayShort_HelsinkiDowntown__TP09_Bimodal.settings,
U5_WorkdayShort_HelsinkiDowntown__TP10_Storm,corpus_v1,01_urban,HelsinkiDowntown,1,BusMovement,data/HelsinkiDowntown/A_bus.wkt,True,WARNING,True,scenarios/corpus_v1/01_urban/U5_WorkdayShort_HelsinkiDowntown__TP10_Storm.settings,
U5_WorkdayShort_HelsinkiDowntown__TP10_Storm,corpus_v1,01_urban,HelsinkiDowntown,2,WorkingDayMovement,data/HelsinkiDowntown/A_bus.wkt,True,WARNING,True,scenarios/corpus_v1/01_urban/U5_WorkdayShort_HelsinkiDowntown__TP10_Storm.settings,
U5_WorkdayShort_HelsinkiDowntown__TP11_ManyToOne,corpus_v1,01_urban,HelsinkiDowntown,1,BusMovement,data/HelsinkiDowntown/A_bus.wkt,True,WARNING,True,scenarios/corpus_v1/01_urban/U5_WorkdayShort_HelsinkiDowntown__TP11_ManyToOne.settings,
U5_WorkdayShort_HelsinkiDowntown__TP11_ManyToOne,corpus_v1,01_urban,HelsinkiDowntown,2,WorkingDayMovement,data/HelsinkiDowntown/A_bus.wkt,True,WARNING,True,scenarios/corpus_v1/01_urban/U5_WorkdayShort_HelsinkiDowntown__TP11_ManyToOne.settings,
U5_WorkdayShort_HelsinkiDowntown__TP12_GroupToGroup,corpus_v1,01_urban,HelsinkiDowntown,1,BusMovement,data/HelsinkiDowntown/A_bus.wkt,True,WARNING,True,scenarios/corpus_v1/01_urban/U5_WorkdayShort_HelsinkiDowntown__TP12_GroupToGroup.settings,
U5_WorkdayShort_HelsinkiDowntown__TP12_GroupToGroup,corpus_v1,01_urban,HelsinkiDowntown,2,WorkingDayMovement,data/HelsinkiDowntown/A_bus.wkt,True,WARNING,True,scenarios/corpus_v1/01_urban/U5_WorkdayShort_HelsinkiDowntown__TP12_GroupToGroup.settings,
U6_OfficeWaitHeavyTail_HelsinkiDowntown__TP01_Baseline,corpus_v1,01_urban,HelsinkiDowntown,1,BusMovement,data/HelsinkiDowntown/A_bus.wkt,True,WARNING,True,scenarios/corpus_v1/01_urban/U6_OfficeWaitHeavyTail_HelsinkiDowntown__TP01_Baseline.settings,
U6_OfficeWaitHeavyTail_HelsinkiDowntown__TP01_Baseline,corpus_v1,01_urban,HelsinkiDowntown,2,WorkingDayMovement,data/HelsinkiDowntown/A_bus.wkt,True,WARNING,True,scenarios/corpus_v1/01_urban/U6_OfficeWaitHeavyTail_HelsinkiDowntown__TP01_Baseline.settings,
U6_OfficeWaitHeavyTail_HelsinkiDowntown__TP02_LowLoad,corpus_v1,01_urban,HelsinkiDowntown,1,BusMovement,data/HelsinkiDowntown/A_bus.wkt,True,WARNING,True,scenarios/corpus_v1/01_urban/U6_OfficeWaitHeavyTail_HelsinkiDowntown__TP02_LowLoad.settings,
U6_OfficeWaitHeavyTail_HelsinkiDowntown__TP02_LowLoad,corpus_v1,01_urban,HelsinkiDowntown,2,WorkingDayMovement,data/HelsinkiDowntown/A_bus.wkt,True,WARNING,True,scenarios/corpus_v1/01_urban/U6_OfficeWaitHeavyTail_HelsinkiDowntown__TP02_LowLoad.settings,
U6_OfficeWaitHeavyTail_HelsinkiDowntown__TP03_ManySmall,corpus_v1,01_urban,HelsinkiDowntown,1,BusMovement,data/HelsinkiDowntown/A_bus.wkt,True,WARNING,True,scenarios/corpus_v1/01_urban/U6_OfficeWaitHeavyTail_HelsinkiDowntown__TP03_ManySmall.settings,
U6_OfficeWaitHeavyTail_HelsinkiDowntown__TP03_ManySmall,corpus_v1,01_urban,HelsinkiDowntown,2,WorkingDayMovement,data/HelsinkiDowntown/A_bus.wkt,True,WARNING,True,scenarios/corpus_v1/01_urban/U6_OfficeWaitHeavyTail_HelsinkiDowntown__TP03_ManySmall.settings,
U6_OfficeWaitHeavyTail_HelsinkiDowntown__TP04_FewLarge,corpus_v1,01_urban,HelsinkiDowntown,1,BusMovement,data/HelsinkiDowntown/A_bus.wkt,True,WARNING,True,scenarios/corpus_v1/01_urban/U6_OfficeWaitHeavyTail_HelsinkiDowntown__TP04_FewLarge.settings,
U6_OfficeWaitHeavyTail_HelsinkiDowntown__TP04_FewLarge,corpus_v1,01_urban,HelsinkiDowntown,2,WorkingDayMovement,data/HelsinkiDowntown/A_bus.wkt,True,WARNING,True,scenarios/corpus_v1/01_urban/U6_OfficeWaitHeavyTail_HelsinkiDowntown__TP04_FewLarge.settings,
U6_OfficeWaitHeavyTail_HelsinkiDowntown__TP05_CriticalTTL,corpus_v1,01_urban,HelsinkiDowntown,1,BusMovement,data/HelsinkiDowntown/A_bus.wkt,True,WARNING,True,scenarios/corpus_v1/01_urban/U6_OfficeWaitHeavyTail_HelsinkiDowntown__TP05_CriticalTTL.settings,
U6_OfficeWaitHeavyTail_HelsinkiDowntown__TP05_CriticalTTL,corpus_v1,01_urban,HelsinkiDowntown,2,WorkingDayMovement,data/HelsinkiDowntown/A_bus.wkt,True,WARNING,True,scenarios/corpus_v1/01_urban/U6_OfficeWaitHeavyTail_HelsinkiDowntown__TP05_CriticalTTL.settings,
U6_OfficeWaitHeavyTail_HelsinkiDowntown__TP06_OneToMany,corpus_v1,01_urban,HelsinkiDowntown,1,BusMovement,data/HelsinkiDowntown/A_bus.wkt,True,WARNING,True,scenarios/corpus_v1/01_urban/U6_OfficeWaitHeavyTail_HelsinkiDowntown__TP06_OneToMany.settings,
U6_OfficeWaitHeavyTail_HelsinkiDowntown__TP06_OneToMany,corpus_v1,01_urban,HelsinkiDowntown,2,WorkingDayMovement,data/HelsinkiDowntown/A_bus.wkt,True,WARNING,True,scenarios/corpus_v1/01_urban/U6_OfficeWaitHeavyTail_HelsinkiDowntown__TP06_OneToMany.settings,
U6_OfficeWaitHeavyTail_HelsinkiDowntown__TP07_BurstWindow,corpus_v1,01_urban,HelsinkiDowntown,1,BusMovement,data/HelsinkiDowntown/A_bus.wkt,True,WARNING,True,scenarios/corpus_v1/01_urban/U6_OfficeWaitHeavyTail_HelsinkiDowntown__TP07_BurstWindow.settings,
U6_OfficeWaitHeavyTail_HelsinkiDowntown__TP07_BurstWindow,corpus_v1,01_urban,HelsinkiDowntown,2,WorkingDayMovement,data/HelsinkiDowntown/A_bus.wkt,True,WARNING,True,scenarios/corpus_v1/01_urban/U6_OfficeWaitHeavyTail_HelsinkiDowntown__TP07_BurstWindow.settings,
U6_OfficeWaitHeavyTail_HelsinkiDowntown__TP08_HubTarget,corpus_v1,01_urban,HelsinkiDowntown,1,BusMovement,data/HelsinkiDowntown/A_bus.wkt,True,WARNING,True,scenarios/corpus_v1/01_urban/U6_OfficeWaitHeavyTail_HelsinkiDowntown__TP08_HubTarget.settings,
U6_OfficeWaitHeavyTail_HelsinkiDowntown__TP08_HubTarget,corpus_v1,01_urban,HelsinkiDowntown,2,WorkingDayMovement,data/HelsinkiDowntown/A_bus.wkt,True,WARNING,True,scenarios/corpus_v1/01_urban/U6_OfficeWaitHeavyTail_HelsinkiDowntown__TP08_HubTarget.settings,
U6_OfficeWaitHeavyTail_HelsinkiDowntown__TP09_Bimodal,corpus_v1,01_urban,HelsinkiDowntown,1,BusMovement,data/HelsinkiDowntown/A_bus.wkt,True,WARNING,True,scenarios/corpus_v1/01_urban/U6_OfficeWaitHeavyTail_HelsinkiDowntown__TP09_Bimodal.settings,
U6_OfficeWaitHeavyTail_HelsinkiDowntown__TP09_Bimodal,corpus_v1,01_urban,HelsinkiDowntown,2,WorkingDayMovement,data/HelsinkiDowntown/A_bus.wkt,True,WARNING,True,scenarios/corpus_v1/01_urban/U6_OfficeWaitHeavyTail_HelsinkiDowntown__TP09_Bimodal.settings,
U6_OfficeWaitHeavyTail_HelsinkiDowntown__TP10_Storm,corpus_v1,01_urban,HelsinkiDowntown,1,BusMovement,data/HelsinkiDowntown/A_bus.wkt,True,WARNING,True,scenarios/corpus_v1/01_urban/U6_OfficeWaitHeavyTail_HelsinkiDowntown__TP10_Storm.settings,
U6_OfficeWaitHeavyTail_HelsinkiDowntown__TP10_Storm,corpus_v1,01_urban,HelsinkiDowntown,2,WorkingDayMovement,data/HelsinkiDowntown/A_bus.wkt,True,WARNING,True,scenarios/corpus_v1/01_urban/U6_OfficeWaitHeavyTail_HelsinkiDowntown__TP10_Storm.settings,
U6_OfficeWaitHeavyTail_HelsinkiDowntown__TP11_ManyToOne,corpus_v1,01_urban,HelsinkiDowntown,1,BusMovement,data/HelsinkiDowntown/A_bus.wkt,True,WARNING,True,scenarios/corpus_v1/01_urban/U6_OfficeWaitHeavyTail_HelsinkiDowntown__TP11_ManyToOne.settings,
U6_OfficeWaitHeavyTail_HelsinkiDowntown__TP11_ManyToOne,corpus_v1,01_urban,HelsinkiDowntown,2,WorkingDayMovement,data/HelsinkiDowntown/A_bus.wkt,True,WARNING,True,scenarios/corpus_v1/01_urban/U6_OfficeWaitHeavyTail_HelsinkiDowntown__TP11_ManyToOne.settings,
U6_OfficeWaitHeavyTail_HelsinkiDowntown__TP12_GroupToGroup,corpus_v1,01_urban,HelsinkiDowntown,1,BusMovement,data/HelsinkiDowntown/A_bus.wkt,True,WARNING,True,scenarios/corpus_v1/01_urban/U6_OfficeWaitHeavyTail_HelsinkiDowntown__TP12_GroupToGroup.settings,
U6_OfficeWaitHeavyTail_HelsinkiDowntown__TP12_GroupToGroup,corpus_v1,01_urban,HelsinkiDowntown,2,WorkingDayMovement,data/HelsinkiDowntown/A_bus.wkt,True,WARNING,True,scenarios/corpus_v1/01_urban/U6_OfficeWaitHeavyTail_HelsinkiDowntown__TP12_GroupToGroup.settings,
U7_HighTimeVariance_HelsinkiDowntown__TP01_Baseline,corpus_v1,01_urban,HelsinkiDowntown,1,BusMovement,data/HelsinkiDowntown/A_bus.wkt,True,WARNING,True,scenarios/corpus_v1/01_urban/U7_HighTimeVariance_HelsinkiDowntown__TP01_Baseline.settings,
U7_HighTimeVariance_HelsinkiDowntown__TP01_Baseline,corpus_v1,01_urban,HelsinkiDowntown,2,WorkingDayMovement,data/HelsinkiDowntown/A_bus.wkt,True,WARNING,True,scenarios/corpus_v1/01_urban/U7_HighTimeVariance_HelsinkiDowntown__TP01_Baseline.settings,
U7_HighTimeVariance_HelsinkiDowntown__TP02_LowLoad,corpus_v1,01_urban,HelsinkiDowntown,1,BusMovement,data/HelsinkiDowntown/A_bus.wkt,True,WARNING,True,scenarios/corpus_v1/01_urban/U7_HighTimeVariance_HelsinkiDowntown__TP02_LowLoad.settings,
U7_HighTimeVariance_HelsinkiDowntown__TP02_LowLoad,corpus_v1,01_urban,HelsinkiDowntown,2,WorkingDayMovement,data/HelsinkiDowntown/A_bus.wkt,True,WARNING,True,scenarios/corpus_v1/01_urban/U7_HighTimeVariance_HelsinkiDowntown__TP02_LowLoad.settings,
U7_HighTimeVariance_HelsinkiDowntown__TP03_ManySmall,corpus_v1,01_urban,HelsinkiDowntown,1,BusMovement,data/HelsinkiDowntown/A_bus.wkt,True,WARNING,True,scenarios/corpus_v1/01_urban/U7_HighTimeVariance_HelsinkiDowntown__TP03_ManySmall.settings,
U7_HighTimeVariance_HelsinkiDowntown__TP03_ManySmall,corpus_v1,01_urban,HelsinkiDowntown,2,WorkingDayMovement,data/HelsinkiDowntown/A_bus.wkt,True,WARNING,True,scenarios/corpus_v1/01_urban/U7_HighTimeVariance_HelsinkiDowntown__TP03_ManySmall.settings,
U7_HighTimeVariance_HelsinkiDowntown__TP04_FewLarge,corpus_v1,01_urban,HelsinkiDowntown,1,BusMovement,data/HelsinkiDowntown/A_bus.wkt,True,WARNING,True,scenarios/corpus_v1/01_urban/U7_HighTimeVariance_HelsinkiDowntown__TP04_FewLarge.settings,
U7_HighTimeVariance_HelsinkiDowntown__TP04_FewLarge,corpus_v1,01_urban,HelsinkiDowntown,2,WorkingDayMovement,data/HelsinkiDowntown/A_bus.wkt,True,WARNING,True,scenarios/corpus_v1/01_urban/U7_HighTimeVariance_HelsinkiDowntown__TP04_FewLarge.settings,
U7_HighTimeVariance_HelsinkiDowntown__TP05_CriticalTTL,corpus_v1,01_urban,HelsinkiDowntown,1,BusMovement,data/HelsinkiDowntown/A_bus.wkt,True,WARNING,True,scenarios/corpus_v1/01_urban/U7_HighTimeVariance_HelsinkiDowntown__TP05_CriticalTTL.settings,
U7_HighTimeVariance_HelsinkiDowntown__TP05_CriticalTTL,corpus_v1,01_urban,HelsinkiDowntown,2,WorkingDayMovement,data/HelsinkiDowntown/A_bus.wkt,True,WARNING,True,scenarios/corpus_v1/01_urban/U7_HighTimeVariance_HelsinkiDowntown__TP05_CriticalTTL.settings,
U7_HighTimeVariance_HelsinkiDowntown__TP06_OneToMany,corpus_v1,01_urban,HelsinkiDowntown,1,BusMovement,data/HelsinkiDowntown/A_bus.wkt,True,WARNING,True,scenarios/corpus_v1/01_urban/U7_HighTimeVariance_HelsinkiDowntown__TP06_OneToMany.settings,
U7_HighTimeVariance_HelsinkiDowntown__TP06_OneToMany,corpus_v1,01_urban,HelsinkiDowntown,2,WorkingDayMovement,data/HelsinkiDowntown/A_bus.wkt,True,WARNING,True,scenarios/corpus_v1/01_urban/U7_HighTimeVariance_HelsinkiDowntown__TP06_OneToMany.settings,
U7_HighTimeVariance_HelsinkiDowntown__TP07_BurstWindow,corpus_v1,01_urban,HelsinkiDowntown,1,BusMovement,data/HelsinkiDowntown/A_bus.wkt,True,WARNING,True,scenarios/corpus_v1/01_urban/U7_HighTimeVariance_HelsinkiDowntown__TP07_BurstWindow.settings,
U7_HighTimeVariance_HelsinkiDowntown__TP07_BurstWindow,corpus_v1,01_urban,HelsinkiDowntown,2,WorkingDayMovement,data/HelsinkiDowntown/A_bus.wkt,True,WARNING,True,scenarios/corpus_v1/01_urban/U7_HighTimeVariance_HelsinkiDowntown__TP07_BurstWindow.settings,
U7_HighTimeVariance_HelsinkiDowntown__TP08_HubTarget,corpus_v1,01_urban,HelsinkiDowntown,1,BusMovement,data/HelsinkiDowntown/A_bus.wkt,True,WARNING,True,scenarios/corpus_v1/01_urban/U7_HighTimeVariance_HelsinkiDowntown__TP08_HubTarget.settings,
U7_HighTimeVariance_HelsinkiDowntown__TP08_HubTarget,corpus_v1,01_urban,HelsinkiDowntown,2,WorkingDayMovement,data/HelsinkiDowntown/A_bus.wkt,True,WARNING,True,scenarios/corpus_v1/01_urban/U7_HighTimeVariance_HelsinkiDowntown__TP08_HubTarget.settings,
U7_HighTimeVariance_HelsinkiDowntown__TP09_Bimodal,corpus_v1,01_urban,HelsinkiDowntown,1,BusMovement,data/HelsinkiDowntown/A_bus.wkt,True,WARNING,True,scenarios/corpus_v1/01_urban/U7_HighTimeVariance_HelsinkiDowntown__TP09_Bimodal.settings,
U7_HighTimeVariance_HelsinkiDowntown__TP09_Bimodal,corpus_v1,01_urban,HelsinkiDowntown,2,WorkingDayMovement,data/HelsinkiDowntown/A_bus.wkt,True,WARNING,True,scenarios/corpus_v1/01_urban/U7_HighTimeVariance_HelsinkiDowntown__TP09_Bimodal.settings,
U7_HighTimeVariance_HelsinkiDowntown__TP10_Storm,corpus_v1,01_urban,HelsinkiDowntown,1,BusMovement,data/HelsinkiDowntown/A_bus.wkt,True,WARNING,True,scenarios/corpus_v1/01_urban/U7_HighTimeVariance_HelsinkiDowntown__TP10_Storm.settings,
U7_HighTimeVariance_HelsinkiDowntown__TP10_Storm,corpus_v1,01_urban,HelsinkiDowntown,2,WorkingDayMovement,data/HelsinkiDowntown/A_bus.wkt,True,WARNING,True,scenarios/corpus_v1/01_urban/U7_HighTimeVariance_HelsinkiDowntown__TP10_Storm.settings,
U7_HighTimeVariance_HelsinkiDowntown__TP11_ManyToOne,corpus_v1,01_urban,HelsinkiDowntown,1,BusMovement,data/HelsinkiDowntown/A_bus.wkt,True,WARNING,True,scenarios/corpus_v1/01_urban/U7_HighTimeVariance_HelsinkiDowntown__TP11_ManyToOne.settings,
U7_HighTimeVariance_HelsinkiDowntown__TP11_ManyToOne,corpus_v1,01_urban,HelsinkiDowntown,2,WorkingDayMovement,data/HelsinkiDowntown/A_bus.wkt,True,WARNING,True,scenarios/corpus_v1/01_urban/U7_HighTimeVariance_HelsinkiDowntown__TP11_ManyToOne.settings,
U7_HighTimeVariance_HelsinkiDowntown__TP12_GroupToGroup,corpus_v1,01_urban,HelsinkiDowntown,1,BusMovement,data/HelsinkiDowntown/A_bus.wkt,True,WARNING,True,scenarios/corpus_v1/01_urban/U7_HighTimeVariance_HelsinkiDowntown__TP12_GroupToGroup.settings,
U7_HighTimeVariance_HelsinkiDowntown__TP12_GroupToGroup,corpus_v1,01_urban,HelsinkiDowntown,2,WorkingDayMovement,data/HelsinkiDowntown/A_bus.wkt,True,WARNING,True,scenarios/corpus_v1/01_urban/U7_HighTimeVariance_HelsinkiDowntown__TP12_GroupToGroup.settings,
V1_TaxiLow_ManhattanMidtownGrid__TP01_Baseline,corpus_v1,03_vehicles,ManhattanMidtownGrid,1,MapRouteMovement,data/ManhattanMidtownGrid/A_vehicle_route.wkt,True,WARNING,False,scenarios/corpus_v1/03_vehicles/V1_TaxiLow_ManhattanMidtownGrid__TP01_Baseline.settings,
V1_TaxiLow_ManhattanMidtownGrid__TP02_LowLoad,corpus_v1,03_vehicles,ManhattanMidtownGrid,1,MapRouteMovement,data/ManhattanMidtownGrid/A_vehicle_route.wkt,True,WARNING,False,scenarios/corpus_v1/03_vehicles/V1_TaxiLow_ManhattanMidtownGrid__TP02_LowLoad.settings,
V1_TaxiLow_ManhattanMidtownGrid__TP03_ManySmall,corpus_v1,03_vehicles,ManhattanMidtownGrid,1,MapRouteMovement,data/ManhattanMidtownGrid/A_vehicle_route.wkt,True,WARNING,False,scenarios/corpus_v1/03_vehicles/V1_TaxiLow_ManhattanMidtownGrid__TP03_ManySmall.settings,
V1_TaxiLow_ManhattanMidtownGrid__TP04_FewLarge,corpus_v1,03_vehicles,ManhattanMidtownGrid,1,MapRouteMovement,data/ManhattanMidtownGrid/A_vehicle_route.wkt,True,WARNING,False,scenarios/corpus_v1/03_vehicles/V1_TaxiLow_ManhattanMidtownGrid__TP04_FewLarge.settings,
V1_TaxiLow_ManhattanMidtownGrid__TP05_CriticalTTL,corpus_v1,03_vehicles,ManhattanMidtownGrid,1,MapRouteMovement,data/ManhattanMidtownGrid/A_vehicle_route.wkt,True,WARNING,False,scenarios/corpus_v1/03_vehicles/V1_TaxiLow_ManhattanMidtownGrid__TP05_CriticalTTL.settings,
V1_TaxiLow_ManhattanMidtownGrid__TP06_OneToMany,corpus_v1,03_vehicles,ManhattanMidtownGrid,1,MapRouteMovement,data/ManhattanMidtownGrid/A_vehicle_route.wkt,True,WARNING,False,scenarios/corpus_v1/03_vehicles/V1_TaxiLow_ManhattanMidtownGrid__TP06_OneToMany.settings,
V1_TaxiLow_ManhattanMidtownGrid__TP07_BurstWindow,corpus_v1,03_vehicles,ManhattanMidtownGrid,1,MapRouteMovement,data/ManhattanMidtownGrid/A_vehicle_route.wkt,True,WARNING,False,scenarios/corpus_v1/03_vehicles/V1_TaxiLow_ManhattanMidtownGrid__TP07_BurstWindow.settings,
V1_TaxiLow_ManhattanMidtownGrid__TP08_HubTarget,corpus_v1,03_vehicles,ManhattanMidtownGrid,1,MapRouteMovement,data/ManhattanMidtownGrid/A_vehicle_route.wkt,True,WARNING,False,scenarios/corpus_v1/03_vehicles/V1_TaxiLow_ManhattanMidtownGrid__TP08_HubTarget.settings,
V1_TaxiLow_ManhattanMidtownGrid__TP09_Bimodal,corpus_v1,03_vehicles,ManhattanMidtownGrid,1,MapRouteMovement,data/ManhattanMidtownGrid/A_vehicle_route.wkt,True,WARNING,False,scenarios/corpus_v1/03_vehicles/V1_TaxiLow_ManhattanMidtownGrid__TP09_Bimodal.settings,
V1_TaxiLow_ManhattanMidtownGrid__TP10_Storm,corpus_v1,03_vehicles,ManhattanMidtownGrid,1,MapRouteMovement,data/ManhattanMidtownGrid/A_vehicle_route.wkt,True,WARNING,False,scenarios/corpus_v1/03_vehicles/V1_TaxiLow_ManhattanMidtownGrid__TP10_Storm.settings,
V1_TaxiLow_ManhattanMidtownGrid__TP11_ManyToOne,corpus_v1,03_vehicles,ManhattanMidtownGrid,1,MapRouteMovement,data/ManhattanMidtownGrid/A_vehicle_route.wkt,True,WARNING,False,scenarios/corpus_v1/03_vehicles/V1_TaxiLow_ManhattanMidtownGrid__TP11_ManyToOne.settings,
V1_TaxiLow_ManhattanMidtownGrid__TP12_GroupToGroup,corpus_v1,03_vehicles,ManhattanMidtownGrid,1,MapRouteMovement,data/ManhattanMidtownGrid/A_vehicle_route.wkt,True,WARNING,False,scenarios/corpus_v1/03_vehicles/V1_TaxiLow_ManhattanMidtownGrid__TP12_GroupToGroup.settings,
V2_TaxiHigh_ManhattanMidtownGrid__TP01_Baseline,corpus_v1,03_vehicles,ManhattanMidtownGrid,1,MapRouteMovement,data/ManhattanMidtownGrid/A_vehicle_route.wkt,True,WARNING,False,scenarios/corpus_v1/03_vehicles/V2_TaxiHigh_ManhattanMidtownGrid__TP01_Baseline.settings,
V2_TaxiHigh_ManhattanMidtownGrid__TP02_LowLoad,corpus_v1,03_vehicles,ManhattanMidtownGrid,1,MapRouteMovement,data/ManhattanMidtownGrid/A_vehicle_route.wkt,True,WARNING,False,scenarios/corpus_v1/03_vehicles/V2_TaxiHigh_ManhattanMidtownGrid__TP02_LowLoad.settings,
V2_TaxiHigh_ManhattanMidtownGrid__TP03_ManySmall,corpus_v1,03_vehicles,ManhattanMidtownGrid,1,MapRouteMovement,data/ManhattanMidtownGrid/A_vehicle_route.wkt,True,WARNING,False,scenarios/corpus_v1/03_vehicles/V2_TaxiHigh_ManhattanMidtownGrid__TP03_ManySmall.settings,
V2_TaxiHigh_ManhattanMidtownGrid__TP04_FewLarge,corpus_v1,03_vehicles,ManhattanMidtownGrid,1,MapRouteMovement,data/ManhattanMidtownGrid/A_vehicle_route.wkt,True,WARNING,False,scenarios/corpus_v1/03_vehicles/V2_TaxiHigh_ManhattanMidtownGrid__TP04_FewLarge.settings,
V2_TaxiHigh_ManhattanMidtownGrid__TP05_CriticalTTL,corpus_v1,03_vehicles,ManhattanMidtownGrid,1,MapRouteMovement,data/ManhattanMidtownGrid/A_vehicle_route.wkt,True,WARNING,False,scenarios/corpus_v1/03_vehicles/V2_TaxiHigh_ManhattanMidtownGrid__TP05_CriticalTTL.settings,
V2_TaxiHigh_ManhattanMidtownGrid__TP06_OneToMany,corpus_v1,03_vehicles,ManhattanMidtownGrid,1,MapRouteMovement,data/ManhattanMidtownGrid/A_vehicle_route.wkt,True,WARNING,False,scenarios/corpus_v1/03_vehicles/V2_TaxiHigh_ManhattanMidtownGrid__TP06_OneToMany.settings,
V2_TaxiHigh_ManhattanMidtownGrid__TP07_BurstWindow,corpus_v1,03_vehicles,ManhattanMidtownGrid,1,MapRouteMovement,data/ManhattanMidtownGrid/A_vehicle_route.wkt,True,WARNING,False,scenarios/corpus_v1/03_vehicles/V2_TaxiHigh_ManhattanMidtownGrid__TP07_BurstWindow.settings,
V2_TaxiHigh_ManhattanMidtownGrid__TP08_HubTarget,corpus_v1,03_vehicles,ManhattanMidtownGrid,1,MapRouteMovement,data/ManhattanMidtownGrid/A_vehicle_route.wkt,True,WARNING,False,scenarios/corpus_v1/03_vehicles/V2_TaxiHigh_ManhattanMidtownGrid__TP08_HubTarget.settings,
V2_TaxiHigh_ManhattanMidtownGrid__TP09_Bimodal,corpus_v1,03_vehicles,ManhattanMidtownGrid,1,MapRouteMovement,data/ManhattanMidtownGrid/A_vehicle_route.wkt,True,WARNING,False,scenarios/corpus_v1/03_vehicles/V2_TaxiHigh_ManhattanMidtownGrid__TP09_Bimodal.settings,
V2_TaxiHigh_ManhattanMidtownGrid__TP10_Storm,corpus_v1,03_vehicles,ManhattanMidtownGrid,1,MapRouteMovement,data/ManhattanMidtownGrid/A_vehicle_route.wkt,True,WARNING,False,scenarios/corpus_v1/03_vehicles/V2_TaxiHigh_ManhattanMidtownGrid__TP10_Storm.settings,
V2_TaxiHigh_ManhattanMidtownGrid__TP11_ManyToOne,corpus_v1,03_vehicles,ManhattanMidtownGrid,1,MapRouteMovement,data/ManhattanMidtownGrid/A_vehicle_route.wkt,True,WARNING,False,scenarios/corpus_v1/03_vehicles/V2_TaxiHigh_ManhattanMidtownGrid__TP11_ManyToOne.settings,
V2_TaxiHigh_ManhattanMidtownGrid__TP12_GroupToGroup,corpus_v1,03_vehicles,ManhattanMidtownGrid,1,MapRouteMovement,data/ManhattanMidtownGrid/A_vehicle_route.wkt,True,WARNING,False,scenarios/corpus_v1/03_vehicles/V2_TaxiHigh_ManhattanMidtownGrid__TP12_GroupToGroup.settings,
V3_BusOnlyCarriers_ManhattanMidtownGrid__TP01_Baseline,corpus_v1,03_vehicles,ManhattanMidtownGrid,1,BusMovement,data/ManhattanMidtownGrid/A_vehicle_route.wkt,True,WARNING,False,scenarios/corpus_v1/03_vehicles/V3_BusOnlyCarriers_ManhattanMidtownGrid__TP01_Baseline.settings,
V3_BusOnlyCarriers_ManhattanMidtownGrid__TP01_Baseline,corpus_v1,03_vehicles,ManhattanMidtownGrid,2,BusMovement,data/ManhattanMidtownGrid/B_vehicle_route.wkt,True,PASS,False,scenarios/corpus_v1/03_vehicles/V3_BusOnlyCarriers_ManhattanMidtownGrid__TP01_Baseline.settings,
V3_BusOnlyCarriers_ManhattanMidtownGrid__TP02_LowLoad,corpus_v1,03_vehicles,ManhattanMidtownGrid,1,BusMovement,data/ManhattanMidtownGrid/A_vehicle_route.wkt,True,WARNING,False,scenarios/corpus_v1/03_vehicles/V3_BusOnlyCarriers_ManhattanMidtownGrid__TP02_LowLoad.settings,
V3_BusOnlyCarriers_ManhattanMidtownGrid__TP02_LowLoad,corpus_v1,03_vehicles,ManhattanMidtownGrid,2,BusMovement,data/ManhattanMidtownGrid/B_vehicle_route.wkt,True,PASS,False,scenarios/corpus_v1/03_vehicles/V3_BusOnlyCarriers_ManhattanMidtownGrid__TP02_LowLoad.settings,
V3_BusOnlyCarriers_ManhattanMidtownGrid__TP03_ManySmall,corpus_v1,03_vehicles,ManhattanMidtownGrid,1,BusMovement,data/ManhattanMidtownGrid/A_vehicle_route.wkt,True,WARNING,False,scenarios/corpus_v1/03_vehicles/V3_BusOnlyCarriers_ManhattanMidtownGrid__TP03_ManySmall.settings,
V3_BusOnlyCarriers_ManhattanMidtownGrid__TP03_ManySmall,corpus_v1,03_vehicles,ManhattanMidtownGrid,2,BusMovement,data/ManhattanMidtownGrid/B_vehicle_route.wkt,True,PASS,False,scenarios/corpus_v1/03_vehicles/V3_BusOnlyCarriers_ManhattanMidtownGrid__TP03_ManySmall.settings,
V3_BusOnlyCarriers_ManhattanMidtownGrid__TP04_FewLarge,corpus_v1,03_vehicles,ManhattanMidtownGrid,1,BusMovement,data/ManhattanMidtownGrid/A_vehicle_route.wkt,True,WARNING,False,scenarios/corpus_v1/03_vehicles/V3_BusOnlyCarriers_ManhattanMidtownGrid__TP04_FewLarge.settings,
V3_BusOnlyCarriers_ManhattanMidtownGrid__TP04_FewLarge,corpus_v1,03_vehicles,ManhattanMidtownGrid,2,BusMovement,data/ManhattanMidtownGrid/B_vehicle_route.wkt,True,PASS,False,scenarios/corpus_v1/03_vehicles/V3_BusOnlyCarriers_ManhattanMidtownGrid__TP04_FewLarge.settings,
V3_BusOnlyCarriers_ManhattanMidtownGrid__TP05_CriticalTTL,corpus_v1,03_vehicles,ManhattanMidtownGrid,1,BusMovement,data/ManhattanMidtownGrid/A_vehicle_route.wkt,True,WARNING,False,scenarios/corpus_v1/03_vehicles/V3_BusOnlyCarriers_ManhattanMidtownGrid__TP05_CriticalTTL.settings,
V3_BusOnlyCarriers_ManhattanMidtownGrid__TP05_CriticalTTL,corpus_v1,03_vehicles,ManhattanMidtownGrid,2,BusMovement,data/ManhattanMidtownGrid/B_vehicle_route.wkt,True,PASS,False,scenarios/corpus_v1/03_vehicles/V3_BusOnlyCarriers_ManhattanMidtownGrid__TP05_CriticalTTL.settings,
V3_BusOnlyCarriers_ManhattanMidtownGrid__TP06_OneToMany,corpus_v1,03_vehicles,ManhattanMidtownGrid,1,BusMovement,data/ManhattanMidtownGrid/A_vehicle_route.wkt,True,WARNING,False,scenarios/corpus_v1/03_vehicles/V3_BusOnlyCarriers_ManhattanMidtownGrid__TP06_OneToMany.settings,
V3_BusOnlyCarriers_ManhattanMidtownGrid__TP06_OneToMany,corpus_v1,03_vehicles,ManhattanMidtownGrid,2,BusMovement,data/ManhattanMidtownGrid/B_vehicle_route.wkt,True,PASS,False,scenarios/corpus_v1/03_vehicles/V3_BusOnlyCarriers_ManhattanMidtownGrid__TP06_OneToMany.settings,
V3_BusOnlyCarriers_ManhattanMidtownGrid__TP07_BurstWindow,corpus_v1,03_vehicles,ManhattanMidtownGrid,1,BusMovement,data/ManhattanMidtownGrid/A_vehicle_route.wkt,True,WARNING,False,scenarios/corpus_v1/03_vehicles/V3_BusOnlyCarriers_ManhattanMidtownGrid__TP07_BurstWindow.settings,
V3_BusOnlyCarriers_ManhattanMidtownGrid__TP07_BurstWindow,corpus_v1,03_vehicles,ManhattanMidtownGrid,2,BusMovement,data/ManhattanMidtownGrid/B_vehicle_route.wkt,True,PASS,False,scenarios/corpus_v1/03_vehicles/V3_BusOnlyCarriers_ManhattanMidtownGrid__TP07_BurstWindow.settings,
V3_BusOnlyCarriers_ManhattanMidtownGrid__TP08_HubTarget,corpus_v1,03_vehicles,ManhattanMidtownGrid,1,BusMovement,data/ManhattanMidtownGrid/A_vehicle_route.wkt,True,WARNING,False,scenarios/corpus_v1/03_vehicles/V3_BusOnlyCarriers_ManhattanMidtownGrid__TP08_HubTarget.settings,
V3_BusOnlyCarriers_ManhattanMidtownGrid__TP08_HubTarget,corpus_v1,03_vehicles,ManhattanMidtownGrid,2,BusMovement,data/ManhattanMidtownGrid/B_vehicle_route.wkt,True,PASS,False,scenarios/corpus_v1/03_vehicles/V3_BusOnlyCarriers_ManhattanMidtownGrid__TP08_HubTarget.settings,
V3_BusOnlyCarriers_ManhattanMidtownGrid__TP09_Bimodal,corpus_v1,03_vehicles,ManhattanMidtownGrid,1,BusMovement,data/ManhattanMidtownGrid/A_vehicle_route.wkt,True,WARNING,False,scenarios/corpus_v1/03_vehicles/V3_BusOnlyCarriers_ManhattanMidtownGrid__TP09_Bimodal.settings,
V3_BusOnlyCarriers_ManhattanMidtownGrid__TP09_Bimodal,corpus_v1,03_vehicles,ManhattanMidtownGrid,2,BusMovement,data/ManhattanMidtownGrid/B_vehicle_route.wkt,True,PASS,False,scenarios/corpus_v1/03_vehicles/V3_BusOnlyCarriers_ManhattanMidtownGrid__TP09_Bimodal.settings,
V3_BusOnlyCarriers_ManhattanMidtownGrid__TP10_Storm,corpus_v1,03_vehicles,ManhattanMidtownGrid,1,BusMovement,data/ManhattanMidtownGrid/A_vehicle_route.wkt,True,WARNING,False,scenarios/corpus_v1/03_vehicles/V3_BusOnlyCarriers_ManhattanMidtownGrid__TP10_Storm.settings,
V3_BusOnlyCarriers_ManhattanMidtownGrid__TP10_Storm,corpus_v1,03_vehicles,ManhattanMidtownGrid,2,BusMovement,data/ManhattanMidtownGrid/B_vehicle_route.wkt,True,PASS,False,scenarios/corpus_v1/03_vehicles/V3_BusOnlyCarriers_ManhattanMidtownGrid__TP10_Storm.settings,
V3_BusOnlyCarriers_ManhattanMidtownGrid__TP11_ManyToOne,corpus_v1,03_vehicles,ManhattanMidtownGrid,1,BusMovement,data/ManhattanMidtownGrid/A_vehicle_route.wkt,True,WARNING,False,scenarios/corpus_v1/03_vehicles/V3_BusOnlyCarriers_ManhattanMidtownGrid__TP11_ManyToOne.settings,
V3_BusOnlyCarriers_ManhattanMidtownGrid__TP11_ManyToOne,corpus_v1,03_vehicles,ManhattanMidtownGrid,2,BusMovement,data/ManhattanMidtownGrid/B_vehicle_route.wkt,True,PASS,False,scenarios/corpus_v1/03_vehicles/V3_BusOnlyCarriers_ManhattanMidtownGrid__TP11_ManyToOne.settings,
V3_BusOnlyCarriers_ManhattanMidtownGrid__TP12_GroupToGroup,corpus_v1,03_vehicles,ManhattanMidtownGrid,1,BusMovement,data/ManhattanMidtownGrid/A_vehicle_route.wkt,True,WARNING,False,scenarios/corpus_v1/03_vehicles/V3_BusOnlyCarriers_ManhattanMidtownGrid__TP12_GroupToGroup.settings,
V3_BusOnlyCarriers_ManhattanMidtownGrid__TP12_GroupToGroup,corpus_v1,03_vehicles,ManhattanMidtownGrid,2,BusMovement,data/ManhattanMidtownGrid/B_vehicle_route.wkt,True,PASS,False,scenarios/corpus_v1/03_vehicles/V3_BusOnlyCarriers_ManhattanMidtownGrid__TP12_GroupToGroup.settings,
V4_CarOwnership_0_ManhattanMidtownGrid__TP01_Baseline,corpus_v1,03_vehicles,ManhattanMidtownGrid,1,BusMovement,data/ManhattanMidtownGrid/A_vehicle_route.wkt,True,WARNING,True,scenarios/corpus_v1/03_vehicles/V4_CarOwnership_0_ManhattanMidtownGrid__TP01_Baseline.settings,
V4_CarOwnership_0_ManhattanMidtownGrid__TP01_Baseline,corpus_v1,03_vehicles,ManhattanMidtownGrid,2,WorkingDayMovement,data/ManhattanMidtownGrid/A_vehicle_route.wkt,True,WARNING,True,scenarios/corpus_v1/03_vehicles/V4_CarOwnership_0_ManhattanMidtownGrid__TP01_Baseline.settings,
V4_CarOwnership_0_ManhattanMidtownGrid__TP02_LowLoad,corpus_v1,03_vehicles,ManhattanMidtownGrid,1,BusMovement,data/ManhattanMidtownGrid/A_vehicle_route.wkt,True,WARNING,True,scenarios/corpus_v1/03_vehicles/V4_CarOwnership_0_ManhattanMidtownGrid__TP02_LowLoad.settings,
V4_CarOwnership_0_ManhattanMidtownGrid__TP02_LowLoad,corpus_v1,03_vehicles,ManhattanMidtownGrid,2,WorkingDayMovement,data/ManhattanMidtownGrid/A_vehicle_route.wkt,True,WARNING,True,scenarios/corpus_v1/03_vehicles/V4_CarOwnership_0_ManhattanMidtownGrid__TP02_LowLoad.settings,
V4_CarOwnership_0_ManhattanMidtownGrid__TP03_ManySmall,corpus_v1,03_vehicles,ManhattanMidtownGrid,1,BusMovement,data/ManhattanMidtownGrid/A_vehicle_route.wkt,True,WARNING,True,scenarios/corpus_v1/03_vehicles/V4_CarOwnership_0_ManhattanMidtownGrid__TP03_ManySmall.settings,
V4_CarOwnership_0_ManhattanMidtownGrid__TP03_ManySmall,corpus_v1,03_vehicles,ManhattanMidtownGrid,2,WorkingDayMovement,data/ManhattanMidtownGrid/A_vehicle_route.wkt,True,WARNING,True,scenarios/corpus_v1/03_vehicles/V4_CarOwnership_0_ManhattanMidtownGrid__TP03_ManySmall.settings,
V4_CarOwnership_0_ManhattanMidtownGrid__TP04_FewLarge,corpus_v1,03_vehicles,ManhattanMidtownGrid,1,BusMovement,data/ManhattanMidtownGrid/A_vehicle_route.wkt,True,WARNING,True,scenarios/corpus_v1/03_vehicles/V4_CarOwnership_0_ManhattanMidtownGrid__TP04_FewLarge.settings,
V4_CarOwnership_0_ManhattanMidtownGrid__TP04_FewLarge,corpus_v1,03_vehicles,ManhattanMidtownGrid,2,WorkingDayMovement,data/ManhattanMidtownGrid/A_vehicle_route.wkt,True,WARNING,True,scenarios/corpus_v1/03_vehicles/V4_CarOwnership_0_ManhattanMidtownGrid__TP04_FewLarge.settings,
V4_CarOwnership_0_ManhattanMidtownGrid__TP05_CriticalTTL,corpus_v1,03_vehicles,ManhattanMidtownGrid,1,BusMovement,data/ManhattanMidtownGrid/A_vehicle_route.wkt,True,WARNING,True,scenarios/corpus_v1/03_vehicles/V4_CarOwnership_0_ManhattanMidtownGrid__TP05_CriticalTTL.settings,
V4_CarOwnership_0_ManhattanMidtownGrid__TP05_CriticalTTL,corpus_v1,03_vehicles,ManhattanMidtownGrid,2,WorkingDayMovement,data/ManhattanMidtownGrid/A_vehicle_route.wkt,True,WARNING,True,scenarios/corpus_v1/03_vehicles/V4_CarOwnership_0_ManhattanMidtownGrid__TP05_CriticalTTL.settings,
V4_CarOwnership_0_ManhattanMidtownGrid__TP06_OneToMany,corpus_v1,03_vehicles,ManhattanMidtownGrid,1,BusMovement,data/ManhattanMidtownGrid/A_vehicle_route.wkt,True,WARNING,True,scenarios/corpus_v1/03_vehicles/V4_CarOwnership_0_ManhattanMidtownGrid__TP06_OneToMany.settings,
V4_CarOwnership_0_ManhattanMidtownGrid__TP06_OneToMany,corpus_v1,03_vehicles,ManhattanMidtownGrid,2,WorkingDayMovement,data/ManhattanMidtownGrid/A_vehicle_route.wkt,True,WARNING,True,scenarios/corpus_v1/03_vehicles/V4_CarOwnership_0_ManhattanMidtownGrid__TP06_OneToMany.settings,
V4_CarOwnership_0_ManhattanMidtownGrid__TP07_BurstWindow,corpus_v1,03_vehicles,ManhattanMidtownGrid,1,BusMovement,data/ManhattanMidtownGrid/A_vehicle_route.wkt,True,WARNING,True,scenarios/corpus_v1/03_vehicles/V4_CarOwnership_0_ManhattanMidtownGrid__TP07_BurstWindow.settings,
V4_CarOwnership_0_ManhattanMidtownGrid__TP07_BurstWindow,corpus_v1,03_vehicles,ManhattanMidtownGrid,2,WorkingDayMovement,data/ManhattanMidtownGrid/A_vehicle_route.wkt,True,WARNING,True,scenarios/corpus_v1/03_vehicles/V4_CarOwnership_0_ManhattanMidtownGrid__TP07_BurstWindow.settings,
V4_CarOwnership_0_ManhattanMidtownGrid__TP08_HubTarget,corpus_v1,03_vehicles,ManhattanMidtownGrid,1,BusMovement,data/ManhattanMidtownGrid/A_vehicle_route.wkt,True,WARNING,True,scenarios/corpus_v1/03_vehicles/V4_CarOwnership_0_ManhattanMidtownGrid__TP08_HubTarget.settings,
V4_CarOwnership_0_ManhattanMidtownGrid__TP08_HubTarget,corpus_v1,03_vehicles,ManhattanMidtownGrid,2,WorkingDayMovement,data/ManhattanMidtownGrid/A_vehicle_route.wkt,True,WARNING,True,scenarios/corpus_v1/03_vehicles/V4_CarOwnership_0_ManhattanMidtownGrid__TP08_HubTarget.settings,
V4_CarOwnership_0_ManhattanMidtownGrid__TP09_Bimodal,corpus_v1,03_vehicles,ManhattanMidtownGrid,1,BusMovement,data/ManhattanMidtownGrid/A_vehicle_route.wkt,True,WARNING,True,scenarios/corpus_v1/03_vehicles/V4_CarOwnership_0_ManhattanMidtownGrid__TP09_Bimodal.settings,
V4_CarOwnership_0_ManhattanMidtownGrid__TP09_Bimodal,corpus_v1,03_vehicles,ManhattanMidtownGrid,2,WorkingDayMovement,data/ManhattanMidtownGrid/A_vehicle_route.wkt,True,WARNING,True,scenarios/corpus_v1/03_vehicles/V4_CarOwnership_0_ManhattanMidtownGrid__TP09_Bimodal.settings,
V4_CarOwnership_0_ManhattanMidtownGrid__TP10_Storm,corpus_v1,03_vehicles,ManhattanMidtownGrid,1,BusMovement,data/ManhattanMidtownGrid/A_vehicle_route.wkt,True,WARNING,True,scenarios/corpus_v1/03_vehicles/V4_CarOwnership_0_ManhattanMidtownGrid__TP10_Storm.settings,
V4_CarOwnership_0_ManhattanMidtownGrid__TP10_Storm,corpus_v1,03_vehicles,ManhattanMidtownGrid,2,WorkingDayMovement,data/ManhattanMidtownGrid/A_vehicle_route.wkt,True,WARNING,True,scenarios/corpus_v1/03_vehicles/V4_CarOwnership_0_ManhattanMidtownGrid__TP10_Storm.settings,
V4_CarOwnership_0_ManhattanMidtownGrid__TP11_ManyToOne,corpus_v1,03_vehicles,ManhattanMidtownGrid,1,BusMovement,data/ManhattanMidtownGrid/A_vehicle_route.wkt,True,WARNING,True,scenarios/corpus_v1/03_vehicles/V4_CarOwnership_0_ManhattanMidtownGrid__TP11_ManyToOne.settings,
V4_CarOwnership_0_ManhattanMidtownGrid__TP11_ManyToOne,corpus_v1,03_vehicles,ManhattanMidtownGrid,2,WorkingDayMovement,data/ManhattanMidtownGrid/A_vehicle_route.wkt,True,WARNING,True,scenarios/corpus_v1/03_vehicles/V4_CarOwnership_0_ManhattanMidtownGrid__TP11_ManyToOne.settings,
V4_CarOwnership_0_ManhattanMidtownGrid__TP12_GroupToGroup,corpus_v1,03_vehicles,ManhattanMidtownGrid,1,BusMovement,data/ManhattanMidtownGrid/A_vehicle_route.wkt,True,WARNING,True,scenarios/corpus_v1/03_vehicles/V4_CarOwnership_0_ManhattanMidtownGrid__TP12_GroupToGroup.settings,
V4_CarOwnership_0_ManhattanMidtownGrid__TP12_GroupToGroup,corpus_v1,03_vehicles,ManhattanMidtownGrid,2,WorkingDayMovement,data/ManhattanMidtownGrid/A_vehicle_route.wkt,True,WARNING,True,scenarios/corpus_v1/03_vehicles/V4_CarOwnership_0_ManhattanMidtownGrid__TP12_GroupToGroup.settings,
V5_CarOwnership_100_ManhattanMidtownGrid__TP01_Baseline,corpus_v1,03_vehicles,ManhattanMidtownGrid,1,BusMovement,data/ManhattanMidtownGrid/A_vehicle_route.wkt,True,WARNING,True,scenarios/corpus_v1/03_vehicles/V5_CarOwnership_100_ManhattanMidtownGrid__TP01_Baseline.settings,
V5_CarOwnership_100_ManhattanMidtownGrid__TP01_Baseline,corpus_v1,03_vehicles,ManhattanMidtownGrid,2,WorkingDayMovement,data/ManhattanMidtownGrid/A_vehicle_route.wkt,True,WARNING,True,scenarios/corpus_v1/03_vehicles/V5_CarOwnership_100_ManhattanMidtownGrid__TP01_Baseline.settings,
V5_CarOwnership_100_ManhattanMidtownGrid__TP02_LowLoad,corpus_v1,03_vehicles,ManhattanMidtownGrid,1,BusMovement,data/ManhattanMidtownGrid/A_vehicle_route.wkt,True,WARNING,True,scenarios/corpus_v1/03_vehicles/V5_CarOwnership_100_ManhattanMidtownGrid__TP02_LowLoad.settings,
V5_CarOwnership_100_ManhattanMidtownGrid__TP02_LowLoad,corpus_v1,03_vehicles,ManhattanMidtownGrid,2,WorkingDayMovement,data/ManhattanMidtownGrid/A_vehicle_route.wkt,True,WARNING,True,scenarios/corpus_v1/03_vehicles/V5_CarOwnership_100_ManhattanMidtownGrid__TP02_LowLoad.settings,
V5_CarOwnership_100_ManhattanMidtownGrid__TP03_ManySmall,corpus_v1,03_vehicles,ManhattanMidtownGrid,1,BusMovement,data/ManhattanMidtownGrid/A_vehicle_route.wkt,True,WARNING,True,scenarios/corpus_v1/03_vehicles/V5_CarOwnership_100_ManhattanMidtownGrid__TP03_ManySmall.settings,
V5_CarOwnership_100_ManhattanMidtownGrid__TP03_ManySmall,corpus_v1,03_vehicles,ManhattanMidtownGrid,2,WorkingDayMovement,data/ManhattanMidtownGrid/A_vehicle_route.wkt,True,WARNING,True,scenarios/corpus_v1/03_vehicles/V5_CarOwnership_100_ManhattanMidtownGrid__TP03_ManySmall.settings,
V5_CarOwnership_100_ManhattanMidtownGrid__TP04_FewLarge,corpus_v1,03_vehicles,ManhattanMidtownGrid,1,BusMovement,data/ManhattanMidtownGrid/A_vehicle_route.wkt,True,WARNING,True,scenarios/corpus_v1/03_vehicles/V5_CarOwnership_100_ManhattanMidtownGrid__TP04_FewLarge.settings,
V5_CarOwnership_100_ManhattanMidtownGrid__TP04_FewLarge,corpus_v1,03_vehicles,ManhattanMidtownGrid,2,WorkingDayMovement,data/ManhattanMidtownGrid/A_vehicle_route.wkt,True,WARNING,True,scenarios/corpus_v1/03_vehicles/V5_CarOwnership_100_ManhattanMidtownGrid__TP04_FewLarge.settings,
V5_CarOwnership_100_ManhattanMidtownGrid__TP05_CriticalTTL,corpus_v1,03_vehicles,ManhattanMidtownGrid,1,BusMovement,data/ManhattanMidtownGrid/A_vehicle_route.wkt,True,WARNING,True,scenarios/corpus_v1/03_vehicles/V5_CarOwnership_100_ManhattanMidtownGrid__TP05_CriticalTTL.settings,
V5_CarOwnership_100_ManhattanMidtownGrid__TP05_CriticalTTL,corpus_v1,03_vehicles,ManhattanMidtownGrid,2,WorkingDayMovement,data/ManhattanMidtownGrid/A_vehicle_route.wkt,True,WARNING,True,scenarios/corpus_v1/03_vehicles/V5_CarOwnership_100_ManhattanMidtownGrid__TP05_CriticalTTL.settings,
V5_CarOwnership_100_ManhattanMidtownGrid__TP06_OneToMany,corpus_v1,03_vehicles,ManhattanMidtownGrid,1,BusMovement,data/ManhattanMidtownGrid/A_vehicle_route.wkt,True,WARNING,True,scenarios/corpus_v1/03_vehicles/V5_CarOwnership_100_ManhattanMidtownGrid__TP06_OneToMany.settings,
V5_CarOwnership_100_ManhattanMidtownGrid__TP06_OneToMany,corpus_v1,03_vehicles,ManhattanMidtownGrid,2,WorkingDayMovement,data/ManhattanMidtownGrid/A_vehicle_route.wkt,True,WARNING,True,scenarios/corpus_v1/03_vehicles/V5_CarOwnership_100_ManhattanMidtownGrid__TP06_OneToMany.settings,
V5_CarOwnership_100_ManhattanMidtownGrid__TP07_BurstWindow,corpus_v1,03_vehicles,ManhattanMidtownGrid,1,BusMovement,data/ManhattanMidtownGrid/A_vehicle_route.wkt,True,WARNING,True,scenarios/corpus_v1/03_vehicles/V5_CarOwnership_100_ManhattanMidtownGrid__TP07_BurstWindow.settings,
V5_CarOwnership_100_ManhattanMidtownGrid__TP07_BurstWindow,corpus_v1,03_vehicles,ManhattanMidtownGrid,2,WorkingDayMovement,data/ManhattanMidtownGrid/A_vehicle_route.wkt,True,WARNING,True,scenarios/corpus_v1/03_vehicles/V5_CarOwnership_100_ManhattanMidtownGrid__TP07_BurstWindow.settings,
V5_CarOwnership_100_ManhattanMidtownGrid__TP08_HubTarget,corpus_v1,03_vehicles,ManhattanMidtownGrid,1,BusMovement,data/ManhattanMidtownGrid/A_vehicle_route.wkt,True,WARNING,True,scenarios/corpus_v1/03_vehicles/V5_CarOwnership_100_ManhattanMidtownGrid__TP08_HubTarget.settings,
V5_CarOwnership_100_ManhattanMidtownGrid__TP08_HubTarget,corpus_v1,03_vehicles,ManhattanMidtownGrid,2,WorkingDayMovement,data/ManhattanMidtownGrid/A_vehicle_route.wkt,True,WARNING,True,scenarios/corpus_v1/03_vehicles/V5_CarOwnership_100_ManhattanMidtownGrid__TP08_HubTarget.settings,
V5_CarOwnership_100_ManhattanMidtownGrid__TP09_Bimodal,corpus_v1,03_vehicles,ManhattanMidtownGrid,1,BusMovement,data/ManhattanMidtownGrid/A_vehicle_route.wkt,True,WARNING,True,scenarios/corpus_v1/03_vehicles/V5_CarOwnership_100_ManhattanMidtownGrid__TP09_Bimodal.settings,
V5_CarOwnership_100_ManhattanMidtownGrid__TP09_Bimodal,corpus_v1,03_vehicles,ManhattanMidtownGrid,2,WorkingDayMovement,data/ManhattanMidtownGrid/A_vehicle_route.wkt,True,WARNING,True,scenarios/corpus_v1/03_vehicles/V5_CarOwnership_100_ManhattanMidtownGrid__TP09_Bimodal.settings,
V5_CarOwnership_100_ManhattanMidtownGrid__TP10_Storm,corpus_v1,03_vehicles,ManhattanMidtownGrid,1,BusMovement,data/ManhattanMidtownGrid/A_vehicle_route.wkt,True,WARNING,True,scenarios/corpus_v1/03_vehicles/V5_CarOwnership_100_ManhattanMidtownGrid__TP10_Storm.settings,
V5_CarOwnership_100_ManhattanMidtownGrid__TP10_Storm,corpus_v1,03_vehicles,ManhattanMidtownGrid,2,WorkingDayMovement,data/ManhattanMidtownGrid/A_vehicle_route.wkt,True,WARNING,True,scenarios/corpus_v1/03_vehicles/V5_CarOwnership_100_ManhattanMidtownGrid__TP10_Storm.settings,
V5_CarOwnership_100_ManhattanMidtownGrid__TP11_ManyToOne,corpus_v1,03_vehicles,ManhattanMidtownGrid,1,BusMovement,data/ManhattanMidtownGrid/A_vehicle_route.wkt,True,WARNING,True,scenarios/corpus_v1/03_vehicles/V5_CarOwnership_100_ManhattanMidtownGrid__TP11_ManyToOne.settings,
V5_CarOwnership_100_ManhattanMidtownGrid__TP11_ManyToOne,corpus_v1,03_vehicles,ManhattanMidtownGrid,2,WorkingDayMovement,data/ManhattanMidtownGrid/A_vehicle_route.wkt,True,WARNING,True,scenarios/corpus_v1/03_vehicles/V5_CarOwnership_100_ManhattanMidtownGrid__TP11_ManyToOne.settings,
V5_CarOwnership_100_ManhattanMidtownGrid__TP12_GroupToGroup,corpus_v1,03_vehicles,ManhattanMidtownGrid,1,BusMovement,data/ManhattanMidtownGrid/A_vehicle_route.wkt,True,WARNING,True,scenarios/corpus_v1/03_vehicles/V5_CarOwnership_100_ManhattanMidtownGrid__TP12_GroupToGroup.settings,
V5_CarOwnership_100_ManhattanMidtownGrid__TP12_GroupToGroup,corpus_v1,03_vehicles,ManhattanMidtownGrid,2,WorkingDayMovement,data/ManhattanMidtownGrid/A_vehicle_route.wkt,True,WARNING,True,scenarios/corpus_v1/03_vehicles/V5_CarOwnership_100_ManhattanMidtownGrid__TP12_GroupToGroup.settings,
R4_ParkRangers_NuuksioSparseTrails__TP01_Baseline,corpus_v1,04_rural,NuuksioSparseTrails,1,MapRouteMovement,data/NuuksioSparseTrails/A_ranger_patrol.wkt,True,PASS,False,scenarios/corpus_v1/04_rural/R4_ParkRangers_NuuksioSparseTrails__TP01_Baseline.settings,
R4_ParkRangers_NuuksioSparseTrails__TP02_LowLoad,corpus_v1,04_rural,NuuksioSparseTrails,1,MapRouteMovement,data/NuuksioSparseTrails/A_ranger_patrol.wkt,True,PASS,False,scenarios/corpus_v1/04_rural/R4_ParkRangers_NuuksioSparseTrails__TP02_LowLoad.settings,
R4_ParkRangers_NuuksioSparseTrails__TP03_ManySmall,corpus_v1,04_rural,NuuksioSparseTrails,1,MapRouteMovement,data/NuuksioSparseTrails/A_ranger_patrol.wkt,True,PASS,False,scenarios/corpus_v1/04_rural/R4_ParkRangers_NuuksioSparseTrails__TP03_ManySmall.settings,
R4_ParkRangers_NuuksioSparseTrails__TP04_FewLarge,corpus_v1,04_rural,NuuksioSparseTrails,1,MapRouteMovement,data/NuuksioSparseTrails/A_ranger_patrol.wkt,True,PASS,False,scenarios/corpus_v1/04_rural/R4_ParkRangers_NuuksioSparseTrails__TP04_FewLarge.settings,
R4_ParkRangers_NuuksioSparseTrails__TP05_CriticalTTL,corpus_v1,04_rural,NuuksioSparseTrails,1,MapRouteMovement,data/NuuksioSparseTrails/A_ranger_patrol.wkt,True,PASS,False,scenarios/corpus_v1/04_rural/R4_ParkRangers_NuuksioSparseTrails__TP05_CriticalTTL.settings,
R4_ParkRangers_NuuksioSparseTrails__TP06_OneToMany,corpus_v1,04_rural,NuuksioSparseTrails,1,MapRouteMovement,data/NuuksioSparseTrails/A_ranger_patrol.wkt,True,PASS,False,scenarios/corpus_v1/04_rural/R4_ParkRangers_NuuksioSparseTrails__TP06_OneToMany.settings,
R4_ParkRangers_NuuksioSparseTrails__TP07_BurstWindow,corpus_v1,04_rural,NuuksioSparseTrails,1,MapRouteMovement,data/NuuksioSparseTrails/A_ranger_patrol.wkt,True,PASS,False,scenarios/corpus_v1/04_rural/R4_ParkRangers_NuuksioSparseTrails__TP07_BurstWindow.settings,
R4_ParkRangers_NuuksioSparseTrails__TP08_HubTarget,corpus_v1,04_rural,NuuksioSparseTrails,1,MapRouteMovement,data/NuuksioSparseTrails/A_ranger_patrol.wkt,True,PASS,False,scenarios/corpus_v1/04_rural/R4_ParkRangers_NuuksioSparseTrails__TP08_HubTarget.settings,
R4_ParkRangers_NuuksioSparseTrails__TP09_Bimodal,corpus_v1,04_rural,NuuksioSparseTrails,1,MapRouteMovement,data/NuuksioSparseTrails/A_ranger_patrol.wkt,True,PASS,False,scenarios/corpus_v1/04_rural/R4_ParkRangers_NuuksioSparseTrails__TP09_Bimodal.settings,
R4_ParkRangers_NuuksioSparseTrails__TP10_Storm,corpus_v1,04_rural,NuuksioSparseTrails,1,MapRouteMovement,data/NuuksioSparseTrails/A_ranger_patrol.wkt,True,PASS,False,scenarios/corpus_v1/04_rural/R4_ParkRangers_NuuksioSparseTrails__TP10_Storm.settings,
R4_ParkRangers_NuuksioSparseTrails__TP11_ManyToOne,corpus_v1,04_rural,NuuksioSparseTrails,1,MapRouteMovement,data/NuuksioSparseTrails/A_ranger_patrol.wkt,True,PASS,False,scenarios/corpus_v1/04_rural/R4_ParkRangers_NuuksioSparseTrails__TP11_ManyToOne.settings,
R4_ParkRangers_NuuksioSparseTrails__TP12_GroupToGroup,corpus_v1,04_rural,NuuksioSparseTrails,1,MapRouteMovement,data/NuuksioSparseTrails/A_ranger_patrol.wkt,True,PASS,False,scenarios/corpus_v1/04_rural/R4_ParkRangers_NuuksioSparseTrails__TP12_GroupToGroup.settings,
D5_UAVMule_FastRoute_HelsinkiDisrupted__TP01_Baseline,corpus_v1,05_disaster,HelsinkiDisrupted,1,MapRouteMovement,data/HelsinkiDisrupted/roads.wkt,True,,False,scenarios/corpus_v1/05_disaster/D5_UAVMule_FastRoute_HelsinkiDisrupted__TP01_Baseline.settings,
D5_UAVMule_FastRoute_HelsinkiDisrupted__TP01_Baseline,corpus_v1,05_disaster,HelsinkiDisrupted,2,MapRouteMovement,data/HelsinkiDisrupted/A_emergency_route.wkt,True,WARNING,False,scenarios/corpus_v1/05_disaster/D5_UAVMule_FastRoute_HelsinkiDisrupted__TP01_Baseline.settings,
D5_UAVMule_FastRoute_HelsinkiDisrupted__TP02_LowLoad,corpus_v1,05_disaster,HelsinkiDisrupted,1,MapRouteMovement,data/HelsinkiDisrupted/roads.wkt,True,,False,scenarios/corpus_v1/05_disaster/D5_UAVMule_FastRoute_HelsinkiDisrupted__TP02_LowLoad.settings,
D5_UAVMule_FastRoute_HelsinkiDisrupted__TP02_LowLoad,corpus_v1,05_disaster,HelsinkiDisrupted,2,MapRouteMovement,data/HelsinkiDisrupted/A_emergency_route.wkt,True,WARNING,False,scenarios/corpus_v1/05_disaster/D5_UAVMule_FastRoute_HelsinkiDisrupted__TP02_LowLoad.settings,
D5_UAVMule_FastRoute_HelsinkiDisrupted__TP03_ManySmall,corpus_v1,05_disaster,HelsinkiDisrupted,1,MapRouteMovement,data/HelsinkiDisrupted/roads.wkt,True,,False,scenarios/corpus_v1/05_disaster/D5_UAVMule_FastRoute_HelsinkiDisrupted__TP03_ManySmall.settings,
D5_UAVMule_FastRoute_HelsinkiDisrupted__TP03_ManySmall,corpus_v1,05_disaster,HelsinkiDisrupted,2,MapRouteMovement,data/HelsinkiDisrupted/A_emergency_route.wkt,True,WARNING,False,scenarios/corpus_v1/05_disaster/D5_UAVMule_FastRoute_HelsinkiDisrupted__TP03_ManySmall.settings,
D5_UAVMule_FastRoute_HelsinkiDisrupted__TP04_FewLarge,corpus_v1,05_disaster,HelsinkiDisrupted,1,MapRouteMovement,data/HelsinkiDisrupted/roads.wkt,True,,False,scenarios/corpus_v1/05_disaster/D5_UAVMule_FastRoute_HelsinkiDisrupted__TP04_FewLarge.settings,
D5_UAVMule_FastRoute_HelsinkiDisrupted__TP04_FewLarge,corpus_v1,05_disaster,HelsinkiDisrupted,2,MapRouteMovement,data/HelsinkiDisrupted/A_emergency_route.wkt,True,WARNING,False,scenarios/corpus_v1/05_disaster/D5_UAVMule_FastRoute_HelsinkiDisrupted__TP04_FewLarge.settings,
D5_UAVMule_FastRoute_HelsinkiDisrupted__TP05_CriticalTTL,corpus_v1,05_disaster,HelsinkiDisrupted,1,MapRouteMovement,data/HelsinkiDisrupted/roads.wkt,True,,False,scenarios/corpus_v1/05_disaster/D5_UAVMule_FastRoute_HelsinkiDisrupted__TP05_CriticalTTL.settings,
D5_UAVMule_FastRoute_HelsinkiDisrupted__TP05_CriticalTTL,corpus_v1,05_disaster,HelsinkiDisrupted,2,MapRouteMovement,data/HelsinkiDisrupted/A_emergency_route.wkt,True,WARNING,False,scenarios/corpus_v1/05_disaster/D5_UAVMule_FastRoute_HelsinkiDisrupted__TP05_CriticalTTL.settings,
D5_UAVMule_FastRoute_HelsinkiDisrupted__TP06_OneToMany,corpus_v1,05_disaster,HelsinkiDisrupted,1,MapRouteMovement,data/HelsinkiDisrupted/roads.wkt,True,,False,scenarios/corpus_v1/05_disaster/D5_UAVMule_FastRoute_HelsinkiDisrupted__TP06_OneToMany.settings,
D5_UAVMule_FastRoute_HelsinkiDisrupted__TP06_OneToMany,corpus_v1,05_disaster,HelsinkiDisrupted,2,MapRouteMovement,data/HelsinkiDisrupted/A_emergency_route.wkt,True,WARNING,False,scenarios/corpus_v1/05_disaster/D5_UAVMule_FastRoute_HelsinkiDisrupted__TP06_OneToMany.settings,
D5_UAVMule_FastRoute_HelsinkiDisrupted__TP07_BurstWindow,corpus_v1,05_disaster,HelsinkiDisrupted,1,MapRouteMovement,data/HelsinkiDisrupted/roads.wkt,True,,False,scenarios/corpus_v1/05_disaster/D5_UAVMule_FastRoute_HelsinkiDisrupted__TP07_BurstWindow.settings,
D5_UAVMule_FastRoute_HelsinkiDisrupted__TP07_BurstWindow,corpus_v1,05_disaster,HelsinkiDisrupted,2,MapRouteMovement,data/HelsinkiDisrupted/A_emergency_route.wkt,True,WARNING,False,scenarios/corpus_v1/05_disaster/D5_UAVMule_FastRoute_HelsinkiDisrupted__TP07_BurstWindow.settings,
D5_UAVMule_FastRoute_HelsinkiDisrupted__TP08_HubTarget,corpus_v1,05_disaster,HelsinkiDisrupted,1,MapRouteMovement,data/HelsinkiDisrupted/roads.wkt,True,,False,scenarios/corpus_v1/05_disaster/D5_UAVMule_FastRoute_HelsinkiDisrupted__TP08_HubTarget.settings,
D5_UAVMule_FastRoute_HelsinkiDisrupted__TP08_HubTarget,corpus_v1,05_disaster,HelsinkiDisrupted,2,MapRouteMovement,data/HelsinkiDisrupted/A_emergency_route.wkt,True,WARNING,False,scenarios/corpus_v1/05_disaster/D5_UAVMule_FastRoute_HelsinkiDisrupted__TP08_HubTarget.settings,
D5_UAVMule_FastRoute_HelsinkiDisrupted__TP09_Bimodal,corpus_v1,05_disaster,HelsinkiDisrupted,1,MapRouteMovement,data/HelsinkiDisrupted/roads.wkt,True,,False,scenarios/corpus_v1/05_disaster/D5_UAVMule_FastRoute_HelsinkiDisrupted__TP09_Bimodal.settings,
D5_UAVMule_FastRoute_HelsinkiDisrupted__TP09_Bimodal,corpus_v1,05_disaster,HelsinkiDisrupted,2,MapRouteMovement,data/HelsinkiDisrupted/A_emergency_route.wkt,True,WARNING,False,scenarios/corpus_v1/05_disaster/D5_UAVMule_FastRoute_HelsinkiDisrupted__TP09_Bimodal.settings,
D5_UAVMule_FastRoute_HelsinkiDisrupted__TP10_Storm,corpus_v1,05_disaster,HelsinkiDisrupted,1,MapRouteMovement,data/HelsinkiDisrupted/roads.wkt,True,,False,scenarios/corpus_v1/05_disaster/D5_UAVMule_FastRoute_HelsinkiDisrupted__TP10_Storm.settings,
D5_UAVMule_FastRoute_HelsinkiDisrupted__TP10_Storm,corpus_v1,05_disaster,HelsinkiDisrupted,2,MapRouteMovement,data/HelsinkiDisrupted/A_emergency_route.wkt,True,WARNING,False,scenarios/corpus_v1/05_disaster/D5_UAVMule_FastRoute_HelsinkiDisrupted__TP10_Storm.settings,
D5_UAVMule_FastRoute_HelsinkiDisrupted__TP11_ManyToOne,corpus_v1,05_disaster,HelsinkiDisrupted,1,MapRouteMovement,data/HelsinkiDisrupted/roads.wkt,True,,False,scenarios/corpus_v1/05_disaster/D5_UAVMule_FastRoute_HelsinkiDisrupted__TP11_ManyToOne.settings,
D5_UAVMule_FastRoute_HelsinkiDisrupted__TP11_ManyToOne,corpus_v1,05_disaster,HelsinkiDisrupted,2,MapRouteMovement,data/HelsinkiDisrupted/A_emergency_route.wkt,True,WARNING,False,scenarios/corpus_v1/05_disaster/D5_UAVMule_FastRoute_HelsinkiDisrupted__TP11_ManyToOne.settings,
D5_UAVMule_FastRoute_HelsinkiDisrupted__TP12_GroupToGroup,corpus_v1,05_disaster,HelsinkiDisrupted,1,MapRouteMovement,data/HelsinkiDisrupted/roads.wkt,True,,False,scenarios/corpus_v1/05_disaster/D5_UAVMule_FastRoute_HelsinkiDisrupted__TP12_GroupToGroup.settings,
D5_UAVMule_FastRoute_HelsinkiDisrupted__TP12_GroupToGroup,corpus_v1,05_disaster,HelsinkiDisrupted,2,MapRouteMovement,data/HelsinkiDisrupted/A_emergency_route.wkt,True,WARNING,False,scenarios/corpus_v1/05_disaster/D5_UAVMule_FastRoute_HelsinkiDisrupted__TP12_GroupToGroup.settings,
