duplicate_scenario,duplicate_candidate_id,representative_scenario,representative_candidate_id,feature_set
SV1_C00001,C00001,SV1_C00000,C00000,core23
SV1_C00002,C00002,SV1_C00000,C00000,core23
SV1_C00003,C00003,SV1_C00000,C00000,core23
SV1_C00004,C00004,SV1_C00000,C00000,core23
SV1_C00005,C00005,SV1_C00000,C00000,core23
SV1_C00006,C00006,SV1_C00000,C00000,core23
SV1_C00007,C00007,SV1_C00000,C00000,core23
SV1_C00008,C00008,SV1_C00000,C00000,core23
SV1_C00009,C00009,SV1_C00000,C00000,core23
SV1_C00010,C00010,SV1_C00000,C00000,core23
SV1_C00011,C00011,SV1_C00000,C00000,core23
SV1_C00012,C00012,SV1_C00000,C00000,core23
SV1_C00013,C00013,SV1_C00000,C00000,core23
SV1_C00014,C00014,SV1_C00000,C00000,core23
SV1_C00015,C00015,SV1_C00000,C00000,core23
SV1_C00016,C00016,SV1_C00000,C00000,core23
SV1_C00017,C00017,SV1_C00000,C00000,core23
SV1_C00018,C00018,SV1_C00000,C00000,core23
SV1_C00019,C00019,SV1_C00000,C00000,core23
SV1_C00020,C00020,SV1_C00000,C00000,core23
SV1_C00021,C00021,SV1_C00000,C00000,core23
SV1_C00022,C00022,SV1_C00000,C00000,core23
SV1_C00023,C00023,SV1_C00000,C00000,core23
SV1_C00024,C00024,SV1_C00000,C00000,core23
SV1_C00025,C00025,SV1_C00000,C00000,core23
SV1_C00026,C00026,SV1_C00000,C00000,core23
SV1_C00027,C00027,SV1_C00000,C00000,core23
SV1_C00028,C00028,SV1_C00000,C00000,core23
SV1_C00029,C00029,SV1_C00000,C00000,core23
SV1_C00030,C00030,SV1_C00000,C00000,core23
SV1_C00031,C00031,SV1_C00000,C00000,core23
SV1_C00032,C00032,SV1_C00000,C00000,core23
SV1_C00033,C00033,SV1_C00000,C00000,core23
SV1_C00034,C00034,SV1_C00000,C00000,core23
SV1_C00035,C00035,SV1_C00000,C00000,core23
SV1_C00036,C00036,SV1_C00000,C00000,core23
SV1_C00037,C00037,SV1_C00000,C00000,core23
SV1_C00038,C00038,SV1_C00000,C00000,core23
SV1_C00039,C00039,SV1_C00000,C00000,core23
SV1_C00040,C00040,SV1_C00000,C00000,core23
SV1_C00041,C00041,SV1_C00000,C00000,core23
SV1_C00042,C00042,SV1_C00000,C00000,core23
SV1_C00043,C00043,SV1_C00000,C00000,core23
SV1_C00044,C00044,SV1_C00000,C00000,core23
SV1_C00045,C00045,SV1_C00000,C00000,core23
SV1_C00046,C00046,SV1_C00000,C00000,core23
SV1_C00047,C00047,SV1_C00000,C00000,core23
SV1_C00048,C00048,SV1_C00000,C00000,core23
SV1_C00049,C00049,SV1_C00000,C00000,core23
SV1_C00050,C00050,SV1_C00000,C00000,core23
SV1_C00051,C00051,SV1_C00000,C00000,core23
SV1_C00052,C00052,SV1_C00000,C00000,core23
SV1_C00053,C00053,SV1_C00000,C00000,core23
SV1_C00054,C00054,SV1_C00000,C00000,core23
SV1_C00055,C00055,SV1_C00000,C00000,core23
SV1_C00056,C00056,SV1_C00000,C00000,core23
SV1_C00057,C00057,SV1_C00000,C00000,core23
SV1_C00058,C00058,SV1_C00000,C00000,core23
SV1_C00059,C00059,SV1_C00000,C00000,core23
SV1_C00060,C00060,SV1_C00000,C00000,core23
SV1_C00061,C00061,SV1_C00000,C00000,core23
SV1_C00062,C00062,SV1_C00000,C00000,core23
SV1_C00063,C00063,SV1_C00000,C00000,core23
SV1_C00064,C00064,SV1_C00000,C00000,core23
SV1_C00065,C00065,SV1_C00000,C00000,core23
SV1_C00066,C00066,SV1_C00000,C00000,core23
SV1_C00067,C00067,SV1_C00000,C00000,core23
SV1_C00068,C00068,SV1_C00000,C00000,core23
SV1_C00069,C00069,SV1_C00000,C00000,core23
SV1_C00070,C00070,SV1_C00000,C00000,core23
SV1_C00071,C00071,SV1_C00000,C00000,core23
SV1_C00072,C00072,SV1_C00000,C00000,core23
SV1_C00073,C00073,SV1_C00000,C00000,core23
SV1_C00074,C00074,SV1_C00000,C00000,core23
SV1_C00075,C00075,SV1_C00000,C00000,core23
SV1_C00076,C00076,SV1_C00000,C00000,core23
SV1_C00077,C00077,SV1_C00000,C00000,core23
SV1_C00078,C00078,SV1_C00000,C00000,core23
SV1_C00079,C00079,SV1_C00000,C00000,core23
SV1_C00080,C00080,SV1_C00000,C00000,core23
SV1_C00081,C00081,SV1_C00000,C00000,core23
SV1_C00082,C00082,SV1_C00000,C00000,core23
SV1_C00083,C00083,SV1_C00000,C00000,core23
SV1_C00084,C00084,SV1_C00000,C00000,core23
SV1_C00085,C00085,SV1_C00000,C00000,core23
SV1_C00086,C00086,SV1_C00000,C00000,core23
SV1_C00087,C00087,SV1_C00000,C00000,core23
SV1_C00088,C00088,SV1_C00000,C00000,core23
SV1_C00089,C00089,SV1_C00000,C00000,core23
SV1_C00090,C00090,SV1_C00000,C00000,core23
SV1_C00091,C00091,SV1_C00000,C00000,core23
SV1_C00092,C00092,SV1_C00000,C00000,core23
SV1_C00093,C00093,SV1_C00000,C00000,core23
SV1_C00094,C00094,SV1_C00000,C00000,core23
SV1_C00095,C00095,SV1_C00000,C00000,core23
SV1_C00096,C00096,SV1_C00000,C00000,core23
SV1_C00097,C00097,SV1_C00000,C00000,core23
SV1_C00098,C00098,SV1_C00000,C00000,core23
SV1_C00099,C00099,SV1_C00000,C00000,core23
SV1_C00100,C00100,SV1_C00000,C00000,core23
SV1_C00101,C00101,SV1_C00000,C00000,core23
SV1_C00102,C00102,SV1_C00000,C00000,core23
SV1_C00103,C00103,SV1_C00000,C00000,core23
SV1_C00104,C00104,SV1_C00000,C00000,core23
SV1_C00105,C00105,SV1_C00000,C00000,core23
SV1_C00106,C00106,SV1_C00000,C00000,core23
SV1_C00107,C00107,SV1_C00000,C00000,core23
SV1_C00108,C00108,SV1_C00000,C00000,core23
SV1_C00109,C00109,SV1_C00000,C00000,core23
SV1_C00110,C00110,SV1_C00000,C00000,core23
SV1_C00111,C00111,SV1_C00000,C00000,core23
SV1_C00112,C00112,SV1_C00000,C00000,core23
SV1_C00113,C00113,SV1_C00000,C00000,core23
SV1_C00114,C00114,SV1_C00000,C00000,core23
SV1_C00115,C00115,SV1_C00000,C00000,core23
SV1_C00116,C00116,SV1_C00000,C00000,core23
SV1_C00117,C00117,SV1_C00000,C00000,core23
SV1_C00118,C00118,SV1_C00000,C00000,core23
SV1_C00119,C00119,SV1_C00000,C00000,core23
SV1_C00120,C00120,SV1_C00000,C00000,core23
SV1_C00121,C00121,SV1_C00000,C00000,core23
SV1_C00122,C00122,SV1_C00000,C00000,core23
SV1_C00123,C00123,SV1_C00000,C00000,core23
SV1_C00124,C00124,SV1_C00000,C00000,core23
SV1_C00125,C00125,SV1_C00000,C00000,core23
SV1_C00126,C00126,SV1_C00000,C00000,core23
SV1_C00127,C00127,SV1_C00000,C00000,core23
SV1_C00128,C00128,SV1_C00000,C00000,core23
SV1_C00129,C00129,SV1_C00000,C00000,core23
SV1_C00130,C00130,SV1_C00000,C00000,core23
SV1_C00131,C00131,SV1_C00000,C00000,core23
SV1_C00132,C00132,SV1_C00000,C00000,core23
SV1_C00133,C00133,SV1_C00000,C00000,core23
SV1_C00134,C00134,SV1_C00000,C00000,core23
SV1_C00135,C00135,SV1_C00000,C00000,core23
SV1_C00136,C00136,SV1_C00000,C00000,core23
SV1_C00137,C00137,SV1_C00000,C00000,core23
SV1_C00138,C00138,SV1_C00000,C00000,core23
SV1_C00139,C00139,SV1_C00000,C00000,core23
SV1_C00140,C00140,SV1_C00000,C00000,core23
SV1_C00141,C00141,SV1_C00000,C00000,core23
SV1_C00142,C00142,SV1_C00000,C00000,core23
SV1_C00143,C00143,SV1_C00000,C00000,core23
SV1_C00144,C00144,SV1_C00000,C00000,core23
SV1_C00145,C00145,SV1_C00000,C00000,core23
SV1_C00146,C00146,SV1_C00000,C00000,core23
SV1_C00147,C00147,SV1_C00000,C00000,core23
SV1_C00148,C00148,SV1_C00000,C00000,core23
SV1_C00149,C00149,SV1_C00000,C00000,core23
SV1_C00150,C00150,SV1_C00000,C00000,core23
SV1_C00151,C00151,SV1_C00000,C00000,core23
SV1_C00152,C00152,SV1_C00000,C00000,core23
SV1_C00153,C00153,SV1_C00000,C00000,core23
SV1_C00154,C00154,SV1_C00000,C00000,core23
SV1_C00155,C00155,SV1_C00000,C00000,core23
SV1_C00156,C00156,SV1_C00000,C00000,core23
SV1_C00157,C00157,SV1_C00000,C00000,core23
SV1_C00158,C00158,SV1_C00000,C00000,core23
SV1_C00159,C00159,SV1_C00000,C00000,core23
SV1_C00160,C00160,SV1_C00000,C00000,core23
SV1_C00161,C00161,SV1_C00000,C00000,core23
SV1_C00162,C00162,SV1_C00000,C00000,core23
SV1_C00163,C00163,SV1_C00000,C00000,core23
SV1_C00164,C00164,SV1_C00000,C00000,core23
SV1_C00165,C00165,SV1_C00000,C00000,core23
SV1_C00166,C00166,SV1_C00000,C00000,core23
SV1_C00167,C00167,SV1_C00000,C00000,core23
SV1_C00168,C00168,SV1_C00000,C00000,core23
SV1_C00169,C00169,SV1_C00000,C00000,core23
SV1_C00170,C00170,SV1_C00000,C00000,core23
SV1_C00171,C00171,SV1_C00000,C00000,core23
SV1_C00172,C00172,SV1_C00000,C00000,core23
SV1_C00173,C00173,SV1_C00000,C00000,core23
SV1_C00174,C00174,SV1_C00000,C00000,core23
SV1_C00175,C00175,SV1_C00000,C00000,core23
SV1_C00176,C00176,SV1_C00000,C00000,core23
SV1_C00177,C00177,SV1_C00000,C00000,core23
SV1_C00178,C00178,SV1_C00000,C00000,core23
SV1_C00179,C00179,SV1_C00000,C00000,core23
SV1_C00180,C00180,SV1_C00000,C00000,core23
SV1_C00181,C00181,SV1_C00000,C00000,core23
SV1_C00182,C00182,SV1_C00000,C00000,core23
SV1_C00183,C00183,SV1_C00000,C00000,core23
SV1_C00184,C00184,SV1_C00000,C00000,core23
SV1_C00185,C00185,SV1_C00000,C00000,core23
SV1_C00186,C00186,SV1_C00000,C00000,core23
SV1_C00187,C00187,SV1_C00000,C00000,core23
SV1_C00188,C00188,SV1_C00000,C00000,core23
SV1_C00189,C00189,SV1_C00000,C00000,core23
SV1_C00190,C00190,SV1_C00000,C00000,core23
SV1_C00191,C00191,SV1_C00000,C00000,core23
SV1_C00192,C00192,SV1_C00000,C00000,core23
SV1_C00193,C00193,SV1_C00000,C00000,core23
SV1_C00194,C00194,SV1_C00000,C00000,core23
SV1_C00195,C00195,SV1_C00000,C00000,core23
SV1_C00196,C00196,SV1_C00000,C00000,core23
SV1_C00197,C00197,SV1_C00000,C00000,core23
SV1_C00198,C00198,SV1_C00000,C00000,core23
SV1_C00199,C00199,SV1_C00000,C00000,core23
SV1_C00200,C00200,SV1_C00000,C00000,core23
SV1_C00201,C00201,SV1_C00000,C00000,core23
SV1_C00202,C00202,SV1_C00000,C00000,core23
SV1_C00203,C00203,SV1_C00000,C00000,core23
SV1_C00204,C00204,SV1_C00000,C00000,core23
SV1_C00205,C00205,SV1_C00000,C00000,core23
SV1_C00206,C00206,SV1_C00000,C00000,core23
SV1_C00207,C00207,SV1_C00000,C00000,core23
SV1_C00208,C00208,SV1_C00000,C00000,core23
SV1_C00209,C00209,SV1_C00000,C00000,core23
SV1_C00210,C00210,SV1_C00000,C00000,core23
SV1_C00211,C00211,SV1_C00000,C00000,core23
SV1_C00212,C00212,SV1_C00000,C00000,core23
SV1_C00213,C00213,SV1_C00000,C00000,core23
SV1_C00214,C00214,SV1_C00000,C00000,core23
SV1_C00215,C00215,SV1_C00000,C00000,core23
SV1_C00216,C00216,SV1_C00000,C00000,core23
SV1_C00217,C00217,SV1_C00000,C00000,core23
SV1_C00218,C00218,SV1_C00000,C00000,core23
SV1_C00219,C00219,SV1_C00000,C00000,core23
SV1_C00220,C00220,SV1_C00000,C00000,core23
SV1_C00221,C00221,SV1_C00000,C00000,core23
SV1_C00222,C00222,SV1_C00000,C00000,core23
SV1_C00223,C00223,SV1_C00000,C00000,core23
SV1_C00224,C00224,SV1_C00000,C00000,core23
SV1_C00225,C00225,SV1_C00000,C00000,core23
SV1_C00226,C00226,SV1_C00000,C00000,core23
SV1_C00227,C00227,SV1_C00000,C00000,core23
SV1_C00228,C00228,SV1_C00000,C00000,core23
SV1_C00229,C00229,SV1_C00000,C00000,core23
SV1_C00230,C00230,SV1_C00000,C00000,core23
SV1_C00231,C00231,SV1_C00000,C00000,core23
SV1_C00232,C00232,SV1_C00000,C00000,core23
SV1_C00233,C00233,SV1_C00000,C00000,core23
SV1_C00234,C00234,SV1_C00000,C00000,core23
SV1_C00235,C00235,SV1_C00000,C00000,core23
SV1_C00236,C00236,SV1_C00000,C00000,core23
SV1_C00237,C00237,SV1_C00000,C00000,core23
SV1_C00238,C00238,SV1_C00000,C00000,core23
SV1_C00239,C00239,SV1_C00000,C00000,core23
SV1_C00240,C00240,SV1_C00000,C00000,core23
SV1_C00241,C00241,SV1_C00000,C00000,core23
SV1_C00242,C00242,SV1_C00000,C00000,core23
SV1_C00243,C00243,SV1_C00000,C00000,core23
SV1_C00244,C00244,SV1_C00000,C00000,core23
SV1_C00245,C00245,SV1_C00000,C00000,core23
SV1_C00246,C00246,SV1_C00000,C00000,core23
SV1_C00247,C00247,SV1_C00000,C00000,core23
SV1_C00248,C00248,SV1_C00000,C00000,core23
SV1_C00249,C00249,SV1_C00000,C00000,core23
SV1_C00250,C00250,SV1_C00000,C00000,core23
SV1_C00251,C00251,SV1_C00000,C00000,core23
SV1_C00252,C00252,SV1_C00000,C00000,core23
SV1_C00253,C00253,SV1_C00000,C00000,core23
SV1_C00254,C00254,SV1_C00000,C00000,core23
SV1_C00255,C00255,SV1_C00000,C00000,core23
SV1_C00256,C00256,SV1_C00000,C00000,core23
SV1_C00257,C00257,SV1_C00000,C00000,core23
SV1_C00258,C00258,SV1_C00000,C00000,core23
SV1_C00259,C00259,SV1_C00000,C00000,core23
SV1_C00260,C00260,SV1_C00000,C00000,core23
SV1_C00261,C00261,SV1_C00000,C00000,core23
SV1_C00262,C00262,SV1_C00000,C00000,core23
SV1_C00263,C00263,SV1_C00000,C00000,core23
SV1_C00264,C00264,SV1_C00000,C00000,core23
SV1_C00265,C00265,SV1_C00000,C00000,core23
SV1_C00266,C00266,SV1_C00000,C00000,core23
SV1_C00267,C00267,SV1_C00000,C00000,core23
SV1_C00268,C00268,SV1_C00000,C00000,core23
SV1_C00269,C00269,SV1_C00000,C00000,core23
SV1_C00270,C00270,SV1_C00000,C00000,core23
SV1_C00271,C00271,SV1_C00000,C00000,core23
SV1_C00272,C00272,SV1_C00000,C00000,core23
SV1_C00273,C00273,SV1_C00000,C00000,core23
SV1_C00274,C00274,SV1_C00000,C00000,core23
SV1_C00275,C00275,SV1_C00000,C00000,core23
SV1_C00276,C00276,SV1_C00000,C00000,core23
SV1_C00277,C00277,SV1_C00000,C00000,core23
SV1_C00278,C00278,SV1_C00000,C00000,core23
SV1_C00279,C00279,SV1_C00000,C00000,core23
SV1_C00280,C00280,SV1_C00000,C00000,core23
SV1_C00281,C00281,SV1_C00000,C00000,core23
SV1_C00282,C00282,SV1_C00000,C00000,core23
SV1_C00283,C00283,SV1_C00000,C00000,core23
SV1_C00284,C00284,SV1_C00000,C00000,core23
SV1_C00285,C00285,SV1_C00000,C00000,core23
SV1_C00286,C00286,SV1_C00000,C00000,core23
SV1_C00287,C00287,SV1_C00000,C00000,core23
SV1_C00288,C00288,SV1_C00000,C00000,core23
SV1_C00289,C00289,SV1_C00000,C00000,core23
SV1_C00290,C00290,SV1_C00000,C00000,core23
SV1_C00291,C00291,SV1_C00000,C00000,core23
SV1_C00292,C00292,SV1_C00000,C00000,core23
SV1_C00293,C00293,SV1_C00000,C00000,core23
SV1_C00294,C00294,SV1_C00000,C00000,core23
SV1_C00295,C00295,SV1_C00000,C00000,core23
SV1_C00296,C00296,SV1_C00000,C00000,core23
SV1_C00297,C00297,SV1_C00000,C00000,core23
SV1_C00298,C00298,SV1_C00000,C00000,core23
SV1_C00299,C00299,SV1_C00000,C00000,core23
SV1_C00300,C00300,SV1_C00000,C00000,core23
SV1_C00301,C00301,SV1_C00000,C00000,core23
SV1_C00302,C00302,SV1_C00000,C00000,core23
SV1_C00303,C00303,SV1_C00000,C00000,core23
SV1_C00304,C00304,SV1_C00000,C00000,core23
SV1_C00305,C00305,SV1_C00000,C00000,core23
SV1_C00306,C00306,SV1_C00000,C00000,core23
SV1_C00307,C00307,SV1_C00000,C00000,core23
SV1_C00308,C00308,SV1_C00000,C00000,core23
SV1_C00309,C00309,SV1_C00000,C00000,core23
SV1_C00310,C00310,SV1_C00000,C00000,core23
SV1_C00311,C00311,SV1_C00000,C00000,core23
SV1_C00312,C00312,SV1_C00000,C00000,core23
SV1_C00313,C00313,SV1_C00000,C00000,core23
SV1_C00314,C00314,SV1_C00000,C00000,core23
SV1_C00315,C00315,SV1_C00000,C00000,core23
SV1_C00316,C00316,SV1_C00000,C00000,core23
SV1_C00317,C00317,SV1_C00000,C00000,core23
SV1_C00318,C00318,SV1_C00000,C00000,core23
SV1_C00319,C00319,SV1_C00000,C00000,core23
SV1_C00320,C00320,SV1_C00000,C00000,core23
SV1_C00321,C00321,SV1_C00000,C00000,core23
SV1_C00322,C00322,SV1_C00000,C00000,core23
SV1_C00323,C00323,SV1_C00000,C00000,core23
SV1_C00324,C00324,SV1_C00000,C00000,core23
SV1_C00325,C00325,SV1_C00000,C00000,core23
SV1_C00326,C00326,SV1_C00000,C00000,core23
SV1_C00327,C00327,SV1_C00000,C00000,core23
SV1_C00328,C00328,SV1_C00000,C00000,core23
SV1_C00329,C00329,SV1_C00000,C00000,core23
SV1_C00330,C00330,SV1_C00000,C00000,core23
SV1_C00331,C00331,SV1_C00000,C00000,core23
SV1_C00332,C00332,SV1_C00000,C00000,core23
SV1_C00333,C00333,SV1_C00000,C00000,core23
SV1_C00334,C00334,SV1_C00000,C00000,core23
SV1_C00335,C00335,SV1_C00000,C00000,core23
SV1_C00336,C00336,SV1_C00000,C00000,core23
SV1_C00337,C00337,SV1_C00000,C00000,core23
SV1_C00338,C00338,SV1_C00000,C00000,core23
SV1_C00339,C00339,SV1_C00000,C00000,core23
SV1_C00340,C00340,SV1_C00000,C00000,core23
SV1_C00341,C00341,SV1_C00000,C00000,core23
SV1_C00342,C00342,SV1_C00000,C00000,core23
SV1_C00343,C00343,SV1_C00000,C00000,core23
SV1_C00344,C00344,SV1_C00000,C00000,core23
SV1_C00345,C00345,SV1_C00000,C00000,core23
SV1_C00346,C00346,SV1_C00000,C00000,core23
SV1_C00347,C00347,SV1_C00000,C00000,core23
SV1_C00348,C00348,SV1_C00000,C00000,core23
SV1_C00349,C00349,SV1_C00000,C00000,core23
SV1_C00350,C00350,SV1_C00000,C00000,core23
SV1_C00351,C00351,SV1_C00000,C00000,core23
SV1_C00352,C00352,SV1_C00000,C00000,core23
SV1_C00353,C00353,SV1_C00000,C00000,core23
SV1_C00354,C00354,SV1_C00000,C00000,core23
SV1_C00355,C00355,SV1_C00000,C00000,core23
SV1_C00356,C00356,SV1_C00000,C00000,core23
SV1_C00357,C00357,SV1_C00000,C00000,core23
SV1_C00358,C00358,SV1_C00000,C00000,core23
SV1_C00359,C00359,SV1_C00000,C00000,core23
SV1_C00360,C00360,SV1_C00000,C00000,core23
SV1_C00361,C00361,SV1_C00000,C00000,core23
SV1_C00362,C00362,SV1_C00000,C00000,core23
SV1_C00363,C00363,SV1_C00000,C00000,core23
SV1_C00364,C00364,SV1_C00000,C00000,core23
SV1_C00365,C00365,SV1_C00000,C00000,core23
SV1_C00366,C00366,SV1_C00000,C00000,core23
SV1_C00367,C00367,SV1_C00000,C00000,core23
SV1_C00368,C00368,SV1_C00000,C00000,core23
SV1_C00369,C00369,SV1_C00000,C00000,core23
SV1_C00370,C00370,SV1_C00000,C00000,core23
SV1_C00371,C00371,SV1_C00000,C00000,core23
SV1_C00372,C00372,SV1_C00000,C00000,core23
SV1_C00373,C00373,SV1_C00000,C00000,core23
SV1_C00374,C00374,SV1_C00000,C00000,core23
SV1_C00375,C00375,SV1_C00000,C00000,core23
SV1_C00376,C00376,SV1_C00000,C00000,core23
SV1_C00377,C00377,SV1_C00000,C00000,core23
SV1_C00378,C00378,SV1_C00000,C00000,core23
SV1_C00379,C00379,SV1_C00000,C00000,core23
SV1_C00380,C00380,SV1_C00000,C00000,core23
SV1_C00381,C00381,SV1_C00000,C00000,core23
SV1_C00382,C00382,SV1_C00000,C00000,core23
SV1_C00383,C00383,SV1_C00000,C00000,core23
SV1_C00384,C00384,SV1_C00000,C00000,core23
SV1_C00385,C00385,SV1_C00000,C00000,core23
SV1_C00386,C00386,SV1_C00000,C00000,core23
SV1_C00387,C00387,SV1_C00000,C00000,core23
SV1_C00388,C00388,SV1_C00000,C00000,core23
SV1_C00389,C00389,SV1_C00000,C00000,core23
SV1_C00390,C00390,SV1_C00000,C00000,core23
SV1_C00391,C00391,SV1_C00000,C00000,core23
SV1_C00392,C00392,SV1_C00000,C00000,core23
SV1_C00393,C00393,SV1_C00000,C00000,core23
SV1_C00394,C00394,SV1_C00000,C00000,core23
SV1_C00395,C00395,SV1_C00000,C00000,core23
SV1_C00396,C00396,SV1_C00000,C00000,core23
SV1_C00397,C00397,SV1_C00000,C00000,core23
SV1_C00398,C00398,SV1_C00000,C00000,core23
SV1_C00399,C00399,SV1_C00000,C00000,core23
SV1_C00400,C00400,SV1_C00000,C00000,core23
SV1_C00401,C00401,SV1_C00000,C00000,core23
SV1_C00402,C00402,SV1_C00000,C00000,core23
SV1_C00403,C00403,SV1_C00000,C00000,core23
SV1_C00404,C00404,SV1_C00000,C00000,core23
SV1_C00405,C00405,SV1_C00000,C00000,core23
SV1_C00406,C00406,SV1_C00000,C00000,core23
SV1_C00407,C00407,SV1_C00000,C00000,core23
SV1_C00408,C00408,SV1_C00000,C00000,core23
SV1_C00409,C00409,SV1_C00000,C00000,core23
SV1_C00410,C00410,SV1_C00000,C00000,core23
SV1_C00411,C00411,SV1_C00000,C00000,core23
SV1_C00412,C00412,SV1_C00000,C00000,core23
SV1_C00413,C00413,SV1_C00000,C00000,core23
SV1_C00414,C00414,SV1_C00000,C00000,core23
SV1_C00415,C00415,SV1_C00000,C00000,core23
SV1_C00416,C00416,SV1_C00000,C00000,core23
SV1_C00417,C00417,SV1_C00000,C00000,core23
SV1_C00418,C00418,SV1_C00000,C00000,core23
SV1_C00419,C00419,SV1_C00000,C00000,core23
SV1_C00420,C00420,SV1_C00000,C00000,core23
SV1_C00421,C00421,SV1_C00000,C00000,core23
SV1_C00422,C00422,SV1_C00000,C00000,core23
SV1_C00423,C00423,SV1_C00000,C00000,core23
SV1_C00424,C00424,SV1_C00000,C00000,core23
SV1_C00425,C00425,SV1_C00000,C00000,core23
SV1_C00426,C00426,SV1_C00000,C00000,core23
SV1_C00427,C00427,SV1_C00000,C00000,core23
SV1_C00428,C00428,SV1_C00000,C00000,core23
SV1_C00429,C00429,SV1_C00000,C00000,core23
SV1_C00430,C00430,SV1_C00000,C00000,core23
SV1_C00431,C00431,SV1_C00000,C00000,core23
SV1_C00432,C00432,SV1_C00000,C00000,core23
SV1_C00433,C00433,SV1_C00000,C00000,core23
SV1_C00434,C00434,SV1_C00000,C00000,core23
SV1_C00435,C00435,SV1_C00000,C00000,core23
SV1_C00436,C00436,SV1_C00000,C00000,core23
SV1_C00437,C00437,SV1_C00000,C00000,core23
SV1_C00438,C00438,SV1_C00000,C00000,core23
SV1_C00439,C00439,SV1_C00000,C00000,core23
SV1_C00440,C00440,SV1_C00000,C00000,core23
SV1_C00441,C00441,SV1_C00000,C00000,core23
SV1_C00442,C00442,SV1_C00000,C00000,core23
SV1_C00443,C00443,SV1_C00000,C00000,core23
SV1_C00444,C00444,SV1_C00000,C00000,core23
SV1_C00445,C00445,SV1_C00000,C00000,core23
SV1_C00446,C00446,SV1_C00000,C00000,core23
SV1_C00447,C00447,SV1_C00000,C00000,core23
SV1_C00448,C00448,SV1_C00000,C00000,core23
SV1_C00449,C00449,SV1_C00000,C00000,core23
SV1_C00450,C00450,SV1_C00000,C00000,core23
SV1_C00451,C00451,SV1_C00000,C00000,core23
SV1_C00452,C00452,SV1_C00000,C00000,core23
SV1_C00453,C00453,SV1_C00000,C00000,core23
SV1_C00454,C00454,SV1_C00000,C00000,core23
SV1_C00455,C00455,SV1_C00000,C00000,core23
SV1_C00456,C00456,SV1_C00000,C00000,core23
SV1_C00457,C00457,SV1_C00000,C00000,core23
SV1_C00458,C00458,SV1_C00000,C00000,core23
SV1_C00459,C00459,SV1_C00000,C00000,core23
SV1_C00460,C00460,SV1_C00000,C00000,core23
SV1_C00461,C00461,SV1_C00000,C00000,core23
SV1_C00462,C00462,SV1_C00000,C00000,core23
SV1_C00463,C00463,SV1_C00000,C00000,core23
SV1_C00464,C00464,SV1_C00000,C00000,core23
SV1_C00465,C00465,SV1_C00000,C00000,core23
SV1_C00466,C00466,SV1_C00000,C00000,core23
SV1_C00467,C00467,SV1_C00000,C00000,core23
SV1_C00468,C00468,SV1_C00000,C00000,core23
SV1_C00469,C00469,SV1_C00000,C00000,core23
SV1_C00470,C00470,SV1_C00000,C00000,core23
SV1_C00471,C00471,SV1_C00000,C00000,core23
SV1_C00472,C00472,SV1_C00000,C00000,core23
SV1_C00473,C00473,SV1_C00000,C00000,core23
SV1_C00474,C00474,SV1_C00000,C00000,core23
SV1_C00475,C00475,SV1_C00000,C00000,core23
SV1_C00476,C00476,SV1_C00000,C00000,core23
SV1_C00477,C00477,SV1_C00000,C00000,core23
SV1_C00478,C00478,SV1_C00000,C00000,core23
SV1_C00479,C00479,SV1_C00000,C00000,core23
SV1_C00480,C00480,SV1_C00000,C00000,core23
SV1_C00481,C00481,SV1_C00000,C00000,core23
SV1_C00482,C00482,SV1_C00000,C00000,core23
SV1_C00483,C00483,SV1_C00000,C00000,core23
SV1_C00484,C00484,SV1_C00000,C00000,core23
SV1_C00485,C00485,SV1_C00000,C00000,core23
SV1_C00486,C00486,SV1_C00000,C00000,core23
SV1_C00487,C00487,SV1_C00000,C00000,core23
SV1_C00488,C00488,SV1_C00000,C00000,core23
SV1_C00489,C00489,SV1_C00000,C00000,core23
SV1_C00490,C00490,SV1_C00000,C00000,core23
SV1_C00491,C00491,SV1_C00000,C00000,core23
SV1_C00492,C00492,SV1_C00000,C00000,core23
SV1_C00493,C00493,SV1_C00000,C00000,core23
SV1_C00494,C00494,SV1_C00000,C00000,core23
SV1_C00495,C00495,SV1_C00000,C00000,core23
SV1_C00496,C00496,SV1_C00000,C00000,core23
SV1_C00497,C00497,SV1_C00000,C00000,core23
SV1_C00498,C00498,SV1_C00000,C00000,core23
SV1_C00499,C00499,SV1_C00000,C00000,core23
