map_id,validation_status,reason,source_type,archetype
v2_osm_lapland_rural_sparse_offset_n_1000m_1500m_0211,FAIL,generation_failed,osm,rural_roads
v2_osm_lapland_rural_sparse_offset_n_1000m_1500m_0551,FAIL,generation_failed,osm,rural_roads
v2_osm_manhattan_midtown_exact_500m_0m_0060,FAIL,generation_failed,osm,urban_grid
v2_osm_manhattan_midtown_exact_500m_0m_0145,FAIL,generation_failed,osm,urban_grid
v2_osm_manhattan_midtown_exact_500m_0m_0230,FAIL,generation_failed,osm,urban_grid
v2_osm_manhattan_midtown_exact_500m_0m_0315,FAIL,generation_failed,osm,urban_grid
v2_osm_manhattan_midtown_exact_500m_0m_0400,FAIL,generation_failed,osm,urban_grid
v2_osm_manhattan_midtown_exact_500m_0m_0485,FAIL,generation_failed,osm,urban_grid
v2_osm_manhattan_midtown_exact_500m_0m_0570,FAIL,generation_failed,osm,urban_grid
v2_osm_manhattan_midtown_exact_500m_0m_0655,FAIL,generation_failed,osm,urban_grid
v2_osm_manhattan_midtown_exact_500m_0m_0740,FAIL,generation_failed,osm,urban_grid
v2_osm_manhattan_midtown_exact_500m_0m_0825,FAIL,generation_failed,osm,urban_grid
v2_osm_manhattan_midtown_exact_500m_0m_seed,FAIL,generation_failed,osm,urban_grid
v2_osm_nuuksio_sparse_trails_exact_500m_0m_0045,FAIL,generation_failed,osm,sparse_trails
v2_osm_nuuksio_sparse_trails_exact_500m_0m_0130,FAIL,generation_failed,osm,sparse_trails
v2_osm_nuuksio_sparse_trails_exact_500m_0m_0215,FAIL,generation_failed,osm,sparse_trails
v2_osm_nuuksio_sparse_trails_exact_500m_0m_0300,FAIL,generation_failed,osm,sparse_trails
v2_osm_nuuksio_sparse_trails_exact_500m_0m_0385,FAIL,generation_failed,osm,sparse_trails
v2_osm_nuuksio_sparse_trails_exact_500m_0m_0470,FAIL,generation_failed,osm,sparse_trails
v2_osm_nuuksio_sparse_trails_exact_500m_0m_0555,FAIL,generation_failed,osm,sparse_trails
v2_osm_nuuksio_sparse_trails_exact_500m_0m_0640,FAIL,generation_failed,osm,sparse_trails
v2_osm_nuuksio_sparse_trails_exact_500m_0m_0725,FAIL,generation_failed,osm,sparse_trails
v2_osm_nuuksio_sparse_trails_exact_500m_0m_0810,FAIL,generation_failed,osm,sparse_trails
v2_osm_nuuksio_sparse_trails_exact_500m_0m_seed,FAIL,generation_failed,osm,sparse_trails
v2_osm_nuuksio_sparse_trails_offset_n_1000m_1000m_0266,FAIL,generation_failed,osm,sparse_trails
v2_osm_nuuksio_sparse_trails_offset_n_1000m_1000m_0606,FAIL,generation_failed,osm,sparse_trails
v2_osm_nuuksio_sparse_trails_offset_n_1000m_1500m_0011,FAIL,generation_failed,osm,sparse_trails
v2_osm_nuuksio_sparse_trails_offset_n_1000m_1500m_0351,FAIL,generation_failed,osm,sparse_trails
v2_osm_nuuksio_sparse_trails_offset_n_1000m_1500m_0691,FAIL,generation_failed,osm,sparse_trails
v2_osm_nuuksio_sparse_trails_offset_n_1000m_500m_0181,FAIL,generation_failed,osm,sparse_trails
v2_osm_nuuksio_sparse_trails_offset_n_1000m_500m_0521,FAIL,generation_failed,osm,sparse_trails
v2_osm_nuuksio_sparse_trails_offset_n_1000m_500m_0861,FAIL,generation_failed,osm,sparse_trails
v2_osm_tampere_suburban_exact_500m_0m_0050,FAIL,generation_failed,osm,suburban_low_density
v2_osm_tampere_suburban_exact_500m_0m_0135,FAIL,generation_failed,osm,suburban_low_density
v2_osm_tampere_suburban_exact_500m_0m_0220,FAIL,generation_failed,osm,suburban_low_density
v2_osm_tampere_suburban_exact_500m_0m_0305,FAIL,generation_failed,osm,suburban_low_density
v2_osm_tampere_suburban_exact_500m_0m_0390,FAIL,generation_failed,osm,suburban_low_density
v2_osm_tampere_suburban_exact_500m_0m_0475,FAIL,generation_failed,osm,suburban_low_density
v2_osm_tampere_suburban_exact_500m_0m_0560,FAIL,generation_failed,osm,suburban_low_density
v2_osm_tampere_suburban_exact_500m_0m_0645,FAIL,generation_failed,osm,suburban_low_density
v2_osm_tampere_suburban_exact_500m_0m_0730,FAIL,generation_failed,osm,suburban_low_density
v2_osm_tampere_suburban_exact_500m_0m_0815,FAIL,generation_failed,osm,suburban_low_density
v2_osm_tampere_suburban_exact_500m_0m_seed,FAIL,generation_failed,osm,suburban_low_density
v2_osm_tampere_suburban_offset_n_1000m_1000m_0186,FAIL,generation_failed,osm,suburban_low_density
v2_osm_tampere_suburban_offset_n_1000m_1000m_0526,FAIL,generation_failed,osm,suburban_low_density
v2_osm_tampere_suburban_offset_n_1000m_1000m_0866,FAIL,generation_failed,osm,suburban_low_density
v2_osm_tampere_suburban_offset_n_1000m_200m_0016,FAIL,generation_failed,osm,suburban_low_density
v2_osm_tampere_suburban_offset_n_1000m_200m_0356,FAIL,generation_failed,osm,suburban_low_density
v2_osm_tampere_suburban_offset_n_1000m_200m_0696,FAIL,generation_failed,osm,suburban_low_density
v2_osm_tampere_suburban_offset_n_1000m_500m_0101,FAIL,generation_failed,osm,suburban_low_density
v2_osm_tampere_suburban_offset_n_1000m_500m_0441,FAIL,generation_failed,osm,suburban_low_density
v2_osm_tampere_suburban_offset_n_1000m_500m_0781,FAIL,generation_failed,osm,suburban_low_density
v2_syn_bus_route_corridor_0000,FAIL,generation_failed,synthetic,bus_route_urban_suburban
v2_syn_bus_route_corridor_0026,FAIL,generation_failed,synthetic,bus_route_urban_suburban
v2_syn_bus_route_corridor_0052,FAIL,generation_failed,synthetic,bus_route_urban_suburban
v2_syn_bus_route_corridor_0065,FAIL,generation_failed,synthetic,bus_route_urban_suburban
v2_syn_bus_route_corridor_0078,FAIL,generation_failed,synthetic,bus_route_urban_suburban
v2_syn_bus_route_corridor_0091,FAIL,generation_failed,synthetic,bus_route_urban_suburban
v2_syn_bus_route_corridor_0130,FAIL,generation_failed,synthetic,bus_route_urban_suburban
v2_syn_bus_route_corridor_0156,FAIL,generation_failed,synthetic,bus_route_urban_suburban
v2_syn_bus_route_corridor_0182,FAIL,generation_failed,synthetic,bus_route_urban_suburban
v2_syn_bus_route_corridor_0195,FAIL,generation_failed,synthetic,bus_route_urban_suburban
v2_syn_bus_route_corridor_0208,FAIL,generation_failed,synthetic,bus_route_urban_suburban
v2_syn_bus_route_corridor_0234,FAIL,generation_failed,synthetic,bus_route_urban_suburban
v2_syn_bus_route_corridor_0260,FAIL,generation_failed,synthetic,bus_route_urban_suburban
v2_syn_bus_route_corridor_0286,FAIL,generation_failed,synthetic,bus_route_urban_suburban
v2_syn_bus_route_corridor_0312,FAIL,generation_failed,synthetic,bus_route_urban_suburban
v2_syn_bus_route_corridor_0325,FAIL,generation_failed,synthetic,bus_route_urban_suburban
v2_syn_bus_route_corridor_0338,FAIL,generation_failed,synthetic,bus_route_urban_suburban
v2_syn_bus_route_corridor_0351,FAIL,generation_failed,synthetic,bus_route_urban_suburban
v2_syn_bus_route_corridor_0364,FAIL,generation_failed,synthetic,bus_route_urban_suburban
v2_syn_bus_route_corridor_0390,FAIL,generation_failed,synthetic,bus_route_urban_suburban
v2_syn_bus_route_corridor_0416,FAIL,generation_failed,synthetic,bus_route_urban_suburban
v2_syn_bus_route_corridor_0442,FAIL,generation_failed,synthetic,bus_route_urban_suburban
v2_syn_bus_route_corridor_0455,FAIL,generation_failed,synthetic,bus_route_urban_suburban
v2_syn_bus_route_corridor_0468,FAIL,generation_failed,synthetic,bus_route_urban_suburban
v2_syn_bus_route_corridor_0481,FAIL,generation_failed,synthetic,bus_route_urban_suburban
v2_syn_bus_route_corridor_0494,FAIL,generation_failed,synthetic,bus_route_urban_suburban
v2_syn_bus_route_corridor_0520,FAIL,generation_failed,synthetic,bus_route_urban_suburban
v2_syn_bus_route_corridor_0546,FAIL,generation_failed,synthetic,bus_route_urban_suburban
v2_syn_bus_route_corridor_0572,FAIL,generation_failed,synthetic,bus_route_urban_suburban
v2_syn_bus_route_corridor_0585,FAIL,generation_failed,synthetic,bus_route_urban_suburban
v2_syn_bus_route_corridor_0598,FAIL,generation_failed,synthetic,bus_route_urban_suburban
v2_syn_bus_route_corridor_0624,FAIL,generation_failed,synthetic,bus_route_urban_suburban
v2_syn_bus_route_corridor_0650,FAIL,generation_failed,synthetic,bus_route_urban_suburban
v2_syn_bus_route_corridor_0676,FAIL,generation_failed,synthetic,bus_route_urban_suburban
v2_syn_bus_route_corridor_0702,FAIL,generation_failed,synthetic,bus_route_urban_suburban
v2_syn_bus_route_corridor_0715,FAIL,generation_failed,synthetic,bus_route_urban_suburban
v2_syn_bus_route_corridor_0728,FAIL,generation_failed,synthetic,bus_route_urban_suburban
v2_syn_bus_route_corridor_0741,FAIL,generation_failed,synthetic,bus_route_urban_suburban
v2_syn_bus_route_corridor_0754,FAIL,generation_failed,synthetic,bus_route_urban_suburban
v2_syn_bus_route_corridor_0780,FAIL,generation_failed,synthetic,bus_route_urban_suburban
v2_syn_bus_route_corridor_seed,FAIL,generation_failed,synthetic,bus_route_urban_suburban
v2_syn_campus_compact_0040,FAIL,generation_failed,synthetic,campus_compact
v2_syn_campus_compact_0066,FAIL,generation_failed,synthetic,campus_compact
v2_syn_campus_compact_0092,FAIL,generation_failed,synthetic,campus_compact
v2_syn_campus_compact_0170,FAIL,generation_failed,synthetic,campus_compact
v2_syn_campus_compact_0196,FAIL,generation_failed,synthetic,campus_compact
v2_syn_campus_compact_0222,FAIL,generation_failed,synthetic,campus_compact
v2_syn_campus_compact_0300,FAIL,generation_failed,synthetic,campus_compact
v2_syn_campus_compact_0326,FAIL,generation_failed,synthetic,campus_compact
v2_syn_campus_compact_0352,FAIL,generation_failed,synthetic,campus_compact
v2_syn_campus_compact_0430,FAIL,generation_failed,synthetic,campus_compact
v2_syn_campus_compact_0456,FAIL,generation_failed,synthetic,campus_compact
v2_syn_campus_compact_0482,FAIL,generation_failed,synthetic,campus_compact
v2_syn_campus_compact_0560,FAIL,generation_failed,synthetic,campus_compact
v2_syn_campus_compact_0586,FAIL,generation_failed,synthetic,campus_compact
v2_syn_campus_compact_0612,FAIL,generation_failed,synthetic,campus_compact
v2_syn_campus_compact_0690,FAIL,generation_failed,synthetic,campus_compact
v2_syn_campus_compact_0716,FAIL,generation_failed,synthetic,campus_compact
v2_syn_campus_compact_0742,FAIL,generation_failed,synthetic,campus_compact
v2_syn_campus_compact_seed,FAIL,generation_failed,synthetic,campus_compact
v2_syn_corridor_0030,FAIL,generation_failed,synthetic,corridor_linear
v2_syn_corridor_0108,FAIL,generation_failed,synthetic,corridor_linear
v2_syn_corridor_0186,FAIL,generation_failed,synthetic,corridor_linear
v2_syn_corridor_0264,FAIL,generation_failed,synthetic,corridor_linear
v2_syn_corridor_0342,FAIL,generation_failed,synthetic,corridor_linear
v2_syn_corridor_0420,FAIL,generation_failed,synthetic,corridor_linear
v2_syn_corridor_0498,FAIL,generation_failed,synthetic,corridor_linear
v2_syn_corridor_0576,FAIL,generation_failed,synthetic,corridor_linear
v2_syn_corridor_0654,FAIL,generation_failed,synthetic,corridor_linear
v2_syn_corridor_0732,FAIL,generation_failed,synthetic,corridor_linear
v2_syn_corridor_seed,FAIL,generation_failed,synthetic,corridor_linear
v2_syn_radial_city_0036,FAIL,generation_failed,synthetic,radial_city
v2_syn_radial_city_0114,FAIL,generation_failed,synthetic,radial_city
v2_syn_radial_city_0192,FAIL,generation_failed,synthetic,radial_city
v2_syn_radial_city_0270,FAIL,generation_failed,synthetic,radial_city
v2_syn_radial_city_0348,FAIL,generation_failed,synthetic,radial_city
v2_syn_radial_city_0426,FAIL,generation_failed,synthetic,radial_city
v2_syn_radial_city_0504,FAIL,generation_failed,synthetic,radial_city
v2_syn_radial_city_0582,FAIL,generation_failed,synthetic,radial_city
v2_syn_radial_city_0660,FAIL,generation_failed,synthetic,radial_city
v2_syn_radial_city_0738,FAIL,generation_failed,synthetic,radial_city
v2_syn_radial_city_seed,FAIL,generation_failed,synthetic,radial_city
v2_syn_sparse_rural_0154,FAIL,other,synthetic,rural_roads
v2_syn_sparse_rural_0245,FAIL,other;disconnected_unmarked,synthetic,rural_roads
v2_syn_sparse_rural_0336,FAIL,generation_failed,synthetic,rural_roads
v2_syn_sparse_rural_0609,FAIL,other,synthetic,rural_roads
v2_syn_sparse_rural_0700,FAIL,other,synthetic,rural_roads
v2_syn_sparse_rural_seed,FAIL,other;disconnected_unmarked,synthetic,rural_roads
