settings_path,tree,scenario_name,map_file1,world_size,group1_movement,group1_route_file,route_files,legacy_bus_refs,issues,status
scenarios/base_scenarios/05_disaster/D1_ShelterHotspots_Clusters.settings,base_scenarios,D1_ShelterHotspots_Clusters,data/HelsinkiDisrupted/roads.wkt,"2067, 2206",ClusterMovement,,,0,,PASS
scenarios/base_scenarios/05_disaster/D2_PartitionedCity_MuleBridge.settings,base_scenarios,D2_PartitionedCity_MuleBridge,data/HelsinkiDisrupted/roads.wkt,"2067, 2206",ClusterMovement,,,0,,PASS
scenarios/base_scenarios/05_disaster/D3_Aftershock_ErraticMobility.settings,base_scenarios,D3_Aftershock_ErraticMobility,data/HelsinkiDisrupted/roads.wkt,"2067, 2206",,,,0,,PASS
scenarios/base_scenarios/05_disaster/D4_MedicalTriage_TwoClasses.settings,base_scenarios,D4_MedicalTriage_TwoClasses,data/HelsinkiDisrupted/roads.wkt,"2067, 2206",,,,0,,PASS
scenarios/base_scenarios/05_disaster/D5_UAVMule_FastRoute_HelsinkiDisrupted.settings,base_scenarios,D5_UAVMule_FastRoute_HelsinkiDisrupted,data/HelsinkiDisrupted/roads.wkt,"2067, 2206",ShortestPathMapBasedMovement,,Group2.routeFile=data/HelsinkiDisrupted/A_emergency_route.wkt,0,,PASS
scenarios/base_scenarios/05_disaster/D6_ShortTtlCritical_5to10min.settings,base_scenarios,D6_ShortTtlCritical_5to10min,data/HelsinkiDisrupted/roads.wkt,"2067, 2206",,,,0,,PASS
scenarios/base_scenarios/05_disaster/D7_HighLoad_TrafficStorm.settings,base_scenarios,D7_HighLoad_TrafficStorm,data/HelsinkiDisrupted/roads.wkt,"2067, 2206",,,,0,,PASS
scenarios/base_scenarios/05_disaster/D8_InfrastructureReturns_BackboneLinks.settings,base_scenarios,D8_InfrastructureReturns_BackboneLinks,data/HelsinkiDisrupted/roads.wkt,"2067, 2206",ClusterMovement,,,0,,PASS
scenarios/base_scenarios/05_disaster/D9_Critical_1minTTL.settings,base_scenarios,D9_Critical_1minTTL,data/HelsinkiDisrupted/roads.wkt,"2067, 2206",,,,0,,PASS
scenarios/corpus_v1/05_disaster/D1_ShelterHotspots_Clusters__TP01_Baseline.settings,corpus_v1,D1_ShelterHotspots_Clusters__TP01_Baseline,data/HelsinkiDisrupted/roads.wkt,"2067, 2206",ClusterMovement,,,0,,PASS
scenarios/corpus_v1/05_disaster/D1_ShelterHotspots_Clusters__TP02_LowLoad.settings,corpus_v1,D1_ShelterHotspots_Clusters__TP02_LowLoad,data/HelsinkiDisrupted/roads.wkt,"2067, 2206",ClusterMovement,,,0,,PASS
scenarios/corpus_v1/05_disaster/D1_ShelterHotspots_Clusters__TP03_ManySmall.settings,corpus_v1,D1_ShelterHotspots_Clusters__TP03_ManySmall,data/HelsinkiDisrupted/roads.wkt,"2067, 2206",ClusterMovement,,,0,,PASS
scenarios/corpus_v1/05_disaster/D1_ShelterHotspots_Clusters__TP04_FewLarge.settings,corpus_v1,D1_ShelterHotspots_Clusters__TP04_FewLarge,data/HelsinkiDisrupted/roads.wkt,"2067, 2206",ClusterMovement,,,0,,PASS
scenarios/corpus_v1/05_disaster/D1_ShelterHotspots_Clusters__TP05_CriticalTTL.settings,corpus_v1,D1_ShelterHotspots_Clusters__TP05_CriticalTTL,data/HelsinkiDisrupted/roads.wkt,"2067, 2206",ClusterMovement,,,0,,PASS
scenarios/corpus_v1/05_disaster/D1_ShelterHotspots_Clusters__TP06_OneToMany.settings,corpus_v1,D1_ShelterHotspots_Clusters__TP06_OneToMany,data/HelsinkiDisrupted/roads.wkt,"2067, 2206",ClusterMovement,,,0,,PASS
scenarios/corpus_v1/05_disaster/D1_ShelterHotspots_Clusters__TP07_BurstWindow.settings,corpus_v1,D1_ShelterHotspots_Clusters__TP07_BurstWindow,data/HelsinkiDisrupted/roads.wkt,"2067, 2206",ClusterMovement,,,0,,PASS
scenarios/corpus_v1/05_disaster/D1_ShelterHotspots_Clusters__TP08_HubTarget.settings,corpus_v1,D1_ShelterHotspots_Clusters__TP08_HubTarget,data/HelsinkiDisrupted/roads.wkt,"2067, 2206",ClusterMovement,,,0,,PASS
scenarios/corpus_v1/05_disaster/D1_ShelterHotspots_Clusters__TP09_Bimodal.settings,corpus_v1,D1_ShelterHotspots_Clusters__TP09_Bimodal,data/HelsinkiDisrupted/roads.wkt,"2067, 2206",ClusterMovement,,,0,,PASS
scenarios/corpus_v1/05_disaster/D1_ShelterHotspots_Clusters__TP10_Storm.settings,corpus_v1,D1_ShelterHotspots_Clusters__TP10_Storm,data/HelsinkiDisrupted/roads.wkt,"2067, 2206",ClusterMovement,,,0,,PASS
scenarios/corpus_v1/05_disaster/D1_ShelterHotspots_Clusters__TP11_ManyToOne.settings,corpus_v1,D1_ShelterHotspots_Clusters__TP11_ManyToOne,data/HelsinkiDisrupted/roads.wkt,"2067, 2206",ClusterMovement,,,0,,PASS
scenarios/corpus_v1/05_disaster/D1_ShelterHotspots_Clusters__TP12_GroupToGroup.settings,corpus_v1,D1_ShelterHotspots_Clusters__TP12_GroupToGroup,data/HelsinkiDisrupted/roads.wkt,"2067, 2206",ClusterMovement,,,0,,PASS
scenarios/corpus_v1/05_disaster/D2_PartitionedCity_MuleBridge__TP01_Baseline.settings,corpus_v1,D2_PartitionedCity_MuleBridge__TP01_Baseline,data/HelsinkiDisrupted/roads.wkt,"2067, 2206",ClusterMovement,,,0,,PASS
scenarios/corpus_v1/05_disaster/D2_PartitionedCity_MuleBridge__TP02_LowLoad.settings,corpus_v1,D2_PartitionedCity_MuleBridge__TP02_LowLoad,data/HelsinkiDisrupted/roads.wkt,"2067, 2206",ClusterMovement,,,0,,PASS
scenarios/corpus_v1/05_disaster/D2_PartitionedCity_MuleBridge__TP03_ManySmall.settings,corpus_v1,D2_PartitionedCity_MuleBridge__TP03_ManySmall,data/HelsinkiDisrupted/roads.wkt,"2067, 2206",ClusterMovement,,,0,,PASS
scenarios/corpus_v1/05_disaster/D2_PartitionedCity_MuleBridge__TP04_FewLarge.settings,corpus_v1,D2_PartitionedCity_MuleBridge__TP04_FewLarge,data/HelsinkiDisrupted/roads.wkt,"2067, 2206",ClusterMovement,,,0,,PASS
scenarios/corpus_v1/05_disaster/D2_PartitionedCity_MuleBridge__TP05_CriticalTTL.settings,corpus_v1,D2_PartitionedCity_MuleBridge__TP05_CriticalTTL,data/HelsinkiDisrupted/roads.wkt,"2067, 2206",ClusterMovement,,,0,,PASS
scenarios/corpus_v1/05_disaster/D2_PartitionedCity_MuleBridge__TP06_OneToMany.settings,corpus_v1,D2_PartitionedCity_MuleBridge__TP06_OneToMany,data/HelsinkiDisrupted/roads.wkt,"2067, 2206",ClusterMovement,,,0,,PASS
scenarios/corpus_v1/05_disaster/D2_PartitionedCity_MuleBridge__TP07_BurstWindow.settings,corpus_v1,D2_PartitionedCity_MuleBridge__TP07_BurstWindow,data/HelsinkiDisrupted/roads.wkt,"2067, 2206",ClusterMovement,,,0,,PASS
scenarios/corpus_v1/05_disaster/D2_PartitionedCity_MuleBridge__TP08_HubTarget.settings,corpus_v1,D2_PartitionedCity_MuleBridge__TP08_HubTarget,data/HelsinkiDisrupted/roads.wkt,"2067, 2206",ClusterMovement,,,0,,PASS
scenarios/corpus_v1/05_disaster/D2_PartitionedCity_MuleBridge__TP09_Bimodal.settings,corpus_v1,D2_PartitionedCity_MuleBridge__TP09_Bimodal,data/HelsinkiDisrupted/roads.wkt,"2067, 2206",ClusterMovement,,,0,,PASS
scenarios/corpus_v1/05_disaster/D2_PartitionedCity_MuleBridge__TP10_Storm.settings,corpus_v1,D2_PartitionedCity_MuleBridge__TP10_Storm,data/HelsinkiDisrupted/roads.wkt,"2067, 2206",ClusterMovement,,,0,,PASS
scenarios/corpus_v1/05_disaster/D2_PartitionedCity_MuleBridge__TP11_ManyToOne.settings,corpus_v1,D2_PartitionedCity_MuleBridge__TP11_ManyToOne,data/HelsinkiDisrupted/roads.wkt,"2067, 2206",ClusterMovement,,,0,,PASS
scenarios/corpus_v1/05_disaster/D2_PartitionedCity_MuleBridge__TP12_GroupToGroup.settings,corpus_v1,D2_PartitionedCity_MuleBridge__TP12_GroupToGroup,data/HelsinkiDisrupted/roads.wkt,"2067, 2206",ClusterMovement,,,0,,PASS
scenarios/corpus_v1/05_disaster/D3_Aftershock_ErraticMobility__TP01_Baseline.settings,corpus_v1,D3_Aftershock_ErraticMobility__TP01_Baseline,data/HelsinkiDisrupted/roads.wkt,"2067, 2206",,,,0,,PASS
scenarios/corpus_v1/05_disaster/D3_Aftershock_ErraticMobility__TP02_LowLoad.settings,corpus_v1,D3_Aftershock_ErraticMobility__TP02_LowLoad,data/HelsinkiDisrupted/roads.wkt,"2067, 2206",,,,0,,PASS
scenarios/corpus_v1/05_disaster/D3_Aftershock_ErraticMobility__TP03_ManySmall.settings,corpus_v1,D3_Aftershock_ErraticMobility__TP03_ManySmall,data/HelsinkiDisrupted/roads.wkt,"2067, 2206",,,,0,,PASS
scenarios/corpus_v1/05_disaster/D3_Aftershock_ErraticMobility__TP04_FewLarge.settings,corpus_v1,D3_Aftershock_ErraticMobility__TP04_FewLarge,data/HelsinkiDisrupted/roads.wkt,"2067, 2206",,,,0,,PASS
scenarios/corpus_v1/05_disaster/D3_Aftershock_ErraticMobility__TP05_CriticalTTL.settings,corpus_v1,D3_Aftershock_ErraticMobility__TP05_CriticalTTL,data/HelsinkiDisrupted/roads.wkt,"2067, 2206",,,,0,,PASS
scenarios/corpus_v1/05_disaster/D3_Aftershock_ErraticMobility__TP06_OneToMany.settings,corpus_v1,D3_Aftershock_ErraticMobility__TP06_OneToMany,data/HelsinkiDisrupted/roads.wkt,"2067, 2206",,,,0,,PASS
scenarios/corpus_v1/05_disaster/D3_Aftershock_ErraticMobility__TP07_BurstWindow.settings,corpus_v1,D3_Aftershock_ErraticMobility__TP07_BurstWindow,data/HelsinkiDisrupted/roads.wkt,"2067, 2206",,,,0,,PASS
scenarios/corpus_v1/05_disaster/D3_Aftershock_ErraticMobility__TP08_HubTarget.settings,corpus_v1,D3_Aftershock_ErraticMobility__TP08_HubTarget,data/HelsinkiDisrupted/roads.wkt,"2067, 2206",,,,0,,PASS
scenarios/corpus_v1/05_disaster/D3_Aftershock_ErraticMobility__TP09_Bimodal.settings,corpus_v1,D3_Aftershock_ErraticMobility__TP09_Bimodal,data/HelsinkiDisrupted/roads.wkt,"2067, 2206",,,,0,,PASS
scenarios/corpus_v1/05_disaster/D3_Aftershock_ErraticMobility__TP10_Storm.settings,corpus_v1,D3_Aftershock_ErraticMobility__TP10_Storm,data/HelsinkiDisrupted/roads.wkt,"2067, 2206",,,,0,,PASS
scenarios/corpus_v1/05_disaster/D3_Aftershock_ErraticMobility__TP11_ManyToOne.settings,corpus_v1,D3_Aftershock_ErraticMobility__TP11_ManyToOne,data/HelsinkiDisrupted/roads.wkt,"2067, 2206",,,,0,,PASS
scenarios/corpus_v1/05_disaster/D3_Aftershock_ErraticMobility__TP12_GroupToGroup.settings,corpus_v1,D3_Aftershock_ErraticMobility__TP12_GroupToGroup,data/HelsinkiDisrupted/roads.wkt,"2067, 2206",,,,0,,PASS
scenarios/corpus_v1/05_disaster/D4_MedicalTriage_TwoClasses__TP01_Baseline.settings,corpus_v1,D4_MedicalTriage_TwoClasses__TP01_Baseline,data/HelsinkiDisrupted/roads.wkt,"2067, 2206",,,,0,,PASS
scenarios/corpus_v1/05_disaster/D4_MedicalTriage_TwoClasses__TP02_LowLoad.settings,corpus_v1,D4_MedicalTriage_TwoClasses__TP02_LowLoad,data/HelsinkiDisrupted/roads.wkt,"2067, 2206",,,,0,,PASS
scenarios/corpus_v1/05_disaster/D4_MedicalTriage_TwoClasses__TP03_ManySmall.settings,corpus_v1,D4_MedicalTriage_TwoClasses__TP03_ManySmall,data/HelsinkiDisrupted/roads.wkt,"2067, 2206",,,,0,,PASS
scenarios/corpus_v1/05_disaster/D4_MedicalTriage_TwoClasses__TP04_FewLarge.settings,corpus_v1,D4_MedicalTriage_TwoClasses__TP04_FewLarge,data/HelsinkiDisrupted/roads.wkt,"2067, 2206",,,,0,,PASS
scenarios/corpus_v1/05_disaster/D4_MedicalTriage_TwoClasses__TP05_CriticalTTL.settings,corpus_v1,D4_MedicalTriage_TwoClasses__TP05_CriticalTTL,data/HelsinkiDisrupted/roads.wkt,"2067, 2206",,,,0,,PASS
scenarios/corpus_v1/05_disaster/D4_MedicalTriage_TwoClasses__TP06_OneToMany.settings,corpus_v1,D4_MedicalTriage_TwoClasses__TP06_OneToMany,data/HelsinkiDisrupted/roads.wkt,"2067, 2206",,,,0,,PASS
scenarios/corpus_v1/05_disaster/D4_MedicalTriage_TwoClasses__TP07_BurstWindow.settings,corpus_v1,D4_MedicalTriage_TwoClasses__TP07_BurstWindow,data/HelsinkiDisrupted/roads.wkt,"2067, 2206",,,,0,,PASS
scenarios/corpus_v1/05_disaster/D4_MedicalTriage_TwoClasses__TP08_HubTarget.settings,corpus_v1,D4_MedicalTriage_TwoClasses__TP08_HubTarget,data/HelsinkiDisrupted/roads.wkt,"2067, 2206",,,,0,,PASS
scenarios/corpus_v1/05_disaster/D4_MedicalTriage_TwoClasses__TP09_Bimodal.settings,corpus_v1,D4_MedicalTriage_TwoClasses__TP09_Bimodal,data/HelsinkiDisrupted/roads.wkt,"2067, 2206",,,,0,,PASS
scenarios/corpus_v1/05_disaster/D4_MedicalTriage_TwoClasses__TP10_Storm.settings,corpus_v1,D4_MedicalTriage_TwoClasses__TP10_Storm,data/HelsinkiDisrupted/roads.wkt,"2067, 2206",,,,0,,PASS
scenarios/corpus_v1/05_disaster/D4_MedicalTriage_TwoClasses__TP11_ManyToOne.settings,corpus_v1,D4_MedicalTriage_TwoClasses__TP11_ManyToOne,data/HelsinkiDisrupted/roads.wkt,"2067, 2206",,,,0,,PASS
scenarios/corpus_v1/05_disaster/D4_MedicalTriage_TwoClasses__TP12_GroupToGroup.settings,corpus_v1,D4_MedicalTriage_TwoClasses__TP12_GroupToGroup,data/HelsinkiDisrupted/roads.wkt,"2067, 2206",,,,0,,PASS
scenarios/corpus_v1/05_disaster/D5_UAVMule_FastRoute_HelsinkiDisrupted__TP01_Baseline.settings,corpus_v1,D5_UAVMule_FastRoute_HelsinkiDisrupted__TP01_Baseline,data/HelsinkiDisrupted/roads.wkt,"2067, 2206",ShortestPathMapBasedMovement,,Group2.routeFile=data/HelsinkiDisrupted/A_emergency_route.wkt,0,,PASS
scenarios/corpus_v1/05_disaster/D5_UAVMule_FastRoute_HelsinkiDisrupted__TP02_LowLoad.settings,corpus_v1,D5_UAVMule_FastRoute_HelsinkiDisrupted__TP02_LowLoad,data/HelsinkiDisrupted/roads.wkt,"2067, 2206",ShortestPathMapBasedMovement,,Group2.routeFile=data/HelsinkiDisrupted/A_emergency_route.wkt,0,,PASS
scenarios/corpus_v1/05_disaster/D5_UAVMule_FastRoute_HelsinkiDisrupted__TP03_ManySmall.settings,corpus_v1,D5_UAVMule_FastRoute_HelsinkiDisrupted__TP03_ManySmall,data/HelsinkiDisrupted/roads.wkt,"2067, 2206",ShortestPathMapBasedMovement,,Group2.routeFile=data/HelsinkiDisrupted/A_emergency_route.wkt,0,,PASS
scenarios/corpus_v1/05_disaster/D5_UAVMule_FastRoute_HelsinkiDisrupted__TP04_FewLarge.settings,corpus_v1,D5_UAVMule_FastRoute_HelsinkiDisrupted__TP04_FewLarge,data/HelsinkiDisrupted/roads.wkt,"2067, 2206",ShortestPathMapBasedMovement,,Group2.routeFile=data/HelsinkiDisrupted/A_emergency_route.wkt,0,,PASS
scenarios/corpus_v1/05_disaster/D5_UAVMule_FastRoute_HelsinkiDisrupted__TP05_CriticalTTL.settings,corpus_v1,D5_UAVMule_FastRoute_HelsinkiDisrupted__TP05_CriticalTTL,data/HelsinkiDisrupted/roads.wkt,"2067, 2206",ShortestPathMapBasedMovement,,Group2.routeFile=data/HelsinkiDisrupted/A_emergency_route.wkt,0,,PASS
scenarios/corpus_v1/05_disaster/D5_UAVMule_FastRoute_HelsinkiDisrupted__TP06_OneToMany.settings,corpus_v1,D5_UAVMule_FastRoute_HelsinkiDisrupted__TP06_OneToMany,data/HelsinkiDisrupted/roads.wkt,"2067, 2206",ShortestPathMapBasedMovement,,Group2.routeFile=data/HelsinkiDisrupted/A_emergency_route.wkt,0,,PASS
scenarios/corpus_v1/05_disaster/D5_UAVMule_FastRoute_HelsinkiDisrupted__TP07_BurstWindow.settings,corpus_v1,D5_UAVMule_FastRoute_HelsinkiDisrupted__TP07_BurstWindow,data/HelsinkiDisrupted/roads.wkt,"2067, 2206",ShortestPathMapBasedMovement,,Group2.routeFile=data/HelsinkiDisrupted/A_emergency_route.wkt,0,,PASS
scenarios/corpus_v1/05_disaster/D5_UAVMule_FastRoute_HelsinkiDisrupted__TP08_HubTarget.settings,corpus_v1,D5_UAVMule_FastRoute_HelsinkiDisrupted__TP08_HubTarget,data/HelsinkiDisrupted/roads.wkt,"2067, 2206",ShortestPathMapBasedMovement,,Group2.routeFile=data/HelsinkiDisrupted/A_emergency_route.wkt,0,,PASS
scenarios/corpus_v1/05_disaster/D5_UAVMule_FastRoute_HelsinkiDisrupted__TP09_Bimodal.settings,corpus_v1,D5_UAVMule_FastRoute_HelsinkiDisrupted__TP09_Bimodal,data/HelsinkiDisrupted/roads.wkt,"2067, 2206",ShortestPathMapBasedMovement,,Group2.routeFile=data/HelsinkiDisrupted/A_emergency_route.wkt,0,,PASS
scenarios/corpus_v1/05_disaster/D5_UAVMule_FastRoute_HelsinkiDisrupted__TP10_Storm.settings,corpus_v1,D5_UAVMule_FastRoute_HelsinkiDisrupted__TP10_Storm,data/HelsinkiDisrupted/roads.wkt,"2067, 2206",ShortestPathMapBasedMovement,,Group2.routeFile=data/HelsinkiDisrupted/A_emergency_route.wkt,0,,PASS
scenarios/corpus_v1/05_disaster/D5_UAVMule_FastRoute_HelsinkiDisrupted__TP11_ManyToOne.settings,corpus_v1,D5_UAVMule_FastRoute_HelsinkiDisrupted__TP11_ManyToOne,data/HelsinkiDisrupted/roads.wkt,"2067, 2206",ShortestPathMapBasedMovement,,Group2.routeFile=data/HelsinkiDisrupted/A_emergency_route.wkt,0,,PASS
scenarios/corpus_v1/05_disaster/D5_UAVMule_FastRoute_HelsinkiDisrupted__TP12_GroupToGroup.settings,corpus_v1,D5_UAVMule_FastRoute_HelsinkiDisrupted__TP12_GroupToGroup,data/HelsinkiDisrupted/roads.wkt,"2067, 2206",ShortestPathMapBasedMovement,,Group2.routeFile=data/HelsinkiDisrupted/A_emergency_route.wkt,0,,PASS
scenarios/corpus_v1/05_disaster/D6_ShortTtlCritical_5to10min__TP01_Baseline.settings,corpus_v1,D6_ShortTtlCritical_5to10min__TP01_Baseline,data/HelsinkiDisrupted/roads.wkt,"2067, 2206",,,,0,,PASS
scenarios/corpus_v1/05_disaster/D6_ShortTtlCritical_5to10min__TP02_LowLoad.settings,corpus_v1,D6_ShortTtlCritical_5to10min__TP02_LowLoad,data/HelsinkiDisrupted/roads.wkt,"2067, 2206",,,,0,,PASS
scenarios/corpus_v1/05_disaster/D6_ShortTtlCritical_5to10min__TP03_ManySmall.settings,corpus_v1,D6_ShortTtlCritical_5to10min__TP03_ManySmall,data/HelsinkiDisrupted/roads.wkt,"2067, 2206",,,,0,,PASS
scenarios/corpus_v1/05_disaster/D6_ShortTtlCritical_5to10min__TP04_FewLarge.settings,corpus_v1,D6_ShortTtlCritical_5to10min__TP04_FewLarge,data/HelsinkiDisrupted/roads.wkt,"2067, 2206",,,,0,,PASS
scenarios/corpus_v1/05_disaster/D6_ShortTtlCritical_5to10min__TP05_CriticalTTL.settings,corpus_v1,D6_ShortTtlCritical_5to10min__TP05_CriticalTTL,data/HelsinkiDisrupted/roads.wkt,"2067, 2206",,,,0,,PASS
scenarios/corpus_v1/05_disaster/D6_ShortTtlCritical_5to10min__TP06_OneToMany.settings,corpus_v1,D6_ShortTtlCritical_5to10min__TP06_OneToMany,data/HelsinkiDisrupted/roads.wkt,"2067, 2206",,,,0,,PASS
scenarios/corpus_v1/05_disaster/D6_ShortTtlCritical_5to10min__TP07_BurstWindow.settings,corpus_v1,D6_ShortTtlCritical_5to10min__TP07_BurstWindow,data/HelsinkiDisrupted/roads.wkt,"2067, 2206",,,,0,,PASS
scenarios/corpus_v1/05_disaster/D6_ShortTtlCritical_5to10min__TP08_HubTarget.settings,corpus_v1,D6_ShortTtlCritical_5to10min__TP08_HubTarget,data/HelsinkiDisrupted/roads.wkt,"2067, 2206",,,,0,,PASS
scenarios/corpus_v1/05_disaster/D6_ShortTtlCritical_5to10min__TP09_Bimodal.settings,corpus_v1,D6_ShortTtlCritical_5to10min__TP09_Bimodal,data/HelsinkiDisrupted/roads.wkt,"2067, 2206",,,,0,,PASS
scenarios/corpus_v1/05_disaster/D6_ShortTtlCritical_5to10min__TP10_Storm.settings,corpus_v1,D6_ShortTtlCritical_5to10min__TP10_Storm,data/HelsinkiDisrupted/roads.wkt,"2067, 2206",,,,0,,PASS
scenarios/corpus_v1/05_disaster/D6_ShortTtlCritical_5to10min__TP11_ManyToOne.settings,corpus_v1,D6_ShortTtlCritical_5to10min__TP11_ManyToOne,data/HelsinkiDisrupted/roads.wkt,"2067, 2206",,,,0,,PASS
scenarios/corpus_v1/05_disaster/D6_ShortTtlCritical_5to10min__TP12_GroupToGroup.settings,corpus_v1,D6_ShortTtlCritical_5to10min__TP12_GroupToGroup,data/HelsinkiDisrupted/roads.wkt,"2067, 2206",,,,0,,PASS
scenarios/corpus_v1/05_disaster/D7_HighLoad_TrafficStorm__TP01_Baseline.settings,corpus_v1,D7_HighLoad_TrafficStorm__TP01_Baseline,data/HelsinkiDisrupted/roads.wkt,"2067, 2206",,,,0,,PASS
scenarios/corpus_v1/05_disaster/D7_HighLoad_TrafficStorm__TP02_LowLoad.settings,corpus_v1,D7_HighLoad_TrafficStorm__TP02_LowLoad,data/HelsinkiDisrupted/roads.wkt,"2067, 2206",,,,0,,PASS
scenarios/corpus_v1/05_disaster/D7_HighLoad_TrafficStorm__TP03_ManySmall.settings,corpus_v1,D7_HighLoad_TrafficStorm__TP03_ManySmall,data/HelsinkiDisrupted/roads.wkt,"2067, 2206",,,,0,,PASS
scenarios/corpus_v1/05_disaster/D7_HighLoad_TrafficStorm__TP04_FewLarge.settings,corpus_v1,D7_HighLoad_TrafficStorm__TP04_FewLarge,data/HelsinkiDisrupted/roads.wkt,"2067, 2206",,,,0,,PASS
scenarios/corpus_v1/05_disaster/D7_HighLoad_TrafficStorm__TP05_CriticalTTL.settings,corpus_v1,D7_HighLoad_TrafficStorm__TP05_CriticalTTL,data/HelsinkiDisrupted/roads.wkt,"2067, 2206",,,,0,,PASS
scenarios/corpus_v1/05_disaster/D7_HighLoad_TrafficStorm__TP06_OneToMany.settings,corpus_v1,D7_HighLoad_TrafficStorm__TP06_OneToMany,data/HelsinkiDisrupted/roads.wkt,"2067, 2206",,,,0,,PASS
scenarios/corpus_v1/05_disaster/D7_HighLoad_TrafficStorm__TP07_BurstWindow.settings,corpus_v1,D7_HighLoad_TrafficStorm__TP07_BurstWindow,data/HelsinkiDisrupted/roads.wkt,"2067, 2206",,,,0,,PASS
scenarios/corpus_v1/05_disaster/D7_HighLoad_TrafficStorm__TP08_HubTarget.settings,corpus_v1,D7_HighLoad_TrafficStorm__TP08_HubTarget,data/HelsinkiDisrupted/roads.wkt,"2067, 2206",,,,0,,PASS
scenarios/corpus_v1/05_disaster/D7_HighLoad_TrafficStorm__TP09_Bimodal.settings,corpus_v1,D7_HighLoad_TrafficStorm__TP09_Bimodal,data/HelsinkiDisrupted/roads.wkt,"2067, 2206",,,,0,,PASS
scenarios/corpus_v1/05_disaster/D7_HighLoad_TrafficStorm__TP10_Storm.settings,corpus_v1,D7_HighLoad_TrafficStorm__TP10_Storm,data/HelsinkiDisrupted/roads.wkt,"2067, 2206",,,,0,,PASS
scenarios/corpus_v1/05_disaster/D7_HighLoad_TrafficStorm__TP11_ManyToOne.settings,corpus_v1,D7_HighLoad_TrafficStorm__TP11_ManyToOne,data/HelsinkiDisrupted/roads.wkt,"2067, 2206",,,,0,,PASS
scenarios/corpus_v1/05_disaster/D7_HighLoad_TrafficStorm__TP12_GroupToGroup.settings,corpus_v1,D7_HighLoad_TrafficStorm__TP12_GroupToGroup,data/HelsinkiDisrupted/roads.wkt,"2067, 2206",,,,0,,PASS
scenarios/corpus_v1/05_disaster/D8_InfrastructureReturns_BackboneLinks__TP01_Baseline.settings,corpus_v1,D8_InfrastructureReturns_BackboneLinks__TP01_Baseline,data/HelsinkiDisrupted/roads.wkt,"2067, 2206",ClusterMovement,,,0,,PASS
scenarios/corpus_v1/05_disaster/D8_InfrastructureReturns_BackboneLinks__TP02_LowLoad.settings,corpus_v1,D8_InfrastructureReturns_BackboneLinks__TP02_LowLoad,data/HelsinkiDisrupted/roads.wkt,"2067, 2206",ClusterMovement,,,0,,PASS
scenarios/corpus_v1/05_disaster/D8_InfrastructureReturns_BackboneLinks__TP03_ManySmall.settings,corpus_v1,D8_InfrastructureReturns_BackboneLinks__TP03_ManySmall,data/HelsinkiDisrupted/roads.wkt,"2067, 2206",ClusterMovement,,,0,,PASS
scenarios/corpus_v1/05_disaster/D8_InfrastructureReturns_BackboneLinks__TP04_FewLarge.settings,corpus_v1,D8_InfrastructureReturns_BackboneLinks__TP04_FewLarge,data/HelsinkiDisrupted/roads.wkt,"2067, 2206",ClusterMovement,,,0,,PASS
scenarios/corpus_v1/05_disaster/D8_InfrastructureReturns_BackboneLinks__TP05_CriticalTTL.settings,corpus_v1,D8_InfrastructureReturns_BackboneLinks__TP05_CriticalTTL,data/HelsinkiDisrupted/roads.wkt,"2067, 2206",ClusterMovement,,,0,,PASS
scenarios/corpus_v1/05_disaster/D8_InfrastructureReturns_BackboneLinks__TP06_OneToMany.settings,corpus_v1,D8_InfrastructureReturns_BackboneLinks__TP06_OneToMany,data/HelsinkiDisrupted/roads.wkt,"2067, 2206",ClusterMovement,,,0,,PASS
scenarios/corpus_v1/05_disaster/D8_InfrastructureReturns_BackboneLinks__TP07_BurstWindow.settings,corpus_v1,D8_InfrastructureReturns_BackboneLinks__TP07_BurstWindow,data/HelsinkiDisrupted/roads.wkt,"2067, 2206",ClusterMovement,,,0,,PASS
scenarios/corpus_v1/05_disaster/D8_InfrastructureReturns_BackboneLinks__TP08_HubTarget.settings,corpus_v1,D8_InfrastructureReturns_BackboneLinks__TP08_HubTarget,data/HelsinkiDisrupted/roads.wkt,"2067, 2206",ClusterMovement,,,0,,PASS
scenarios/corpus_v1/05_disaster/D8_InfrastructureReturns_BackboneLinks__TP09_Bimodal.settings,corpus_v1,D8_InfrastructureReturns_BackboneLinks__TP09_Bimodal,data/HelsinkiDisrupted/roads.wkt,"2067, 2206",ClusterMovement,,,0,,PASS
scenarios/corpus_v1/05_disaster/D8_InfrastructureReturns_BackboneLinks__TP10_Storm.settings,corpus_v1,D8_InfrastructureReturns_BackboneLinks__TP10_Storm,data/HelsinkiDisrupted/roads.wkt,"2067, 2206",ClusterMovement,,,0,,PASS
scenarios/corpus_v1/05_disaster/D8_InfrastructureReturns_BackboneLinks__TP11_ManyToOne.settings,corpus_v1,D8_InfrastructureReturns_BackboneLinks__TP11_ManyToOne,data/HelsinkiDisrupted/roads.wkt,"2067, 2206",ClusterMovement,,,0,,PASS
scenarios/corpus_v1/05_disaster/D8_InfrastructureReturns_BackboneLinks__TP12_GroupToGroup.settings,corpus_v1,D8_InfrastructureReturns_BackboneLinks__TP12_GroupToGroup,data/HelsinkiDisrupted/roads.wkt,"2067, 2206",ClusterMovement,,,0,,PASS
scenarios/corpus_v1/05_disaster/D9_Critical_1minTTL__TP01_Baseline.settings,corpus_v1,D9_Critical_1minTTL__TP01_Baseline,data/HelsinkiDisrupted/roads.wkt,"2067, 2206",,,,0,,PASS
scenarios/corpus_v1/05_disaster/D9_Critical_1minTTL__TP02_LowLoad.settings,corpus_v1,D9_Critical_1minTTL__TP02_LowLoad,data/HelsinkiDisrupted/roads.wkt,"2067, 2206",,,,0,,PASS
scenarios/corpus_v1/05_disaster/D9_Critical_1minTTL__TP03_ManySmall.settings,corpus_v1,D9_Critical_1minTTL__TP03_ManySmall,data/HelsinkiDisrupted/roads.wkt,"2067, 2206",,,,0,,PASS
scenarios/corpus_v1/05_disaster/D9_Critical_1minTTL__TP04_FewLarge.settings,corpus_v1,D9_Critical_1minTTL__TP04_FewLarge,data/HelsinkiDisrupted/roads.wkt,"2067, 2206",,,,0,,PASS
scenarios/corpus_v1/05_disaster/D9_Critical_1minTTL__TP05_CriticalTTL.settings,corpus_v1,D9_Critical_1minTTL__TP05_CriticalTTL,data/HelsinkiDisrupted/roads.wkt,"2067, 2206",,,,0,,PASS
scenarios/corpus_v1/05_disaster/D9_Critical_1minTTL__TP06_OneToMany.settings,corpus_v1,D9_Critical_1minTTL__TP06_OneToMany,data/HelsinkiDisrupted/roads.wkt,"2067, 2206",,,,0,,PASS
scenarios/corpus_v1/05_disaster/D9_Critical_1minTTL__TP07_BurstWindow.settings,corpus_v1,D9_Critical_1minTTL__TP07_BurstWindow,data/HelsinkiDisrupted/roads.wkt,"2067, 2206",,,,0,,PASS
scenarios/corpus_v1/05_disaster/D9_Critical_1minTTL__TP08_HubTarget.settings,corpus_v1,D9_Critical_1minTTL__TP08_HubTarget,data/HelsinkiDisrupted/roads.wkt,"2067, 2206",,,,0,,PASS
scenarios/corpus_v1/05_disaster/D9_Critical_1minTTL__TP09_Bimodal.settings,corpus_v1,D9_Critical_1minTTL__TP09_Bimodal,data/HelsinkiDisrupted/roads.wkt,"2067, 2206",,,,0,,PASS
scenarios/corpus_v1/05_disaster/D9_Critical_1minTTL__TP10_Storm.settings,corpus_v1,D9_Critical_1minTTL__TP10_Storm,data/HelsinkiDisrupted/roads.wkt,"2067, 2206",,,,0,,PASS
scenarios/corpus_v1/05_disaster/D9_Critical_1minTTL__TP11_ManyToOne.settings,corpus_v1,D9_Critical_1minTTL__TP11_ManyToOne,data/HelsinkiDisrupted/roads.wkt,"2067, 2206",,,,0,,PASS
scenarios/corpus_v1/05_disaster/D9_Critical_1minTTL__TP12_GroupToGroup.settings,corpus_v1,D9_Critical_1minTTL__TP12_GroupToGroup,data/HelsinkiDisrupted/roads.wkt,"2067, 2206",,,,0,,PASS
