scenario_name,scenario_base,family,traffic_profile_id,benchmark_split,revision_action,change_map,change_mobility,change_tp,settings_file
C1_Campus_ClassChange__TP01_Baseline,C1_Campus_ClassChange,02_campus,TP01,main,modificar_tp,no,no,si_TP04_06,scenarios/corpus_v1/02_campus/C1_Campus_ClassChange__TP01_Baseline.settings
C1_Campus_ClassChange__TP02_LowLoad,C1_Campus_ClassChange,02_campus,TP02,main,modificar_tp,no,no,si_TP04_06,scenarios/corpus_v1/02_campus/C1_Campus_ClassChange__TP02_LowLoad.settings
C1_Campus_ClassChange__TP03_ManySmall,C1_Campus_ClassChange,02_campus,TP03,main,modificar_tp,no,no,si_TP04_06,scenarios/corpus_v1/02_campus/C1_Campus_ClassChange__TP03_ManySmall.settings
C1_Campus_ClassChange__TP04_FewLarge,C1_Campus_ClassChange,02_campus,TP04,stress,modificar_tp,no,no,si_TP04_06,scenarios/corpus_v1/02_campus/C1_Campus_ClassChange__TP04_FewLarge.settings
C1_Campus_ClassChange__TP05_CriticalTTL,C1_Campus_ClassChange,02_campus,TP05,stress,modificar_tp,no,no,si_TP04_06,scenarios/corpus_v1/02_campus/C1_Campus_ClassChange__TP05_CriticalTTL.settings
C1_Campus_ClassChange__TP06_OneToMany,C1_Campus_ClassChange,02_campus,TP06,stress,modificar_tp,no,no,si_TP04_06,scenarios/corpus_v1/02_campus/C1_Campus_ClassChange__TP06_OneToMany.settings
C1_Campus_ClassChange__TP07_BurstWindow,C1_Campus_ClassChange,02_campus,TP07,main,modificar_tp,no,no,si_TP04_06,scenarios/corpus_v1/02_campus/C1_Campus_ClassChange__TP07_BurstWindow.settings
C1_Campus_ClassChange__TP08_HubTarget,C1_Campus_ClassChange,02_campus,TP08,main,modificar_tp,no,no,si_TP04_06,scenarios/corpus_v1/02_campus/C1_Campus_ClassChange__TP08_HubTarget.settings
C1_Campus_ClassChange__TP09_Bimodal,C1_Campus_ClassChange,02_campus,TP09,stress,modificar_tp,no,no,si_TP04_06,scenarios/corpus_v1/02_campus/C1_Campus_ClassChange__TP09_Bimodal.settings
C1_Campus_ClassChange__TP10_Storm,C1_Campus_ClassChange,02_campus,TP10,stress,modificar_tp,no,no,si_TP04_06,scenarios/corpus_v1/02_campus/C1_Campus_ClassChange__TP10_Storm.settings
C1_Campus_ClassChange__TP11_ManyToOne,C1_Campus_ClassChange,02_campus,TP11,stress,modificar_tp,no,no,si_TP04_06,scenarios/corpus_v1/02_campus/C1_Campus_ClassChange__TP11_ManyToOne.settings
C1_Campus_ClassChange__TP12_GroupToGroup,C1_Campus_ClassChange,02_campus,TP12,control,modificar_tp,no,no,si_TP04_06,scenarios/corpus_v1/02_campus/C1_Campus_ClassChange__TP12_GroupToGroup.settings
C2_ExamDay_LongStays__TP01_Baseline,C2_ExamDay_LongStays,02_campus,TP01,main,modificar_tp,no,no,si_TP04_06,scenarios/corpus_v1/02_campus/C2_ExamDay_LongStays__TP01_Baseline.settings
C2_ExamDay_LongStays__TP02_LowLoad,C2_ExamDay_LongStays,02_campus,TP02,main,modificar_tp,no,no,si_TP04_06,scenarios/corpus_v1/02_campus/C2_ExamDay_LongStays__TP02_LowLoad.settings
C2_ExamDay_LongStays__TP03_ManySmall,C2_ExamDay_LongStays,02_campus,TP03,main,modificar_tp,no,no,si_TP04_06,scenarios/corpus_v1/02_campus/C2_ExamDay_LongStays__TP03_ManySmall.settings
C2_ExamDay_LongStays__TP04_FewLarge,C2_ExamDay_LongStays,02_campus,TP04,stress,modificar_tp,no,no,si_TP04_06,scenarios/corpus_v1/02_campus/C2_ExamDay_LongStays__TP04_FewLarge.settings
C2_ExamDay_LongStays__TP05_CriticalTTL,C2_ExamDay_LongStays,02_campus,TP05,stress,modificar_tp,no,no,si_TP04_06,scenarios/corpus_v1/02_campus/C2_ExamDay_LongStays__TP05_CriticalTTL.settings
C2_ExamDay_LongStays__TP06_OneToMany,C2_ExamDay_LongStays,02_campus,TP06,stress,modificar_tp,no,no,si_TP04_06,scenarios/corpus_v1/02_campus/C2_ExamDay_LongStays__TP06_OneToMany.settings
C2_ExamDay_LongStays__TP07_BurstWindow,C2_ExamDay_LongStays,02_campus,TP07,main,modificar_tp,no,no,si_TP04_06,scenarios/corpus_v1/02_campus/C2_ExamDay_LongStays__TP07_BurstWindow.settings
C2_ExamDay_LongStays__TP08_HubTarget,C2_ExamDay_LongStays,02_campus,TP08,main,modificar_tp,no,no,si_TP04_06,scenarios/corpus_v1/02_campus/C2_ExamDay_LongStays__TP08_HubTarget.settings
C2_ExamDay_LongStays__TP09_Bimodal,C2_ExamDay_LongStays,02_campus,TP09,stress,modificar_tp,no,no,si_TP04_06,scenarios/corpus_v1/02_campus/C2_ExamDay_LongStays__TP09_Bimodal.settings
C2_ExamDay_LongStays__TP10_Storm,C2_ExamDay_LongStays,02_campus,TP10,stress,modificar_tp,no,no,si_TP04_06,scenarios/corpus_v1/02_campus/C2_ExamDay_LongStays__TP10_Storm.settings
C2_ExamDay_LongStays__TP11_ManyToOne,C2_ExamDay_LongStays,02_campus,TP11,stress,modificar_tp,no,no,si_TP04_06,scenarios/corpus_v1/02_campus/C2_ExamDay_LongStays__TP11_ManyToOne.settings
C2_ExamDay_LongStays__TP12_GroupToGroup,C2_ExamDay_LongStays,02_campus,TP12,control,modificar_tp,no,no,si_TP04_06,scenarios/corpus_v1/02_campus/C2_ExamDay_LongStays__TP12_GroupToGroup.settings
C3_Hackathon_24h__TP01_Baseline,C3_Hackathon_24h,02_campus,TP01,main,modificar_tp,no,no,si_TP04_06,scenarios/corpus_v1/02_campus/C3_Hackathon_24h__TP01_Baseline.settings
C3_Hackathon_24h__TP02_LowLoad,C3_Hackathon_24h,02_campus,TP02,main,modificar_tp,no,no,si_TP04_06,scenarios/corpus_v1/02_campus/C3_Hackathon_24h__TP02_LowLoad.settings
C3_Hackathon_24h__TP03_ManySmall,C3_Hackathon_24h,02_campus,TP03,main,modificar_tp,no,no,si_TP04_06,scenarios/corpus_v1/02_campus/C3_Hackathon_24h__TP03_ManySmall.settings
C3_Hackathon_24h__TP04_FewLarge,C3_Hackathon_24h,02_campus,TP04,stress,modificar_tp,no,no,si_TP04_06,scenarios/corpus_v1/02_campus/C3_Hackathon_24h__TP04_FewLarge.settings
C3_Hackathon_24h__TP05_CriticalTTL,C3_Hackathon_24h,02_campus,TP05,stress,modificar_tp,no,no,si_TP04_06,scenarios/corpus_v1/02_campus/C3_Hackathon_24h__TP05_CriticalTTL.settings
C3_Hackathon_24h__TP06_OneToMany,C3_Hackathon_24h,02_campus,TP06,stress,modificar_tp,no,no,si_TP04_06,scenarios/corpus_v1/02_campus/C3_Hackathon_24h__TP06_OneToMany.settings
C3_Hackathon_24h__TP07_BurstWindow,C3_Hackathon_24h,02_campus,TP07,main,modificar_tp,no,no,si_TP04_06,scenarios/corpus_v1/02_campus/C3_Hackathon_24h__TP07_BurstWindow.settings
C3_Hackathon_24h__TP08_HubTarget,C3_Hackathon_24h,02_campus,TP08,main,modificar_tp,no,no,si_TP04_06,scenarios/corpus_v1/02_campus/C3_Hackathon_24h__TP08_HubTarget.settings
C3_Hackathon_24h__TP09_Bimodal,C3_Hackathon_24h,02_campus,TP09,stress,modificar_tp,no,no,si_TP04_06,scenarios/corpus_v1/02_campus/C3_Hackathon_24h__TP09_Bimodal.settings
C3_Hackathon_24h__TP10_Storm,C3_Hackathon_24h,02_campus,TP10,stress,modificar_tp,no,no,si_TP04_06,scenarios/corpus_v1/02_campus/C3_Hackathon_24h__TP10_Storm.settings
C3_Hackathon_24h__TP11_ManyToOne,C3_Hackathon_24h,02_campus,TP11,stress,modificar_tp,no,no,si_TP04_06,scenarios/corpus_v1/02_campus/C3_Hackathon_24h__TP11_ManyToOne.settings
C3_Hackathon_24h__TP12_GroupToGroup,C3_Hackathon_24h,02_campus,TP12,control,modificar_tp,no,no,si_TP04_06,scenarios/corpus_v1/02_campus/C3_Hackathon_24h__TP12_GroupToGroup.settings
C4_Stadium_IngressEgress__TP01_Baseline,C4_Stadium_IngressEgress,02_campus,TP01,main,modificar_tp,no,no,si_TP04_06,scenarios/corpus_v1/02_campus/C4_Stadium_IngressEgress__TP01_Baseline.settings
C4_Stadium_IngressEgress__TP02_LowLoad,C4_Stadium_IngressEgress,02_campus,TP02,main,modificar_tp,no,no,si_TP04_06,scenarios/corpus_v1/02_campus/C4_Stadium_IngressEgress__TP02_LowLoad.settings
C4_Stadium_IngressEgress__TP03_ManySmall,C4_Stadium_IngressEgress,02_campus,TP03,main,modificar_tp,no,no,si_TP04_06,scenarios/corpus_v1/02_campus/C4_Stadium_IngressEgress__TP03_ManySmall.settings
C4_Stadium_IngressEgress__TP04_FewLarge,C4_Stadium_IngressEgress,02_campus,TP04,stress,modificar_tp,no,no,si_TP04_06,scenarios/corpus_v1/02_campus/C4_Stadium_IngressEgress__TP04_FewLarge.settings
C4_Stadium_IngressEgress__TP05_CriticalTTL,C4_Stadium_IngressEgress,02_campus,TP05,stress,modificar_tp,no,no,si_TP04_06,scenarios/corpus_v1/02_campus/C4_Stadium_IngressEgress__TP05_CriticalTTL.settings
C4_Stadium_IngressEgress__TP06_OneToMany,C4_Stadium_IngressEgress,02_campus,TP06,stress,modificar_tp,no,no,si_TP04_06,scenarios/corpus_v1/02_campus/C4_Stadium_IngressEgress__TP06_OneToMany.settings
C4_Stadium_IngressEgress__TP07_BurstWindow,C4_Stadium_IngressEgress,02_campus,TP07,main,modificar_tp,no,no,si_TP04_06,scenarios/corpus_v1/02_campus/C4_Stadium_IngressEgress__TP07_BurstWindow.settings
C4_Stadium_IngressEgress__TP08_HubTarget,C4_Stadium_IngressEgress,02_campus,TP08,main,modificar_tp,no,no,si_TP04_06,scenarios/corpus_v1/02_campus/C4_Stadium_IngressEgress__TP08_HubTarget.settings
C4_Stadium_IngressEgress__TP09_Bimodal,C4_Stadium_IngressEgress,02_campus,TP09,stress,modificar_tp,no,no,si_TP04_06,scenarios/corpus_v1/02_campus/C4_Stadium_IngressEgress__TP09_Bimodal.settings
C4_Stadium_IngressEgress__TP10_Storm,C4_Stadium_IngressEgress,02_campus,TP10,stress,modificar_tp,no,no,si_TP04_06,scenarios/corpus_v1/02_campus/C4_Stadium_IngressEgress__TP10_Storm.settings
C4_Stadium_IngressEgress__TP11_ManyToOne,C4_Stadium_IngressEgress,02_campus,TP11,stress,modificar_tp,no,no,si_TP04_06,scenarios/corpus_v1/02_campus/C4_Stadium_IngressEgress__TP11_ManyToOne.settings
C4_Stadium_IngressEgress__TP12_GroupToGroup,C4_Stadium_IngressEgress,02_campus,TP12,control,modificar_tp,no,no,si_TP04_06,scenarios/corpus_v1/02_campus/C4_Stadium_IngressEgress__TP12_GroupToGroup.settings
C5_Library_Quiet__TP01_Baseline,C5_Library_Quiet,02_campus,TP01,main,mantener,no,no,no,scenarios/corpus_v1/02_campus/C5_Library_Quiet__TP01_Baseline.settings
C5_Library_Quiet__TP02_LowLoad,C5_Library_Quiet,02_campus,TP02,main,mantener,no,no,no,scenarios/corpus_v1/02_campus/C5_Library_Quiet__TP02_LowLoad.settings
C5_Library_Quiet__TP03_ManySmall,C5_Library_Quiet,02_campus,TP03,main,mantener,no,no,no,scenarios/corpus_v1/02_campus/C5_Library_Quiet__TP03_ManySmall.settings
C5_Library_Quiet__TP04_FewLarge,C5_Library_Quiet,02_campus,TP04,stress,mantener,no,no,no,scenarios/corpus_v1/02_campus/C5_Library_Quiet__TP04_FewLarge.settings
C5_Library_Quiet__TP05_CriticalTTL,C5_Library_Quiet,02_campus,TP05,stress,mantener,no,no,no,scenarios/corpus_v1/02_campus/C5_Library_Quiet__TP05_CriticalTTL.settings
C5_Library_Quiet__TP06_OneToMany,C5_Library_Quiet,02_campus,TP06,stress,mantener,no,no,no,scenarios/corpus_v1/02_campus/C5_Library_Quiet__TP06_OneToMany.settings
C5_Library_Quiet__TP07_BurstWindow,C5_Library_Quiet,02_campus,TP07,main,mantener,no,no,no,scenarios/corpus_v1/02_campus/C5_Library_Quiet__TP07_BurstWindow.settings
C5_Library_Quiet__TP08_HubTarget,C5_Library_Quiet,02_campus,TP08,main,mantener,no,no,no,scenarios/corpus_v1/02_campus/C5_Library_Quiet__TP08_HubTarget.settings
C5_Library_Quiet__TP09_Bimodal,C5_Library_Quiet,02_campus,TP09,stress,mantener,no,no,no,scenarios/corpus_v1/02_campus/C5_Library_Quiet__TP09_Bimodal.settings
C5_Library_Quiet__TP10_Storm,C5_Library_Quiet,02_campus,TP10,stress,mantener,no,no,no,scenarios/corpus_v1/02_campus/C5_Library_Quiet__TP10_Storm.settings
C5_Library_Quiet__TP11_ManyToOne,C5_Library_Quiet,02_campus,TP11,stress,mantener,no,no,no,scenarios/corpus_v1/02_campus/C5_Library_Quiet__TP11_ManyToOne.settings
C5_Library_Quiet__TP12_GroupToGroup,C5_Library_Quiet,02_campus,TP12,control,mantener,no,no,no,scenarios/corpus_v1/02_campus/C5_Library_Quiet__TP12_GroupToGroup.settings
C6_EmergencyDrill_Evacuation__TP01_Baseline,C6_EmergencyDrill_Evacuation,02_campus,TP01,main,modificar_tp,no,no,si_TP04_06,scenarios/corpus_v1/02_campus/C6_EmergencyDrill_Evacuation__TP01_Baseline.settings
C6_EmergencyDrill_Evacuation__TP02_LowLoad,C6_EmergencyDrill_Evacuation,02_campus,TP02,main,modificar_tp,no,no,si_TP04_06,scenarios/corpus_v1/02_campus/C6_EmergencyDrill_Evacuation__TP02_LowLoad.settings
C6_EmergencyDrill_Evacuation__TP03_ManySmall,C6_EmergencyDrill_Evacuation,02_campus,TP03,main,modificar_tp,no,no,si_TP04_06,scenarios/corpus_v1/02_campus/C6_EmergencyDrill_Evacuation__TP03_ManySmall.settings
C6_EmergencyDrill_Evacuation__TP04_FewLarge,C6_EmergencyDrill_Evacuation,02_campus,TP04,stress,modificar_tp,no,no,si_TP04_06,scenarios/corpus_v1/02_campus/C6_EmergencyDrill_Evacuation__TP04_FewLarge.settings
C6_EmergencyDrill_Evacuation__TP05_CriticalTTL,C6_EmergencyDrill_Evacuation,02_campus,TP05,stress,modificar_tp,no,no,si_TP04_06,scenarios/corpus_v1/02_campus/C6_EmergencyDrill_Evacuation__TP05_CriticalTTL.settings
C6_EmergencyDrill_Evacuation__TP06_OneToMany,C6_EmergencyDrill_Evacuation,02_campus,TP06,stress,modificar_tp,no,no,si_TP04_06,scenarios/corpus_v1/02_campus/C6_EmergencyDrill_Evacuation__TP06_OneToMany.settings
C6_EmergencyDrill_Evacuation__TP07_BurstWindow,C6_EmergencyDrill_Evacuation,02_campus,TP07,main,modificar_tp,no,no,si_TP04_06,scenarios/corpus_v1/02_campus/C6_EmergencyDrill_Evacuation__TP07_BurstWindow.settings
C6_EmergencyDrill_Evacuation__TP08_HubTarget,C6_EmergencyDrill_Evacuation,02_campus,TP08,main,modificar_tp,no,no,si_TP04_06,scenarios/corpus_v1/02_campus/C6_EmergencyDrill_Evacuation__TP08_HubTarget.settings
C6_EmergencyDrill_Evacuation__TP09_Bimodal,C6_EmergencyDrill_Evacuation,02_campus,TP09,stress,modificar_tp,no,no,si_TP04_06,scenarios/corpus_v1/02_campus/C6_EmergencyDrill_Evacuation__TP09_Bimodal.settings
C6_EmergencyDrill_Evacuation__TP10_Storm,C6_EmergencyDrill_Evacuation,02_campus,TP10,stress,modificar_tp,no,no,si_TP04_06,scenarios/corpus_v1/02_campus/C6_EmergencyDrill_Evacuation__TP10_Storm.settings
C6_EmergencyDrill_Evacuation__TP11_ManyToOne,C6_EmergencyDrill_Evacuation,02_campus,TP11,stress,modificar_tp,no,no,si_TP04_06,scenarios/corpus_v1/02_campus/C6_EmergencyDrill_Evacuation__TP11_ManyToOne.settings
C6_EmergencyDrill_Evacuation__TP12_GroupToGroup,C6_EmergencyDrill_Evacuation,02_campus,TP12,control,modificar_tp,no,no,si_TP04_06,scenarios/corpus_v1/02_campus/C6_EmergencyDrill_Evacuation__TP12_GroupToGroup.settings
R10_TinyRange_5m__TP01_Baseline,R10_TinyRange_5m,04_rural,TP01,main,modificar_tp,no,no,si,scenarios/corpus_v1/04_rural/R10_TinyRange_5m__TP01_Baseline.settings
R10_TinyRange_5m__TP02_LowLoad,R10_TinyRange_5m,04_rural,TP02,main,modificar_tp,no,no,si,scenarios/corpus_v1/04_rural/R10_TinyRange_5m__TP02_LowLoad.settings
R10_TinyRange_5m__TP03_ManySmall,R10_TinyRange_5m,04_rural,TP03,main,modificar_tp,no,no,si,scenarios/corpus_v1/04_rural/R10_TinyRange_5m__TP03_ManySmall.settings
R10_TinyRange_5m__TP04_FewLarge,R10_TinyRange_5m,04_rural,TP04,stress,modificar_tp,no,no,si,scenarios/corpus_v1/04_rural/R10_TinyRange_5m__TP04_FewLarge.settings
R10_TinyRange_5m__TP05_CriticalTTL,R10_TinyRange_5m,04_rural,TP05,stress,modificar_tp,no,no,si,scenarios/corpus_v1/04_rural/R10_TinyRange_5m__TP05_CriticalTTL.settings
R10_TinyRange_5m__TP06_OneToMany,R10_TinyRange_5m,04_rural,TP06,stress,modificar_tp,no,no,si,scenarios/corpus_v1/04_rural/R10_TinyRange_5m__TP06_OneToMany.settings
R10_TinyRange_5m__TP07_BurstWindow,R10_TinyRange_5m,04_rural,TP07,main,modificar_tp,no,no,si,scenarios/corpus_v1/04_rural/R10_TinyRange_5m__TP07_BurstWindow.settings
R10_TinyRange_5m__TP08_HubTarget,R10_TinyRange_5m,04_rural,TP08,main,modificar_tp,no,no,si,scenarios/corpus_v1/04_rural/R10_TinyRange_5m__TP08_HubTarget.settings
R10_TinyRange_5m__TP09_Bimodal,R10_TinyRange_5m,04_rural,TP09,stress,modificar_tp,no,no,si,scenarios/corpus_v1/04_rural/R10_TinyRange_5m__TP09_Bimodal.settings
R10_TinyRange_5m__TP10_Storm,R10_TinyRange_5m,04_rural,TP10,stress,modificar_tp,no,no,si,scenarios/corpus_v1/04_rural/R10_TinyRange_5m__TP10_Storm.settings
R10_TinyRange_5m__TP11_ManyToOne,R10_TinyRange_5m,04_rural,TP11,stress,modificar_tp,no,no,si,scenarios/corpus_v1/04_rural/R10_TinyRange_5m__TP11_ManyToOne.settings
R10_TinyRange_5m__TP12_GroupToGroup,R10_TinyRange_5m,04_rural,TP12,control,modificar_tp,no,no,si,scenarios/corpus_v1/04_rural/R10_TinyRange_5m__TP12_GroupToGroup.settings
R11_SpeedExtremeLow__TP01_Baseline,R11_SpeedExtremeLow,04_rural,TP01,control,excluir_main,no,si,si,scenarios/corpus_v1/04_rural/R11_SpeedExtremeLow__TP01_Baseline.settings
R11_SpeedExtremeLow__TP02_LowLoad,R11_SpeedExtremeLow,04_rural,TP02,control,excluir_main,no,si,si,scenarios/corpus_v1/04_rural/R11_SpeedExtremeLow__TP02_LowLoad.settings
R11_SpeedExtremeLow__TP03_ManySmall,R11_SpeedExtremeLow,04_rural,TP03,control,excluir_main,no,si,si,scenarios/corpus_v1/04_rural/R11_SpeedExtremeLow__TP03_ManySmall.settings
R11_SpeedExtremeLow__TP04_FewLarge,R11_SpeedExtremeLow,04_rural,TP04,control,excluir_main,no,si,si,scenarios/corpus_v1/04_rural/R11_SpeedExtremeLow__TP04_FewLarge.settings
R11_SpeedExtremeLow__TP05_CriticalTTL,R11_SpeedExtremeLow,04_rural,TP05,control,excluir_main,no,si,si,scenarios/corpus_v1/04_rural/R11_SpeedExtremeLow__TP05_CriticalTTL.settings
R11_SpeedExtremeLow__TP06_OneToMany,R11_SpeedExtremeLow,04_rural,TP06,control,excluir_main,no,si,si,scenarios/corpus_v1/04_rural/R11_SpeedExtremeLow__TP06_OneToMany.settings
R11_SpeedExtremeLow__TP07_BurstWindow,R11_SpeedExtremeLow,04_rural,TP07,control,excluir_main,no,si,si,scenarios/corpus_v1/04_rural/R11_SpeedExtremeLow__TP07_BurstWindow.settings
R11_SpeedExtremeLow__TP08_HubTarget,R11_SpeedExtremeLow,04_rural,TP08,control,excluir_main,no,si,si,scenarios/corpus_v1/04_rural/R11_SpeedExtremeLow__TP08_HubTarget.settings
R11_SpeedExtremeLow__TP09_Bimodal,R11_SpeedExtremeLow,04_rural,TP09,control,excluir_main,no,si,si,scenarios/corpus_v1/04_rural/R11_SpeedExtremeLow__TP09_Bimodal.settings
R11_SpeedExtremeLow__TP10_Storm,R11_SpeedExtremeLow,04_rural,TP10,control,excluir_main,no,si,si,scenarios/corpus_v1/04_rural/R11_SpeedExtremeLow__TP10_Storm.settings
R11_SpeedExtremeLow__TP11_ManyToOne,R11_SpeedExtremeLow,04_rural,TP11,control,excluir_main,no,si,si,scenarios/corpus_v1/04_rural/R11_SpeedExtremeLow__TP11_ManyToOne.settings
R11_SpeedExtremeLow__TP12_GroupToGroup,R11_SpeedExtremeLow,04_rural,TP12,control,excluir_main,no,si,si,scenarios/corpus_v1/04_rural/R11_SpeedExtremeLow__TP12_GroupToGroup.settings
R12_SpeedExtremeHigh__TP01_Baseline,R12_SpeedExtremeHigh,04_rural,TP01,main,mantener,no,no,no,scenarios/corpus_v1/04_rural/R12_SpeedExtremeHigh__TP01_Baseline.settings
R12_SpeedExtremeHigh__TP02_LowLoad,R12_SpeedExtremeHigh,04_rural,TP02,main,mantener,no,no,no,scenarios/corpus_v1/04_rural/R12_SpeedExtremeHigh__TP02_LowLoad.settings
R12_SpeedExtremeHigh__TP03_ManySmall,R12_SpeedExtremeHigh,04_rural,TP03,main,mantener,no,no,no,scenarios/corpus_v1/04_rural/R12_SpeedExtremeHigh__TP03_ManySmall.settings
R12_SpeedExtremeHigh__TP04_FewLarge,R12_SpeedExtremeHigh,04_rural,TP04,stress,mantener,no,no,no,scenarios/corpus_v1/04_rural/R12_SpeedExtremeHigh__TP04_FewLarge.settings
R12_SpeedExtremeHigh__TP05_CriticalTTL,R12_SpeedExtremeHigh,04_rural,TP05,stress,mantener,no,no,no,scenarios/corpus_v1/04_rural/R12_SpeedExtremeHigh__TP05_CriticalTTL.settings
R12_SpeedExtremeHigh__TP06_OneToMany,R12_SpeedExtremeHigh,04_rural,TP06,stress,mantener,no,no,no,scenarios/corpus_v1/04_rural/R12_SpeedExtremeHigh__TP06_OneToMany.settings
R12_SpeedExtremeHigh__TP07_BurstWindow,R12_SpeedExtremeHigh,04_rural,TP07,main,mantener,no,no,no,scenarios/corpus_v1/04_rural/R12_SpeedExtremeHigh__TP07_BurstWindow.settings
R12_SpeedExtremeHigh__TP08_HubTarget,R12_SpeedExtremeHigh,04_rural,TP08,main,mantener,no,no,no,scenarios/corpus_v1/04_rural/R12_SpeedExtremeHigh__TP08_HubTarget.settings
R12_SpeedExtremeHigh__TP09_Bimodal,R12_SpeedExtremeHigh,04_rural,TP09,stress,mantener,no,no,no,scenarios/corpus_v1/04_rural/R12_SpeedExtremeHigh__TP09_Bimodal.settings
R12_SpeedExtremeHigh__TP10_Storm,R12_SpeedExtremeHigh,04_rural,TP10,stress,mantener,no,no,no,scenarios/corpus_v1/04_rural/R12_SpeedExtremeHigh__TP10_Storm.settings
R12_SpeedExtremeHigh__TP11_ManyToOne,R12_SpeedExtremeHigh,04_rural,TP11,stress,mantener,no,no,no,scenarios/corpus_v1/04_rural/R12_SpeedExtremeHigh__TP11_ManyToOne.settings
R12_SpeedExtremeHigh__TP12_GroupToGroup,R12_SpeedExtremeHigh,04_rural,TP12,control,mantener,no,no,no,scenarios/corpus_v1/04_rural/R12_SpeedExtremeHigh__TP12_GroupToGroup.settings
R1_Rural_RandomWaypoint__TP01_Baseline,R1_Rural_RandomWaypoint,04_rural,TP01,control,excluir_main,no,si,si,scenarios/corpus_v1/04_rural/R1_Rural_RandomWaypoint__TP01_Baseline.settings
R1_Rural_RandomWaypoint__TP02_LowLoad,R1_Rural_RandomWaypoint,04_rural,TP02,control,excluir_main,no,si,si,scenarios/corpus_v1/04_rural/R1_Rural_RandomWaypoint__TP02_LowLoad.settings
R1_Rural_RandomWaypoint__TP03_ManySmall,R1_Rural_RandomWaypoint,04_rural,TP03,control,excluir_main,no,si,si,scenarios/corpus_v1/04_rural/R1_Rural_RandomWaypoint__TP03_ManySmall.settings
R1_Rural_RandomWaypoint__TP04_FewLarge,R1_Rural_RandomWaypoint,04_rural,TP04,control,excluir_main,no,si,si,scenarios/corpus_v1/04_rural/R1_Rural_RandomWaypoint__TP04_FewLarge.settings
R1_Rural_RandomWaypoint__TP05_CriticalTTL,R1_Rural_RandomWaypoint,04_rural,TP05,control,excluir_main,no,si,si,scenarios/corpus_v1/04_rural/R1_Rural_RandomWaypoint__TP05_CriticalTTL.settings
R1_Rural_RandomWaypoint__TP06_OneToMany,R1_Rural_RandomWaypoint,04_rural,TP06,control,excluir_main,no,si,si,scenarios/corpus_v1/04_rural/R1_Rural_RandomWaypoint__TP06_OneToMany.settings
R1_Rural_RandomWaypoint__TP07_BurstWindow,R1_Rural_RandomWaypoint,04_rural,TP07,control,excluir_main,no,si,si,scenarios/corpus_v1/04_rural/R1_Rural_RandomWaypoint__TP07_BurstWindow.settings
R1_Rural_RandomWaypoint__TP08_HubTarget,R1_Rural_RandomWaypoint,04_rural,TP08,control,excluir_main,no,si,si,scenarios/corpus_v1/04_rural/R1_Rural_RandomWaypoint__TP08_HubTarget.settings
R1_Rural_RandomWaypoint__TP09_Bimodal,R1_Rural_RandomWaypoint,04_rural,TP09,control,excluir_main,no,si,si,scenarios/corpus_v1/04_rural/R1_Rural_RandomWaypoint__TP09_Bimodal.settings
R1_Rural_RandomWaypoint__TP10_Storm,R1_Rural_RandomWaypoint,04_rural,TP10,control,excluir_main,no,si,si,scenarios/corpus_v1/04_rural/R1_Rural_RandomWaypoint__TP10_Storm.settings
R1_Rural_RandomWaypoint__TP11_ManyToOne,R1_Rural_RandomWaypoint,04_rural,TP11,control,excluir_main,no,si,si,scenarios/corpus_v1/04_rural/R1_Rural_RandomWaypoint__TP11_ManyToOne.settings
R1_Rural_RandomWaypoint__TP12_GroupToGroup,R1_Rural_RandomWaypoint,04_rural,TP12,control,excluir_main,no,si,si,scenarios/corpus_v1/04_rural/R1_Rural_RandomWaypoint__TP12_GroupToGroup.settings
R2_VillagesTrails_ThreeClusters__TP01_Baseline,R2_VillagesTrails_ThreeClusters,04_rural,TP01,main,mantener,no,no,no,scenarios/corpus_v1/04_rural/R2_VillagesTrails_ThreeClusters__TP01_Baseline.settings
R2_VillagesTrails_ThreeClusters__TP02_LowLoad,R2_VillagesTrails_ThreeClusters,04_rural,TP02,main,mantener,no,no,no,scenarios/corpus_v1/04_rural/R2_VillagesTrails_ThreeClusters__TP02_LowLoad.settings
R2_VillagesTrails_ThreeClusters__TP03_ManySmall,R2_VillagesTrails_ThreeClusters,04_rural,TP03,main,mantener,no,no,no,scenarios/corpus_v1/04_rural/R2_VillagesTrails_ThreeClusters__TP03_ManySmall.settings
R2_VillagesTrails_ThreeClusters__TP04_FewLarge,R2_VillagesTrails_ThreeClusters,04_rural,TP04,stress,mantener,no,no,no,scenarios/corpus_v1/04_rural/R2_VillagesTrails_ThreeClusters__TP04_FewLarge.settings
R2_VillagesTrails_ThreeClusters__TP05_CriticalTTL,R2_VillagesTrails_ThreeClusters,04_rural,TP05,stress,mantener,no,no,no,scenarios/corpus_v1/04_rural/R2_VillagesTrails_ThreeClusters__TP05_CriticalTTL.settings
R2_VillagesTrails_ThreeClusters__TP06_OneToMany,R2_VillagesTrails_ThreeClusters,04_rural,TP06,stress,mantener,no,no,no,scenarios/corpus_v1/04_rural/R2_VillagesTrails_ThreeClusters__TP06_OneToMany.settings
R2_VillagesTrails_ThreeClusters__TP07_BurstWindow,R2_VillagesTrails_ThreeClusters,04_rural,TP07,main,mantener,no,no,no,scenarios/corpus_v1/04_rural/R2_VillagesTrails_ThreeClusters__TP07_BurstWindow.settings
R2_VillagesTrails_ThreeClusters__TP08_HubTarget,R2_VillagesTrails_ThreeClusters,04_rural,TP08,main,mantener,no,no,no,scenarios/corpus_v1/04_rural/R2_VillagesTrails_ThreeClusters__TP08_HubTarget.settings
R2_VillagesTrails_ThreeClusters__TP09_Bimodal,R2_VillagesTrails_ThreeClusters,04_rural,TP09,stress,mantener,no,no,no,scenarios/corpus_v1/04_rural/R2_VillagesTrails_ThreeClusters__TP09_Bimodal.settings
R2_VillagesTrails_ThreeClusters__TP10_Storm,R2_VillagesTrails_ThreeClusters,04_rural,TP10,stress,mantener,no,no,no,scenarios/corpus_v1/04_rural/R2_VillagesTrails_ThreeClusters__TP10_Storm.settings
R2_VillagesTrails_ThreeClusters__TP11_ManyToOne,R2_VillagesTrails_ThreeClusters,04_rural,TP11,stress,mantener,no,no,no,scenarios/corpus_v1/04_rural/R2_VillagesTrails_ThreeClusters__TP11_ManyToOne.settings
R2_VillagesTrails_ThreeClusters__TP12_GroupToGroup,R2_VillagesTrails_ThreeClusters,04_rural,TP12,control,mantener,no,no,no,scenarios/corpus_v1/04_rural/R2_VillagesTrails_ThreeClusters__TP12_GroupToGroup.settings
R3_WildlifeTracking__TP01_Baseline,R3_WildlifeTracking,04_rural,TP01,stress,modificar_tp,no,no,si,scenarios/corpus_v1/04_rural/R3_WildlifeTracking__TP01_Baseline.settings
R3_WildlifeTracking__TP02_LowLoad,R3_WildlifeTracking,04_rural,TP02,stress,modificar_tp,no,no,si,scenarios/corpus_v1/04_rural/R3_WildlifeTracking__TP02_LowLoad.settings
R3_WildlifeTracking__TP03_ManySmall,R3_WildlifeTracking,04_rural,TP03,stress,modificar_tp,no,no,si,scenarios/corpus_v1/04_rural/R3_WildlifeTracking__TP03_ManySmall.settings
R3_WildlifeTracking__TP04_FewLarge,R3_WildlifeTracking,04_rural,TP04,stress,modificar_tp,no,no,si,scenarios/corpus_v1/04_rural/R3_WildlifeTracking__TP04_FewLarge.settings
R3_WildlifeTracking__TP05_CriticalTTL,R3_WildlifeTracking,04_rural,TP05,stress,modificar_tp,no,no,si,scenarios/corpus_v1/04_rural/R3_WildlifeTracking__TP05_CriticalTTL.settings
R3_WildlifeTracking__TP06_OneToMany,R3_WildlifeTracking,04_rural,TP06,stress,modificar_tp,no,no,si,scenarios/corpus_v1/04_rural/R3_WildlifeTracking__TP06_OneToMany.settings
R3_WildlifeTracking__TP07_BurstWindow,R3_WildlifeTracking,04_rural,TP07,stress,modificar_tp,no,no,si,scenarios/corpus_v1/04_rural/R3_WildlifeTracking__TP07_BurstWindow.settings
R3_WildlifeTracking__TP08_HubTarget,R3_WildlifeTracking,04_rural,TP08,stress,modificar_tp,no,no,si,scenarios/corpus_v1/04_rural/R3_WildlifeTracking__TP08_HubTarget.settings
R3_WildlifeTracking__TP09_Bimodal,R3_WildlifeTracking,04_rural,TP09,stress,modificar_tp,no,no,si,scenarios/corpus_v1/04_rural/R3_WildlifeTracking__TP09_Bimodal.settings
R3_WildlifeTracking__TP10_Storm,R3_WildlifeTracking,04_rural,TP10,stress,modificar_tp,no,no,si,scenarios/corpus_v1/04_rural/R3_WildlifeTracking__TP10_Storm.settings
R3_WildlifeTracking__TP11_ManyToOne,R3_WildlifeTracking,04_rural,TP11,stress,modificar_tp,no,no,si,scenarios/corpus_v1/04_rural/R3_WildlifeTracking__TP11_ManyToOne.settings
R3_WildlifeTracking__TP12_GroupToGroup,R3_WildlifeTracking,04_rural,TP12,control,modificar_tp,no,no,si,scenarios/corpus_v1/04_rural/R3_WildlifeTracking__TP12_GroupToGroup.settings
R5_MountainRescue__TP01_Baseline,R5_MountainRescue,04_rural,TP01,main,modificar_tp,no,no,si,scenarios/corpus_v1/04_rural/R5_MountainRescue__TP01_Baseline.settings
R5_MountainRescue__TP02_LowLoad,R5_MountainRescue,04_rural,TP02,main,modificar_tp,no,no,si,scenarios/corpus_v1/04_rural/R5_MountainRescue__TP02_LowLoad.settings
R5_MountainRescue__TP03_ManySmall,R5_MountainRescue,04_rural,TP03,main,modificar_tp,no,no,si,scenarios/corpus_v1/04_rural/R5_MountainRescue__TP03_ManySmall.settings
R5_MountainRescue__TP04_FewLarge,R5_MountainRescue,04_rural,TP04,stress,modificar_tp,no,no,si,scenarios/corpus_v1/04_rural/R5_MountainRescue__TP04_FewLarge.settings
R5_MountainRescue__TP05_CriticalTTL,R5_MountainRescue,04_rural,TP05,stress,modificar_tp,no,no,si,scenarios/corpus_v1/04_rural/R5_MountainRescue__TP05_CriticalTTL.settings
R5_MountainRescue__TP06_OneToMany,R5_MountainRescue,04_rural,TP06,stress,modificar_tp,no,no,si,scenarios/corpus_v1/04_rural/R5_MountainRescue__TP06_OneToMany.settings
R5_MountainRescue__TP07_BurstWindow,R5_MountainRescue,04_rural,TP07,main,modificar_tp,no,no,si,scenarios/corpus_v1/04_rural/R5_MountainRescue__TP07_BurstWindow.settings
R5_MountainRescue__TP08_HubTarget,R5_MountainRescue,04_rural,TP08,main,modificar_tp,no,no,si,scenarios/corpus_v1/04_rural/R5_MountainRescue__TP08_HubTarget.settings
R5_MountainRescue__TP09_Bimodal,R5_MountainRescue,04_rural,TP09,stress,modificar_tp,no,no,si,scenarios/corpus_v1/04_rural/R5_MountainRescue__TP09_Bimodal.settings
R5_MountainRescue__TP10_Storm,R5_MountainRescue,04_rural,TP10,stress,modificar_tp,no,no,si,scenarios/corpus_v1/04_rural/R5_MountainRescue__TP10_Storm.settings
R5_MountainRescue__TP11_ManyToOne,R5_MountainRescue,04_rural,TP11,stress,modificar_tp,no,no,si,scenarios/corpus_v1/04_rural/R5_MountainRescue__TP11_ManyToOne.settings
R5_MountainRescue__TP12_GroupToGroup,R5_MountainRescue,04_rural,TP12,control,modificar_tp,no,no,si,scenarios/corpus_v1/04_rural/R5_MountainRescue__TP12_GroupToGroup.settings
R6_SparseLongRange__TP01_Baseline,R6_SparseLongRange,04_rural,TP01,main,mantener,no,no,no,scenarios/corpus_v1/04_rural/R6_SparseLongRange__TP01_Baseline.settings
R6_SparseLongRange__TP02_LowLoad,R6_SparseLongRange,04_rural,TP02,main,mantener,no,no,no,scenarios/corpus_v1/04_rural/R6_SparseLongRange__TP02_LowLoad.settings
R6_SparseLongRange__TP03_ManySmall,R6_SparseLongRange,04_rural,TP03,main,mantener,no,no,no,scenarios/corpus_v1/04_rural/R6_SparseLongRange__TP03_ManySmall.settings
R6_SparseLongRange__TP04_FewLarge,R6_SparseLongRange,04_rural,TP04,stress,mantener,no,no,no,scenarios/corpus_v1/04_rural/R6_SparseLongRange__TP04_FewLarge.settings
R6_SparseLongRange__TP05_CriticalTTL,R6_SparseLongRange,04_rural,TP05,stress,mantener,no,no,no,scenarios/corpus_v1/04_rural/R6_SparseLongRange__TP05_CriticalTTL.settings
R6_SparseLongRange__TP06_OneToMany,R6_SparseLongRange,04_rural,TP06,stress,mantener,no,no,no,scenarios/corpus_v1/04_rural/R6_SparseLongRange__TP06_OneToMany.settings
R6_SparseLongRange__TP07_BurstWindow,R6_SparseLongRange,04_rural,TP07,main,mantener,no,no,no,scenarios/corpus_v1/04_rural/R6_SparseLongRange__TP07_BurstWindow.settings
R6_SparseLongRange__TP08_HubTarget,R6_SparseLongRange,04_rural,TP08,main,mantener,no,no,no,scenarios/corpus_v1/04_rural/R6_SparseLongRange__TP08_HubTarget.settings
R6_SparseLongRange__TP09_Bimodal,R6_SparseLongRange,04_rural,TP09,stress,mantener,no,no,no,scenarios/corpus_v1/04_rural/R6_SparseLongRange__TP09_Bimodal.settings
R6_SparseLongRange__TP10_Storm,R6_SparseLongRange,04_rural,TP10,stress,mantener,no,no,no,scenarios/corpus_v1/04_rural/R6_SparseLongRange__TP10_Storm.settings
R6_SparseLongRange__TP11_ManyToOne,R6_SparseLongRange,04_rural,TP11,stress,mantener,no,no,no,scenarios/corpus_v1/04_rural/R6_SparseLongRange__TP11_ManyToOne.settings
R6_SparseLongRange__TP12_GroupToGroup,R6_SparseLongRange,04_rural,TP12,control,mantener,no,no,no,scenarios/corpus_v1/04_rural/R6_SparseLongRange__TP12_GroupToGroup.settings
R7_SparseTinyBuffer__TP01_Baseline,R7_SparseTinyBuffer,04_rural,TP01,stress,modificar_tp,no,no,si,scenarios/corpus_v1/04_rural/R7_SparseTinyBuffer__TP01_Baseline.settings
R7_SparseTinyBuffer__TP02_LowLoad,R7_SparseTinyBuffer,04_rural,TP02,stress,modificar_tp,no,no,si,scenarios/corpus_v1/04_rural/R7_SparseTinyBuffer__TP02_LowLoad.settings
R7_SparseTinyBuffer__TP03_ManySmall,R7_SparseTinyBuffer,04_rural,TP03,stress,modificar_tp,no,no,si,scenarios/corpus_v1/04_rural/R7_SparseTinyBuffer__TP03_ManySmall.settings
R7_SparseTinyBuffer__TP04_FewLarge,R7_SparseTinyBuffer,04_rural,TP04,stress,modificar_tp,no,no,si,scenarios/corpus_v1/04_rural/R7_SparseTinyBuffer__TP04_FewLarge.settings
R7_SparseTinyBuffer__TP05_CriticalTTL,R7_SparseTinyBuffer,04_rural,TP05,stress,modificar_tp,no,no,si,scenarios/corpus_v1/04_rural/R7_SparseTinyBuffer__TP05_CriticalTTL.settings
R7_SparseTinyBuffer__TP06_OneToMany,R7_SparseTinyBuffer,04_rural,TP06,stress,modificar_tp,no,no,si,scenarios/corpus_v1/04_rural/R7_SparseTinyBuffer__TP06_OneToMany.settings
R7_SparseTinyBuffer__TP07_BurstWindow,R7_SparseTinyBuffer,04_rural,TP07,stress,modificar_tp,no,no,si,scenarios/corpus_v1/04_rural/R7_SparseTinyBuffer__TP07_BurstWindow.settings
R7_SparseTinyBuffer__TP08_HubTarget,R7_SparseTinyBuffer,04_rural,TP08,stress,modificar_tp,no,no,si,scenarios/corpus_v1/04_rural/R7_SparseTinyBuffer__TP08_HubTarget.settings
R7_SparseTinyBuffer__TP09_Bimodal,R7_SparseTinyBuffer,04_rural,TP09,stress,modificar_tp,no,no,si,scenarios/corpus_v1/04_rural/R7_SparseTinyBuffer__TP09_Bimodal.settings
R7_SparseTinyBuffer__TP10_Storm,R7_SparseTinyBuffer,04_rural,TP10,stress,modificar_tp,no,no,si,scenarios/corpus_v1/04_rural/R7_SparseTinyBuffer__TP10_Storm.settings
R7_SparseTinyBuffer__TP11_ManyToOne,R7_SparseTinyBuffer,04_rural,TP11,stress,modificar_tp,no,no,si,scenarios/corpus_v1/04_rural/R7_SparseTinyBuffer__TP11_ManyToOne.settings
R7_SparseTinyBuffer__TP12_GroupToGroup,R7_SparseTinyBuffer,04_rural,TP12,control,modificar_tp,no,no,si,scenarios/corpus_v1/04_rural/R7_SparseTinyBuffer__TP12_GroupToGroup.settings
R8_IntermittentPower__TP01_Baseline,R8_IntermittentPower,04_rural,TP01,stress,modificar_tp,no,no,si,scenarios/corpus_v1/04_rural/R8_IntermittentPower__TP01_Baseline.settings
R8_IntermittentPower__TP02_LowLoad,R8_IntermittentPower,04_rural,TP02,stress,modificar_tp,no,no,si,scenarios/corpus_v1/04_rural/R8_IntermittentPower__TP02_LowLoad.settings
R8_IntermittentPower__TP03_ManySmall,R8_IntermittentPower,04_rural,TP03,stress,modificar_tp,no,no,si,scenarios/corpus_v1/04_rural/R8_IntermittentPower__TP03_ManySmall.settings
R8_IntermittentPower__TP04_FewLarge,R8_IntermittentPower,04_rural,TP04,stress,modificar_tp,no,no,si,scenarios/corpus_v1/04_rural/R8_IntermittentPower__TP04_FewLarge.settings
R8_IntermittentPower__TP05_CriticalTTL,R8_IntermittentPower,04_rural,TP05,stress,modificar_tp,no,no,si,scenarios/corpus_v1/04_rural/R8_IntermittentPower__TP05_CriticalTTL.settings
R8_IntermittentPower__TP06_OneToMany,R8_IntermittentPower,04_rural,TP06,stress,modificar_tp,no,no,si,scenarios/corpus_v1/04_rural/R8_IntermittentPower__TP06_OneToMany.settings
R8_IntermittentPower__TP07_BurstWindow,R8_IntermittentPower,04_rural,TP07,stress,modificar_tp,no,no,si,scenarios/corpus_v1/04_rural/R8_IntermittentPower__TP07_BurstWindow.settings
R8_IntermittentPower__TP08_HubTarget,R8_IntermittentPower,04_rural,TP08,stress,modificar_tp,no,no,si,scenarios/corpus_v1/04_rural/R8_IntermittentPower__TP08_HubTarget.settings
R8_IntermittentPower__TP09_Bimodal,R8_IntermittentPower,04_rural,TP09,stress,modificar_tp,no,no,si,scenarios/corpus_v1/04_rural/R8_IntermittentPower__TP09_Bimodal.settings
R8_IntermittentPower__TP10_Storm,R8_IntermittentPower,04_rural,TP10,stress,modificar_tp,no,no,si,scenarios/corpus_v1/04_rural/R8_IntermittentPower__TP10_Storm.settings
R8_IntermittentPower__TP11_ManyToOne,R8_IntermittentPower,04_rural,TP11,stress,modificar_tp,no,no,si,scenarios/corpus_v1/04_rural/R8_IntermittentPower__TP11_ManyToOne.settings
R8_IntermittentPower__TP12_GroupToGroup,R8_IntermittentPower,04_rural,TP12,control,modificar_tp,no,no,si,scenarios/corpus_v1/04_rural/R8_IntermittentPower__TP12_GroupToGroup.settings
R9_ExtremeRange_200m__TP01_Baseline,R9_ExtremeRange_200m,04_rural,TP01,main,modificar_tp,no,no,si_TP04_06,scenarios/corpus_v1/04_rural/R9_ExtremeRange_200m__TP01_Baseline.settings
R9_ExtremeRange_200m__TP02_LowLoad,R9_ExtremeRange_200m,04_rural,TP02,main,modificar_tp,no,no,si_TP04_06,scenarios/corpus_v1/04_rural/R9_ExtremeRange_200m__TP02_LowLoad.settings
R9_ExtremeRange_200m__TP03_ManySmall,R9_ExtremeRange_200m,04_rural,TP03,main,modificar_tp,no,no,si_TP04_06,scenarios/corpus_v1/04_rural/R9_ExtremeRange_200m__TP03_ManySmall.settings
R9_ExtremeRange_200m__TP04_FewLarge,R9_ExtremeRange_200m,04_rural,TP04,stress,modificar_tp,no,no,si_TP04_06,scenarios/corpus_v1/04_rural/R9_ExtremeRange_200m__TP04_FewLarge.settings
R9_ExtremeRange_200m__TP05_CriticalTTL,R9_ExtremeRange_200m,04_rural,TP05,stress,modificar_tp,no,no,si_TP04_06,scenarios/corpus_v1/04_rural/R9_ExtremeRange_200m__TP05_CriticalTTL.settings
R9_ExtremeRange_200m__TP06_OneToMany,R9_ExtremeRange_200m,04_rural,TP06,stress,modificar_tp,no,no,si_TP04_06,scenarios/corpus_v1/04_rural/R9_ExtremeRange_200m__TP06_OneToMany.settings
R9_ExtremeRange_200m__TP07_BurstWindow,R9_ExtremeRange_200m,04_rural,TP07,main,modificar_tp,no,no,si_TP04_06,scenarios/corpus_v1/04_rural/R9_ExtremeRange_200m__TP07_BurstWindow.settings
R9_ExtremeRange_200m__TP08_HubTarget,R9_ExtremeRange_200m,04_rural,TP08,main,modificar_tp,no,no,si_TP04_06,scenarios/corpus_v1/04_rural/R9_ExtremeRange_200m__TP08_HubTarget.settings
R9_ExtremeRange_200m__TP09_Bimodal,R9_ExtremeRange_200m,04_rural,TP09,stress,modificar_tp,no,no,si_TP04_06,scenarios/corpus_v1/04_rural/R9_ExtremeRange_200m__TP09_Bimodal.settings
R9_ExtremeRange_200m__TP10_Storm,R9_ExtremeRange_200m,04_rural,TP10,stress,modificar_tp,no,no,si_TP04_06,scenarios/corpus_v1/04_rural/R9_ExtremeRange_200m__TP10_Storm.settings
R9_ExtremeRange_200m__TP11_ManyToOne,R9_ExtremeRange_200m,04_rural,TP11,stress,modificar_tp,no,no,si_TP04_06,scenarios/corpus_v1/04_rural/R9_ExtremeRange_200m__TP11_ManyToOne.settings
R9_ExtremeRange_200m__TP12_GroupToGroup,R9_ExtremeRange_200m,04_rural,TP12,control,modificar_tp,no,no,si_TP04_06,scenarios/corpus_v1/04_rural/R9_ExtremeRange_200m__TP12_GroupToGroup.settings
D1_ShelterHotspots_Clusters__TP01_Baseline,D1_ShelterHotspots_Clusters,05_disaster,TP01,main,modificar_tp,no,no,si_TP04_06,scenarios/corpus_v1/05_disaster/D1_ShelterHotspots_Clusters__TP01_Baseline.settings
D1_ShelterHotspots_Clusters__TP02_LowLoad,D1_ShelterHotspots_Clusters,05_disaster,TP02,main,modificar_tp,no,no,si_TP04_06,scenarios/corpus_v1/05_disaster/D1_ShelterHotspots_Clusters__TP02_LowLoad.settings
D1_ShelterHotspots_Clusters__TP03_ManySmall,D1_ShelterHotspots_Clusters,05_disaster,TP03,main,modificar_tp,no,no,si_TP04_06,scenarios/corpus_v1/05_disaster/D1_ShelterHotspots_Clusters__TP03_ManySmall.settings
D1_ShelterHotspots_Clusters__TP04_FewLarge,D1_ShelterHotspots_Clusters,05_disaster,TP04,stress,modificar_tp,no,no,si_TP04_06,scenarios/corpus_v1/05_disaster/D1_ShelterHotspots_Clusters__TP04_FewLarge.settings
D1_ShelterHotspots_Clusters__TP05_CriticalTTL,D1_ShelterHotspots_Clusters,05_disaster,TP05,stress,modificar_tp,no,no,si_TP04_06,scenarios/corpus_v1/05_disaster/D1_ShelterHotspots_Clusters__TP05_CriticalTTL.settings
D1_ShelterHotspots_Clusters__TP06_OneToMany,D1_ShelterHotspots_Clusters,05_disaster,TP06,stress,modificar_tp,no,no,si_TP04_06,scenarios/corpus_v1/05_disaster/D1_ShelterHotspots_Clusters__TP06_OneToMany.settings
D1_ShelterHotspots_Clusters__TP07_BurstWindow,D1_ShelterHotspots_Clusters,05_disaster,TP07,main,modificar_tp,no,no,si_TP04_06,scenarios/corpus_v1/05_disaster/D1_ShelterHotspots_Clusters__TP07_BurstWindow.settings
D1_ShelterHotspots_Clusters__TP08_HubTarget,D1_ShelterHotspots_Clusters,05_disaster,TP08,main,modificar_tp,no,no,si_TP04_06,scenarios/corpus_v1/05_disaster/D1_ShelterHotspots_Clusters__TP08_HubTarget.settings
D1_ShelterHotspots_Clusters__TP09_Bimodal,D1_ShelterHotspots_Clusters,05_disaster,TP09,stress,modificar_tp,no,no,si_TP04_06,scenarios/corpus_v1/05_disaster/D1_ShelterHotspots_Clusters__TP09_Bimodal.settings
D1_ShelterHotspots_Clusters__TP10_Storm,D1_ShelterHotspots_Clusters,05_disaster,TP10,stress,modificar_tp,no,no,si_TP04_06,scenarios/corpus_v1/05_disaster/D1_ShelterHotspots_Clusters__TP10_Storm.settings
D1_ShelterHotspots_Clusters__TP11_ManyToOne,D1_ShelterHotspots_Clusters,05_disaster,TP11,stress,modificar_tp,no,no,si_TP04_06,scenarios/corpus_v1/05_disaster/D1_ShelterHotspots_Clusters__TP11_ManyToOne.settings
D1_ShelterHotspots_Clusters__TP12_GroupToGroup,D1_ShelterHotspots_Clusters,05_disaster,TP12,control,modificar_tp,no,no,si_TP04_06,scenarios/corpus_v1/05_disaster/D1_ShelterHotspots_Clusters__TP12_GroupToGroup.settings
D2_PartitionedCity_MuleBridge__TP01_Baseline,D2_PartitionedCity_MuleBridge,05_disaster,TP01,main,modificar_tp,no,no,si_TP04_06,scenarios/corpus_v1/05_disaster/D2_PartitionedCity_MuleBridge__TP01_Baseline.settings
D2_PartitionedCity_MuleBridge__TP02_LowLoad,D2_PartitionedCity_MuleBridge,05_disaster,TP02,main,modificar_tp,no,no,si_TP04_06,scenarios/corpus_v1/05_disaster/D2_PartitionedCity_MuleBridge__TP02_LowLoad.settings
D2_PartitionedCity_MuleBridge__TP03_ManySmall,D2_PartitionedCity_MuleBridge,05_disaster,TP03,main,modificar_tp,no,no,si_TP04_06,scenarios/corpus_v1/05_disaster/D2_PartitionedCity_MuleBridge__TP03_ManySmall.settings
D2_PartitionedCity_MuleBridge__TP04_FewLarge,D2_PartitionedCity_MuleBridge,05_disaster,TP04,stress,modificar_tp,no,no,si_TP04_06,scenarios/corpus_v1/05_disaster/D2_PartitionedCity_MuleBridge__TP04_FewLarge.settings
D2_PartitionedCity_MuleBridge__TP05_CriticalTTL,D2_PartitionedCity_MuleBridge,05_disaster,TP05,stress,modificar_tp,no,no,si_TP04_06,scenarios/corpus_v1/05_disaster/D2_PartitionedCity_MuleBridge__TP05_CriticalTTL.settings
D2_PartitionedCity_MuleBridge__TP06_OneToMany,D2_PartitionedCity_MuleBridge,05_disaster,TP06,stress,modificar_tp,no,no,si_TP04_06,scenarios/corpus_v1/05_disaster/D2_PartitionedCity_MuleBridge__TP06_OneToMany.settings
D2_PartitionedCity_MuleBridge__TP07_BurstWindow,D2_PartitionedCity_MuleBridge,05_disaster,TP07,main,modificar_tp,no,no,si_TP04_06,scenarios/corpus_v1/05_disaster/D2_PartitionedCity_MuleBridge__TP07_BurstWindow.settings
D2_PartitionedCity_MuleBridge__TP08_HubTarget,D2_PartitionedCity_MuleBridge,05_disaster,TP08,main,modificar_tp,no,no,si_TP04_06,scenarios/corpus_v1/05_disaster/D2_PartitionedCity_MuleBridge__TP08_HubTarget.settings
D2_PartitionedCity_MuleBridge__TP09_Bimodal,D2_PartitionedCity_MuleBridge,05_disaster,TP09,stress,modificar_tp,no,no,si_TP04_06,scenarios/corpus_v1/05_disaster/D2_PartitionedCity_MuleBridge__TP09_Bimodal.settings
D2_PartitionedCity_MuleBridge__TP10_Storm,D2_PartitionedCity_MuleBridge,05_disaster,TP10,stress,modificar_tp,no,no,si_TP04_06,scenarios/corpus_v1/05_disaster/D2_PartitionedCity_MuleBridge__TP10_Storm.settings
D2_PartitionedCity_MuleBridge__TP11_ManyToOne,D2_PartitionedCity_MuleBridge,05_disaster,TP11,stress,modificar_tp,no,no,si_TP04_06,scenarios/corpus_v1/05_disaster/D2_PartitionedCity_MuleBridge__TP11_ManyToOne.settings
D2_PartitionedCity_MuleBridge__TP12_GroupToGroup,D2_PartitionedCity_MuleBridge,05_disaster,TP12,control,modificar_tp,no,no,si_TP04_06,scenarios/corpus_v1/05_disaster/D2_PartitionedCity_MuleBridge__TP12_GroupToGroup.settings
D3_Aftershock_ErraticMobility__TP01_Baseline,D3_Aftershock_ErraticMobility,05_disaster,TP01,main,modificar_tp,no,no,si,scenarios/corpus_v1/05_disaster/D3_Aftershock_ErraticMobility__TP01_Baseline.settings
D3_Aftershock_ErraticMobility__TP02_LowLoad,D3_Aftershock_ErraticMobility,05_disaster,TP02,main,modificar_tp,no,no,si,scenarios/corpus_v1/05_disaster/D3_Aftershock_ErraticMobility__TP02_LowLoad.settings
D3_Aftershock_ErraticMobility__TP03_ManySmall,D3_Aftershock_ErraticMobility,05_disaster,TP03,main,modificar_tp,no,no,si,scenarios/corpus_v1/05_disaster/D3_Aftershock_ErraticMobility__TP03_ManySmall.settings
D3_Aftershock_ErraticMobility__TP04_FewLarge,D3_Aftershock_ErraticMobility,05_disaster,TP04,stress,modificar_tp,no,no,si,scenarios/corpus_v1/05_disaster/D3_Aftershock_ErraticMobility__TP04_FewLarge.settings
D3_Aftershock_ErraticMobility__TP05_CriticalTTL,D3_Aftershock_ErraticMobility,05_disaster,TP05,stress,modificar_tp,no,no,si,scenarios/corpus_v1/05_disaster/D3_Aftershock_ErraticMobility__TP05_CriticalTTL.settings
D3_Aftershock_ErraticMobility__TP06_OneToMany,D3_Aftershock_ErraticMobility,05_disaster,TP06,stress,modificar_tp,no,no,si,scenarios/corpus_v1/05_disaster/D3_Aftershock_ErraticMobility__TP06_OneToMany.settings
D3_Aftershock_ErraticMobility__TP07_BurstWindow,D3_Aftershock_ErraticMobility,05_disaster,TP07,main,modificar_tp,no,no,si,scenarios/corpus_v1/05_disaster/D3_Aftershock_ErraticMobility__TP07_BurstWindow.settings
D3_Aftershock_ErraticMobility__TP08_HubTarget,D3_Aftershock_ErraticMobility,05_disaster,TP08,main,modificar_tp,no,no,si,scenarios/corpus_v1/05_disaster/D3_Aftershock_ErraticMobility__TP08_HubTarget.settings
D3_Aftershock_ErraticMobility__TP09_Bimodal,D3_Aftershock_ErraticMobility,05_disaster,TP09,stress,modificar_tp,no,no,si,scenarios/corpus_v1/05_disaster/D3_Aftershock_ErraticMobility__TP09_Bimodal.settings
D3_Aftershock_ErraticMobility__TP10_Storm,D3_Aftershock_ErraticMobility,05_disaster,TP10,stress,modificar_tp,no,no,si,scenarios/corpus_v1/05_disaster/D3_Aftershock_ErraticMobility__TP10_Storm.settings
D3_Aftershock_ErraticMobility__TP11_ManyToOne,D3_Aftershock_ErraticMobility,05_disaster,TP11,stress,modificar_tp,no,no,si,scenarios/corpus_v1/05_disaster/D3_Aftershock_ErraticMobility__TP11_ManyToOne.settings
D3_Aftershock_ErraticMobility__TP12_GroupToGroup,D3_Aftershock_ErraticMobility,05_disaster,TP12,control,modificar_tp,no,no,si,scenarios/corpus_v1/05_disaster/D3_Aftershock_ErraticMobility__TP12_GroupToGroup.settings
D4_MedicalTriage_TwoClasses__TP01_Baseline,D4_MedicalTriage_TwoClasses,05_disaster,TP01,main,mantener,no,no,no,scenarios/corpus_v1/05_disaster/D4_MedicalTriage_TwoClasses__TP01_Baseline.settings
D4_MedicalTriage_TwoClasses__TP02_LowLoad,D4_MedicalTriage_TwoClasses,05_disaster,TP02,main,mantener,no,no,no,scenarios/corpus_v1/05_disaster/D4_MedicalTriage_TwoClasses__TP02_LowLoad.settings
D4_MedicalTriage_TwoClasses__TP03_ManySmall,D4_MedicalTriage_TwoClasses,05_disaster,TP03,main,mantener,no,no,no,scenarios/corpus_v1/05_disaster/D4_MedicalTriage_TwoClasses__TP03_ManySmall.settings
D4_MedicalTriage_TwoClasses__TP04_FewLarge,D4_MedicalTriage_TwoClasses,05_disaster,TP04,stress,mantener,no,no,no,scenarios/corpus_v1/05_disaster/D4_MedicalTriage_TwoClasses__TP04_FewLarge.settings
D4_MedicalTriage_TwoClasses__TP05_CriticalTTL,D4_MedicalTriage_TwoClasses,05_disaster,TP05,stress,mantener,no,no,no,scenarios/corpus_v1/05_disaster/D4_MedicalTriage_TwoClasses__TP05_CriticalTTL.settings
D4_MedicalTriage_TwoClasses__TP06_OneToMany,D4_MedicalTriage_TwoClasses,05_disaster,TP06,stress,mantener,no,no,no,scenarios/corpus_v1/05_disaster/D4_MedicalTriage_TwoClasses__TP06_OneToMany.settings
D4_MedicalTriage_TwoClasses__TP07_BurstWindow,D4_MedicalTriage_TwoClasses,05_disaster,TP07,main,mantener,no,no,no,scenarios/corpus_v1/05_disaster/D4_MedicalTriage_TwoClasses__TP07_BurstWindow.settings
D4_MedicalTriage_TwoClasses__TP08_HubTarget,D4_MedicalTriage_TwoClasses,05_disaster,TP08,main,mantener,no,no,no,scenarios/corpus_v1/05_disaster/D4_MedicalTriage_TwoClasses__TP08_HubTarget.settings
D4_MedicalTriage_TwoClasses__TP09_Bimodal,D4_MedicalTriage_TwoClasses,05_disaster,TP09,stress,mantener,no,no,no,scenarios/corpus_v1/05_disaster/D4_MedicalTriage_TwoClasses__TP09_Bimodal.settings
D4_MedicalTriage_TwoClasses__TP10_Storm,D4_MedicalTriage_TwoClasses,05_disaster,TP10,stress,mantener,no,no,no,scenarios/corpus_v1/05_disaster/D4_MedicalTriage_TwoClasses__TP10_Storm.settings
D4_MedicalTriage_TwoClasses__TP11_ManyToOne,D4_MedicalTriage_TwoClasses,05_disaster,TP11,stress,mantener,no,no,no,scenarios/corpus_v1/05_disaster/D4_MedicalTriage_TwoClasses__TP11_ManyToOne.settings
D4_MedicalTriage_TwoClasses__TP12_GroupToGroup,D4_MedicalTriage_TwoClasses,05_disaster,TP12,control,mantener,no,no,no,scenarios/corpus_v1/05_disaster/D4_MedicalTriage_TwoClasses__TP12_GroupToGroup.settings
D6_ShortTtlCritical_5to10min__TP01_Baseline,D6_ShortTtlCritical_5to10min,05_disaster,TP01,main,modificar_movilidad,no,si,si_TP04_06,scenarios/corpus_v1/05_disaster/D6_ShortTtlCritical_5to10min__TP01_Baseline.settings
D6_ShortTtlCritical_5to10min__TP02_LowLoad,D6_ShortTtlCritical_5to10min,05_disaster,TP02,main,modificar_movilidad,no,si,si_TP04_06,scenarios/corpus_v1/05_disaster/D6_ShortTtlCritical_5to10min__TP02_LowLoad.settings
D6_ShortTtlCritical_5to10min__TP03_ManySmall,D6_ShortTtlCritical_5to10min,05_disaster,TP03,main,modificar_movilidad,no,si,si_TP04_06,scenarios/corpus_v1/05_disaster/D6_ShortTtlCritical_5to10min__TP03_ManySmall.settings
D6_ShortTtlCritical_5to10min__TP04_FewLarge,D6_ShortTtlCritical_5to10min,05_disaster,TP04,stress,modificar_movilidad,no,si,si_TP04_06,scenarios/corpus_v1/05_disaster/D6_ShortTtlCritical_5to10min__TP04_FewLarge.settings
D6_ShortTtlCritical_5to10min__TP05_CriticalTTL,D6_ShortTtlCritical_5to10min,05_disaster,TP05,stress,modificar_movilidad,no,si,si_TP04_06,scenarios/corpus_v1/05_disaster/D6_ShortTtlCritical_5to10min__TP05_CriticalTTL.settings
D6_ShortTtlCritical_5to10min__TP06_OneToMany,D6_ShortTtlCritical_5to10min,05_disaster,TP06,stress,modificar_movilidad,no,si,si_TP04_06,scenarios/corpus_v1/05_disaster/D6_ShortTtlCritical_5to10min__TP06_OneToMany.settings
D6_ShortTtlCritical_5to10min__TP07_BurstWindow,D6_ShortTtlCritical_5to10min,05_disaster,TP07,main,modificar_movilidad,no,si,si_TP04_06,scenarios/corpus_v1/05_disaster/D6_ShortTtlCritical_5to10min__TP07_BurstWindow.settings
D6_ShortTtlCritical_5to10min__TP08_HubTarget,D6_ShortTtlCritical_5to10min,05_disaster,TP08,main,modificar_movilidad,no,si,si_TP04_06,scenarios/corpus_v1/05_disaster/D6_ShortTtlCritical_5to10min__TP08_HubTarget.settings
D6_ShortTtlCritical_5to10min__TP09_Bimodal,D6_ShortTtlCritical_5to10min,05_disaster,TP09,stress,modificar_movilidad,no,si,si_TP04_06,scenarios/corpus_v1/05_disaster/D6_ShortTtlCritical_5to10min__TP09_Bimodal.settings
D6_ShortTtlCritical_5to10min__TP10_Storm,D6_ShortTtlCritical_5to10min,05_disaster,TP10,stress,modificar_movilidad,no,si,si_TP04_06,scenarios/corpus_v1/05_disaster/D6_ShortTtlCritical_5to10min__TP10_Storm.settings
D6_ShortTtlCritical_5to10min__TP11_ManyToOne,D6_ShortTtlCritical_5to10min,05_disaster,TP11,stress,modificar_movilidad,no,si,si_TP04_06,scenarios/corpus_v1/05_disaster/D6_ShortTtlCritical_5to10min__TP11_ManyToOne.settings
D6_ShortTtlCritical_5to10min__TP12_GroupToGroup,D6_ShortTtlCritical_5to10min,05_disaster,TP12,control,modificar_movilidad,no,si,si_TP04_06,scenarios/corpus_v1/05_disaster/D6_ShortTtlCritical_5to10min__TP12_GroupToGroup.settings
D7_HighLoad_TrafficStorm__TP01_Baseline,D7_HighLoad_TrafficStorm,05_disaster,TP01,main,modificar_movilidad,no,si,si_TP04_06,scenarios/corpus_v1/05_disaster/D7_HighLoad_TrafficStorm__TP01_Baseline.settings
D7_HighLoad_TrafficStorm__TP02_LowLoad,D7_HighLoad_TrafficStorm,05_disaster,TP02,main,modificar_movilidad,no,si,si_TP04_06,scenarios/corpus_v1/05_disaster/D7_HighLoad_TrafficStorm__TP02_LowLoad.settings
D7_HighLoad_TrafficStorm__TP03_ManySmall,D7_HighLoad_TrafficStorm,05_disaster,TP03,main,modificar_movilidad,no,si,si_TP04_06,scenarios/corpus_v1/05_disaster/D7_HighLoad_TrafficStorm__TP03_ManySmall.settings
D7_HighLoad_TrafficStorm__TP04_FewLarge,D7_HighLoad_TrafficStorm,05_disaster,TP04,stress,modificar_movilidad,no,si,si_TP04_06,scenarios/corpus_v1/05_disaster/D7_HighLoad_TrafficStorm__TP04_FewLarge.settings
D7_HighLoad_TrafficStorm__TP05_CriticalTTL,D7_HighLoad_TrafficStorm,05_disaster,TP05,stress,modificar_movilidad,no,si,si_TP04_06,scenarios/corpus_v1/05_disaster/D7_HighLoad_TrafficStorm__TP05_CriticalTTL.settings
D7_HighLoad_TrafficStorm__TP06_OneToMany,D7_HighLoad_TrafficStorm,05_disaster,TP06,stress,modificar_movilidad,no,si,si_TP04_06,scenarios/corpus_v1/05_disaster/D7_HighLoad_TrafficStorm__TP06_OneToMany.settings
D7_HighLoad_TrafficStorm__TP07_BurstWindow,D7_HighLoad_TrafficStorm,05_disaster,TP07,main,modificar_movilidad,no,si,si_TP04_06,scenarios/corpus_v1/05_disaster/D7_HighLoad_TrafficStorm__TP07_BurstWindow.settings
D7_HighLoad_TrafficStorm__TP08_HubTarget,D7_HighLoad_TrafficStorm,05_disaster,TP08,main,modificar_movilidad,no,si,si_TP04_06,scenarios/corpus_v1/05_disaster/D7_HighLoad_TrafficStorm__TP08_HubTarget.settings
D7_HighLoad_TrafficStorm__TP09_Bimodal,D7_HighLoad_TrafficStorm,05_disaster,TP09,stress,modificar_movilidad,no,si,si_TP04_06,scenarios/corpus_v1/05_disaster/D7_HighLoad_TrafficStorm__TP09_Bimodal.settings
D7_HighLoad_TrafficStorm__TP10_Storm,D7_HighLoad_TrafficStorm,05_disaster,TP10,stress,modificar_movilidad,no,si,si_TP04_06,scenarios/corpus_v1/05_disaster/D7_HighLoad_TrafficStorm__TP10_Storm.settings
D7_HighLoad_TrafficStorm__TP11_ManyToOne,D7_HighLoad_TrafficStorm,05_disaster,TP11,stress,modificar_movilidad,no,si,si_TP04_06,scenarios/corpus_v1/05_disaster/D7_HighLoad_TrafficStorm__TP11_ManyToOne.settings
D7_HighLoad_TrafficStorm__TP12_GroupToGroup,D7_HighLoad_TrafficStorm,05_disaster,TP12,control,modificar_movilidad,no,si,si_TP04_06,scenarios/corpus_v1/05_disaster/D7_HighLoad_TrafficStorm__TP12_GroupToGroup.settings
D8_InfrastructureReturns_BackboneLinks__TP01_Baseline,D8_InfrastructureReturns_BackboneLinks,05_disaster,TP01,main,modificar_tp,no,no,si_TP04_06,scenarios/corpus_v1/05_disaster/D8_InfrastructureReturns_BackboneLinks__TP01_Baseline.settings
D8_InfrastructureReturns_BackboneLinks__TP02_LowLoad,D8_InfrastructureReturns_BackboneLinks,05_disaster,TP02,main,modificar_tp,no,no,si_TP04_06,scenarios/corpus_v1/05_disaster/D8_InfrastructureReturns_BackboneLinks__TP02_LowLoad.settings
D8_InfrastructureReturns_BackboneLinks__TP03_ManySmall,D8_InfrastructureReturns_BackboneLinks,05_disaster,TP03,main,modificar_tp,no,no,si_TP04_06,scenarios/corpus_v1/05_disaster/D8_InfrastructureReturns_BackboneLinks__TP03_ManySmall.settings
D8_InfrastructureReturns_BackboneLinks__TP04_FewLarge,D8_InfrastructureReturns_BackboneLinks,05_disaster,TP04,stress,modificar_tp,no,no,si_TP04_06,scenarios/corpus_v1/05_disaster/D8_InfrastructureReturns_BackboneLinks__TP04_FewLarge.settings
D8_InfrastructureReturns_BackboneLinks__TP05_CriticalTTL,D8_InfrastructureReturns_BackboneLinks,05_disaster,TP05,stress,modificar_tp,no,no,si_TP04_06,scenarios/corpus_v1/05_disaster/D8_InfrastructureReturns_BackboneLinks__TP05_CriticalTTL.settings
D8_InfrastructureReturns_BackboneLinks__TP06_OneToMany,D8_InfrastructureReturns_BackboneLinks,05_disaster,TP06,stress,modificar_tp,no,no,si_TP04_06,scenarios/corpus_v1/05_disaster/D8_InfrastructureReturns_BackboneLinks__TP06_OneToMany.settings
D8_InfrastructureReturns_BackboneLinks__TP07_BurstWindow,D8_InfrastructureReturns_BackboneLinks,05_disaster,TP07,main,modificar_tp,no,no,si_TP04_06,scenarios/corpus_v1/05_disaster/D8_InfrastructureReturns_BackboneLinks__TP07_BurstWindow.settings
D8_InfrastructureReturns_BackboneLinks__TP08_HubTarget,D8_InfrastructureReturns_BackboneLinks,05_disaster,TP08,main,modificar_tp,no,no,si_TP04_06,scenarios/corpus_v1/05_disaster/D8_InfrastructureReturns_BackboneLinks__TP08_HubTarget.settings
D8_InfrastructureReturns_BackboneLinks__TP09_Bimodal,D8_InfrastructureReturns_BackboneLinks,05_disaster,TP09,stress,modificar_tp,no,no,si_TP04_06,scenarios/corpus_v1/05_disaster/D8_InfrastructureReturns_BackboneLinks__TP09_Bimodal.settings
D8_InfrastructureReturns_BackboneLinks__TP10_Storm,D8_InfrastructureReturns_BackboneLinks,05_disaster,TP10,stress,modificar_tp,no,no,si_TP04_06,scenarios/corpus_v1/05_disaster/D8_InfrastructureReturns_BackboneLinks__TP10_Storm.settings
D8_InfrastructureReturns_BackboneLinks__TP11_ManyToOne,D8_InfrastructureReturns_BackboneLinks,05_disaster,TP11,stress,modificar_tp,no,no,si_TP04_06,scenarios/corpus_v1/05_disaster/D8_InfrastructureReturns_BackboneLinks__TP11_ManyToOne.settings
D8_InfrastructureReturns_BackboneLinks__TP12_GroupToGroup,D8_InfrastructureReturns_BackboneLinks,05_disaster,TP12,control,modificar_tp,no,no,si_TP04_06,scenarios/corpus_v1/05_disaster/D8_InfrastructureReturns_BackboneLinks__TP12_GroupToGroup.settings
D9_Critical_1minTTL__TP01_Baseline,D9_Critical_1minTTL,05_disaster,TP01,main,modificar_tp,no,no,si_TP04_06,scenarios/corpus_v1/05_disaster/D9_Critical_1minTTL__TP01_Baseline.settings
D9_Critical_1minTTL__TP02_LowLoad,D9_Critical_1minTTL,05_disaster,TP02,main,modificar_tp,no,no,si_TP04_06,scenarios/corpus_v1/05_disaster/D9_Critical_1minTTL__TP02_LowLoad.settings
D9_Critical_1minTTL__TP03_ManySmall,D9_Critical_1minTTL,05_disaster,TP03,main,modificar_tp,no,no,si_TP04_06,scenarios/corpus_v1/05_disaster/D9_Critical_1minTTL__TP03_ManySmall.settings
D9_Critical_1minTTL__TP04_FewLarge,D9_Critical_1minTTL,05_disaster,TP04,stress,modificar_tp,no,no,si_TP04_06,scenarios/corpus_v1/05_disaster/D9_Critical_1minTTL__TP04_FewLarge.settings
D9_Critical_1minTTL__TP05_CriticalTTL,D9_Critical_1minTTL,05_disaster,TP05,stress,modificar_tp,no,no,si_TP04_06,scenarios/corpus_v1/05_disaster/D9_Critical_1minTTL__TP05_CriticalTTL.settings
D9_Critical_1minTTL__TP06_OneToMany,D9_Critical_1minTTL,05_disaster,TP06,stress,modificar_tp,no,no,si_TP04_06,scenarios/corpus_v1/05_disaster/D9_Critical_1minTTL__TP06_OneToMany.settings
D9_Critical_1minTTL__TP07_BurstWindow,D9_Critical_1minTTL,05_disaster,TP07,main,modificar_tp,no,no,si_TP04_06,scenarios/corpus_v1/05_disaster/D9_Critical_1minTTL__TP07_BurstWindow.settings
D9_Critical_1minTTL__TP08_HubTarget,D9_Critical_1minTTL,05_disaster,TP08,main,modificar_tp,no,no,si_TP04_06,scenarios/corpus_v1/05_disaster/D9_Critical_1minTTL__TP08_HubTarget.settings
D9_Critical_1minTTL__TP09_Bimodal,D9_Critical_1minTTL,05_disaster,TP09,stress,modificar_tp,no,no,si_TP04_06,scenarios/corpus_v1/05_disaster/D9_Critical_1minTTL__TP09_Bimodal.settings
D9_Critical_1minTTL__TP10_Storm,D9_Critical_1minTTL,05_disaster,TP10,stress,modificar_tp,no,no,si_TP04_06,scenarios/corpus_v1/05_disaster/D9_Critical_1minTTL__TP10_Storm.settings
D9_Critical_1minTTL__TP11_ManyToOne,D9_Critical_1minTTL,05_disaster,TP11,stress,modificar_tp,no,no,si_TP04_06,scenarios/corpus_v1/05_disaster/D9_Critical_1minTTL__TP11_ManyToOne.settings
D9_Critical_1minTTL__TP12_GroupToGroup,D9_Critical_1minTTL,05_disaster,TP12,control,modificar_tp,no,no,si_TP04_06,scenarios/corpus_v1/05_disaster/D9_Critical_1minTTL__TP12_GroupToGroup.settings
S1_StrongCommunities_SeparateClusters__TP01_Baseline,S1_StrongCommunities_SeparateClusters,06_social,TP01,main,modificar_movilidad,no,si,si_TP04_06,scenarios/corpus_v1/06_social/S1_StrongCommunities_SeparateClusters__TP01_Baseline.settings
S1_StrongCommunities_SeparateClusters__TP02_LowLoad,S1_StrongCommunities_SeparateClusters,06_social,TP02,main,modificar_movilidad,no,si,si_TP04_06,scenarios/corpus_v1/06_social/S1_StrongCommunities_SeparateClusters__TP02_LowLoad.settings
S1_StrongCommunities_SeparateClusters__TP03_ManySmall,S1_StrongCommunities_SeparateClusters,06_social,TP03,main,modificar_movilidad,no,si,si_TP04_06,scenarios/corpus_v1/06_social/S1_StrongCommunities_SeparateClusters__TP03_ManySmall.settings
S1_StrongCommunities_SeparateClusters__TP04_FewLarge,S1_StrongCommunities_SeparateClusters,06_social,TP04,stress,modificar_movilidad,no,si,si_TP04_06,scenarios/corpus_v1/06_social/S1_StrongCommunities_SeparateClusters__TP04_FewLarge.settings
S1_StrongCommunities_SeparateClusters__TP05_CriticalTTL,S1_StrongCommunities_SeparateClusters,06_social,TP05,stress,modificar_movilidad,no,si,si_TP04_06,scenarios/corpus_v1/06_social/S1_StrongCommunities_SeparateClusters__TP05_CriticalTTL.settings
S1_StrongCommunities_SeparateClusters__TP06_OneToMany,S1_StrongCommunities_SeparateClusters,06_social,TP06,stress,modificar_movilidad,no,si,si_TP04_06,scenarios/corpus_v1/06_social/S1_StrongCommunities_SeparateClusters__TP06_OneToMany.settings
S1_StrongCommunities_SeparateClusters__TP07_BurstWindow,S1_StrongCommunities_SeparateClusters,06_social,TP07,main,modificar_movilidad,no,si,si_TP04_06,scenarios/corpus_v1/06_social/S1_StrongCommunities_SeparateClusters__TP07_BurstWindow.settings
S1_StrongCommunities_SeparateClusters__TP08_HubTarget,S1_StrongCommunities_SeparateClusters,06_social,TP08,main,modificar_movilidad,no,si,si_TP04_06,scenarios/corpus_v1/06_social/S1_StrongCommunities_SeparateClusters__TP08_HubTarget.settings
S1_StrongCommunities_SeparateClusters__TP09_Bimodal,S1_StrongCommunities_SeparateClusters,06_social,TP09,stress,modificar_movilidad,no,si,si_TP04_06,scenarios/corpus_v1/06_social/S1_StrongCommunities_SeparateClusters__TP09_Bimodal.settings
S1_StrongCommunities_SeparateClusters__TP10_Storm,S1_StrongCommunities_SeparateClusters,06_social,TP10,stress,modificar_movilidad,no,si,si_TP04_06,scenarios/corpus_v1/06_social/S1_StrongCommunities_SeparateClusters__TP10_Storm.settings
S1_StrongCommunities_SeparateClusters__TP11_ManyToOne,S1_StrongCommunities_SeparateClusters,06_social,TP11,stress,modificar_movilidad,no,si,si_TP04_06,scenarios/corpus_v1/06_social/S1_StrongCommunities_SeparateClusters__TP11_ManyToOne.settings
S1_StrongCommunities_SeparateClusters__TP12_GroupToGroup,S1_StrongCommunities_SeparateClusters,06_social,TP12,control,modificar_movilidad,no,si,si_TP04_06,scenarios/corpus_v1/06_social/S1_StrongCommunities_SeparateClusters__TP12_GroupToGroup.settings
S2_WeakCommunities_HighMixing__TP01_Baseline,S2_WeakCommunities_HighMixing,06_social,TP01,main,mantener,no,no,no,scenarios/corpus_v1/06_social/S2_WeakCommunities_HighMixing__TP01_Baseline.settings
S2_WeakCommunities_HighMixing__TP02_LowLoad,S2_WeakCommunities_HighMixing,06_social,TP02,main,mantener,no,no,no,scenarios/corpus_v1/06_social/S2_WeakCommunities_HighMixing__TP02_LowLoad.settings
S2_WeakCommunities_HighMixing__TP03_ManySmall,S2_WeakCommunities_HighMixing,06_social,TP03,main,mantener,no,no,no,scenarios/corpus_v1/06_social/S2_WeakCommunities_HighMixing__TP03_ManySmall.settings
S2_WeakCommunities_HighMixing__TP04_FewLarge,S2_WeakCommunities_HighMixing,06_social,TP04,stress,mantener,no,no,no,scenarios/corpus_v1/06_social/S2_WeakCommunities_HighMixing__TP04_FewLarge.settings
S2_WeakCommunities_HighMixing__TP05_CriticalTTL,S2_WeakCommunities_HighMixing,06_social,TP05,stress,mantener,no,no,no,scenarios/corpus_v1/06_social/S2_WeakCommunities_HighMixing__TP05_CriticalTTL.settings
S2_WeakCommunities_HighMixing__TP06_OneToMany,S2_WeakCommunities_HighMixing,06_social,TP06,stress,mantener,no,no,no,scenarios/corpus_v1/06_social/S2_WeakCommunities_HighMixing__TP06_OneToMany.settings
S2_WeakCommunities_HighMixing__TP07_BurstWindow,S2_WeakCommunities_HighMixing,06_social,TP07,main,mantener,no,no,no,scenarios/corpus_v1/06_social/S2_WeakCommunities_HighMixing__TP07_BurstWindow.settings
S2_WeakCommunities_HighMixing__TP08_HubTarget,S2_WeakCommunities_HighMixing,06_social,TP08,main,mantener,no,no,no,scenarios/corpus_v1/06_social/S2_WeakCommunities_HighMixing__TP08_HubTarget.settings
S2_WeakCommunities_HighMixing__TP09_Bimodal,S2_WeakCommunities_HighMixing,06_social,TP09,stress,mantener,no,no,no,scenarios/corpus_v1/06_social/S2_WeakCommunities_HighMixing__TP09_Bimodal.settings
S2_WeakCommunities_HighMixing__TP10_Storm,S2_WeakCommunities_HighMixing,06_social,TP10,stress,mantener,no,no,no,scenarios/corpus_v1/06_social/S2_WeakCommunities_HighMixing__TP10_Storm.settings
S2_WeakCommunities_HighMixing__TP11_ManyToOne,S2_WeakCommunities_HighMixing,06_social,TP11,stress,mantener,no,no,no,scenarios/corpus_v1/06_social/S2_WeakCommunities_HighMixing__TP11_ManyToOne.settings
S2_WeakCommunities_HighMixing__TP12_GroupToGroup,S2_WeakCommunities_HighMixing,06_social,TP12,control,mantener,no,no,no,scenarios/corpus_v1/06_social/S2_WeakCommunities_HighMixing__TP12_GroupToGroup.settings
S3_PeriodicMeetings_RegularRhythm__TP01_Baseline,S3_PeriodicMeetings_RegularRhythm,06_social,TP01,main,modificar_tp,no,no,si_TP04_06,scenarios/corpus_v1/06_social/S3_PeriodicMeetings_RegularRhythm__TP01_Baseline.settings
S3_PeriodicMeetings_RegularRhythm__TP02_LowLoad,S3_PeriodicMeetings_RegularRhythm,06_social,TP02,main,modificar_tp,no,no,si_TP04_06,scenarios/corpus_v1/06_social/S3_PeriodicMeetings_RegularRhythm__TP02_LowLoad.settings
S3_PeriodicMeetings_RegularRhythm__TP03_ManySmall,S3_PeriodicMeetings_RegularRhythm,06_social,TP03,main,modificar_tp,no,no,si_TP04_06,scenarios/corpus_v1/06_social/S3_PeriodicMeetings_RegularRhythm__TP03_ManySmall.settings
S3_PeriodicMeetings_RegularRhythm__TP04_FewLarge,S3_PeriodicMeetings_RegularRhythm,06_social,TP04,stress,modificar_tp,no,no,si_TP04_06,scenarios/corpus_v1/06_social/S3_PeriodicMeetings_RegularRhythm__TP04_FewLarge.settings
S3_PeriodicMeetings_RegularRhythm__TP05_CriticalTTL,S3_PeriodicMeetings_RegularRhythm,06_social,TP05,stress,modificar_tp,no,no,si_TP04_06,scenarios/corpus_v1/06_social/S3_PeriodicMeetings_RegularRhythm__TP05_CriticalTTL.settings
S3_PeriodicMeetings_RegularRhythm__TP06_OneToMany,S3_PeriodicMeetings_RegularRhythm,06_social,TP06,stress,modificar_tp,no,no,si_TP04_06,scenarios/corpus_v1/06_social/S3_PeriodicMeetings_RegularRhythm__TP06_OneToMany.settings
S3_PeriodicMeetings_RegularRhythm__TP07_BurstWindow,S3_PeriodicMeetings_RegularRhythm,06_social,TP07,main,modificar_tp,no,no,si_TP04_06,scenarios/corpus_v1/06_social/S3_PeriodicMeetings_RegularRhythm__TP07_BurstWindow.settings
S3_PeriodicMeetings_RegularRhythm__TP08_HubTarget,S3_PeriodicMeetings_RegularRhythm,06_social,TP08,main,modificar_tp,no,no,si_TP04_06,scenarios/corpus_v1/06_social/S3_PeriodicMeetings_RegularRhythm__TP08_HubTarget.settings
S3_PeriodicMeetings_RegularRhythm__TP09_Bimodal,S3_PeriodicMeetings_RegularRhythm,06_social,TP09,stress,modificar_tp,no,no,si_TP04_06,scenarios/corpus_v1/06_social/S3_PeriodicMeetings_RegularRhythm__TP09_Bimodal.settings
S3_PeriodicMeetings_RegularRhythm__TP10_Storm,S3_PeriodicMeetings_RegularRhythm,06_social,TP10,stress,modificar_tp,no,no,si_TP04_06,scenarios/corpus_v1/06_social/S3_PeriodicMeetings_RegularRhythm__TP10_Storm.settings
S3_PeriodicMeetings_RegularRhythm__TP11_ManyToOne,S3_PeriodicMeetings_RegularRhythm,06_social,TP11,stress,modificar_tp,no,no,si_TP04_06,scenarios/corpus_v1/06_social/S3_PeriodicMeetings_RegularRhythm__TP11_ManyToOne.settings
S3_PeriodicMeetings_RegularRhythm__TP12_GroupToGroup,S3_PeriodicMeetings_RegularRhythm,06_social,TP12,control,modificar_tp,no,no,si_TP04_06,scenarios/corpus_v1/06_social/S3_PeriodicMeetings_RegularRhythm__TP12_GroupToGroup.settings
S4_RandomMixing_NoHotspots__TP01_Baseline,S4_RandomMixing_NoHotspots,06_social,TP01,main,mantener,no,no,no,scenarios/corpus_v1/06_social/S4_RandomMixing_NoHotspots__TP01_Baseline.settings
S4_RandomMixing_NoHotspots__TP02_LowLoad,S4_RandomMixing_NoHotspots,06_social,TP02,main,mantener,no,no,no,scenarios/corpus_v1/06_social/S4_RandomMixing_NoHotspots__TP02_LowLoad.settings
S4_RandomMixing_NoHotspots__TP03_ManySmall,S4_RandomMixing_NoHotspots,06_social,TP03,main,mantener,no,no,no,scenarios/corpus_v1/06_social/S4_RandomMixing_NoHotspots__TP03_ManySmall.settings
S4_RandomMixing_NoHotspots__TP04_FewLarge,S4_RandomMixing_NoHotspots,06_social,TP04,stress,mantener,no,no,no,scenarios/corpus_v1/06_social/S4_RandomMixing_NoHotspots__TP04_FewLarge.settings
S4_RandomMixing_NoHotspots__TP05_CriticalTTL,S4_RandomMixing_NoHotspots,06_social,TP05,stress,mantener,no,no,no,scenarios/corpus_v1/06_social/S4_RandomMixing_NoHotspots__TP05_CriticalTTL.settings
S4_RandomMixing_NoHotspots__TP06_OneToMany,S4_RandomMixing_NoHotspots,06_social,TP06,stress,mantener,no,no,no,scenarios/corpus_v1/06_social/S4_RandomMixing_NoHotspots__TP06_OneToMany.settings
S4_RandomMixing_NoHotspots__TP07_BurstWindow,S4_RandomMixing_NoHotspots,06_social,TP07,main,mantener,no,no,no,scenarios/corpus_v1/06_social/S4_RandomMixing_NoHotspots__TP07_BurstWindow.settings
S4_RandomMixing_NoHotspots__TP08_HubTarget,S4_RandomMixing_NoHotspots,06_social,TP08,main,mantener,no,no,no,scenarios/corpus_v1/06_social/S4_RandomMixing_NoHotspots__TP08_HubTarget.settings
S4_RandomMixing_NoHotspots__TP09_Bimodal,S4_RandomMixing_NoHotspots,06_social,TP09,stress,mantener,no,no,no,scenarios/corpus_v1/06_social/S4_RandomMixing_NoHotspots__TP09_Bimodal.settings
S4_RandomMixing_NoHotspots__TP10_Storm,S4_RandomMixing_NoHotspots,06_social,TP10,stress,mantener,no,no,no,scenarios/corpus_v1/06_social/S4_RandomMixing_NoHotspots__TP10_Storm.settings
S4_RandomMixing_NoHotspots__TP11_ManyToOne,S4_RandomMixing_NoHotspots,06_social,TP11,stress,mantener,no,no,no,scenarios/corpus_v1/06_social/S4_RandomMixing_NoHotspots__TP11_ManyToOne.settings
S4_RandomMixing_NoHotspots__TP12_GroupToGroup,S4_RandomMixing_NoHotspots,06_social,TP12,control,mantener,no,no,no,scenarios/corpus_v1/06_social/S4_RandomMixing_NoHotspots__TP12_GroupToGroup.settings
S5_TwoLayer_StudentsStaff__TP01_Baseline,S5_TwoLayer_StudentsStaff,06_social,TP01,main,mantener,no,no,no,scenarios/corpus_v1/06_social/S5_TwoLayer_StudentsStaff__TP01_Baseline.settings
S5_TwoLayer_StudentsStaff__TP02_LowLoad,S5_TwoLayer_StudentsStaff,06_social,TP02,main,mantener,no,no,no,scenarios/corpus_v1/06_social/S5_TwoLayer_StudentsStaff__TP02_LowLoad.settings
S5_TwoLayer_StudentsStaff__TP03_ManySmall,S5_TwoLayer_StudentsStaff,06_social,TP03,main,mantener,no,no,no,scenarios/corpus_v1/06_social/S5_TwoLayer_StudentsStaff__TP03_ManySmall.settings
S5_TwoLayer_StudentsStaff__TP04_FewLarge,S5_TwoLayer_StudentsStaff,06_social,TP04,stress,mantener,no,no,no,scenarios/corpus_v1/06_social/S5_TwoLayer_StudentsStaff__TP04_FewLarge.settings
S5_TwoLayer_StudentsStaff__TP05_CriticalTTL,S5_TwoLayer_StudentsStaff,06_social,TP05,stress,mantener,no,no,no,scenarios/corpus_v1/06_social/S5_TwoLayer_StudentsStaff__TP05_CriticalTTL.settings
S5_TwoLayer_StudentsStaff__TP06_OneToMany,S5_TwoLayer_StudentsStaff,06_social,TP06,stress,mantener,no,no,no,scenarios/corpus_v1/06_social/S5_TwoLayer_StudentsStaff__TP06_OneToMany.settings
S5_TwoLayer_StudentsStaff__TP07_BurstWindow,S5_TwoLayer_StudentsStaff,06_social,TP07,main,mantener,no,no,no,scenarios/corpus_v1/06_social/S5_TwoLayer_StudentsStaff__TP07_BurstWindow.settings
S5_TwoLayer_StudentsStaff__TP08_HubTarget,S5_TwoLayer_StudentsStaff,06_social,TP08,main,mantener,no,no,no,scenarios/corpus_v1/06_social/S5_TwoLayer_StudentsStaff__TP08_HubTarget.settings
S5_TwoLayer_StudentsStaff__TP09_Bimodal,S5_TwoLayer_StudentsStaff,06_social,TP09,stress,mantener,no,no,no,scenarios/corpus_v1/06_social/S5_TwoLayer_StudentsStaff__TP09_Bimodal.settings
S5_TwoLayer_StudentsStaff__TP10_Storm,S5_TwoLayer_StudentsStaff,06_social,TP10,stress,mantener,no,no,no,scenarios/corpus_v1/06_social/S5_TwoLayer_StudentsStaff__TP10_Storm.settings
S5_TwoLayer_StudentsStaff__TP11_ManyToOne,S5_TwoLayer_StudentsStaff,06_social,TP11,stress,mantener,no,no,no,scenarios/corpus_v1/06_social/S5_TwoLayer_StudentsStaff__TP11_ManyToOne.settings
S5_TwoLayer_StudentsStaff__TP12_GroupToGroup,S5_TwoLayer_StudentsStaff,06_social,TP12,control,mantener,no,no,no,scenarios/corpus_v1/06_social/S5_TwoLayer_StudentsStaff__TP12_GroupToGroup.settings
S6_FamilyGroups_SmallPersistent__TP01_Baseline,S6_FamilyGroups_SmallPersistent,06_social,TP01,main,modificar_tp,no,no,si_TP04_06,scenarios/corpus_v1/06_social/S6_FamilyGroups_SmallPersistent__TP01_Baseline.settings
S6_FamilyGroups_SmallPersistent__TP02_LowLoad,S6_FamilyGroups_SmallPersistent,06_social,TP02,main,modificar_tp,no,no,si_TP04_06,scenarios/corpus_v1/06_social/S6_FamilyGroups_SmallPersistent__TP02_LowLoad.settings
S6_FamilyGroups_SmallPersistent__TP03_ManySmall,S6_FamilyGroups_SmallPersistent,06_social,TP03,main,modificar_tp,no,no,si_TP04_06,scenarios/corpus_v1/06_social/S6_FamilyGroups_SmallPersistent__TP03_ManySmall.settings
S6_FamilyGroups_SmallPersistent__TP04_FewLarge,S6_FamilyGroups_SmallPersistent,06_social,TP04,stress,modificar_tp,no,no,si_TP04_06,scenarios/corpus_v1/06_social/S6_FamilyGroups_SmallPersistent__TP04_FewLarge.settings
S6_FamilyGroups_SmallPersistent__TP05_CriticalTTL,S6_FamilyGroups_SmallPersistent,06_social,TP05,stress,modificar_tp,no,no,si_TP04_06,scenarios/corpus_v1/06_social/S6_FamilyGroups_SmallPersistent__TP05_CriticalTTL.settings
S6_FamilyGroups_SmallPersistent__TP06_OneToMany,S6_FamilyGroups_SmallPersistent,06_social,TP06,stress,modificar_tp,no,no,si_TP04_06,scenarios/corpus_v1/06_social/S6_FamilyGroups_SmallPersistent__TP06_OneToMany.settings
S6_FamilyGroups_SmallPersistent__TP07_BurstWindow,S6_FamilyGroups_SmallPersistent,06_social,TP07,main,modificar_tp,no,no,si_TP04_06,scenarios/corpus_v1/06_social/S6_FamilyGroups_SmallPersistent__TP07_BurstWindow.settings
S6_FamilyGroups_SmallPersistent__TP08_HubTarget,S6_FamilyGroups_SmallPersistent,06_social,TP08,main,modificar_tp,no,no,si_TP04_06,scenarios/corpus_v1/06_social/S6_FamilyGroups_SmallPersistent__TP08_HubTarget.settings
S6_FamilyGroups_SmallPersistent__TP09_Bimodal,S6_FamilyGroups_SmallPersistent,06_social,TP09,stress,modificar_tp,no,no,si_TP04_06,scenarios/corpus_v1/06_social/S6_FamilyGroups_SmallPersistent__TP09_Bimodal.settings
S6_FamilyGroups_SmallPersistent__TP10_Storm,S6_FamilyGroups_SmallPersistent,06_social,TP10,stress,modificar_tp,no,no,si_TP04_06,scenarios/corpus_v1/06_social/S6_FamilyGroups_SmallPersistent__TP10_Storm.settings
S6_FamilyGroups_SmallPersistent__TP11_ManyToOne,S6_FamilyGroups_SmallPersistent,06_social,TP11,stress,modificar_tp,no,no,si_TP04_06,scenarios/corpus_v1/06_social/S6_FamilyGroups_SmallPersistent__TP11_ManyToOne.settings
S6_FamilyGroups_SmallPersistent__TP12_GroupToGroup,S6_FamilyGroups_SmallPersistent,06_social,TP12,control,modificar_tp,no,no,si_TP04_06,scenarios/corpus_v1/06_social/S6_FamilyGroups_SmallPersistent__TP12_GroupToGroup.settings
